crop,landuse,osm_id,area_ha,width_core_pass,site_id,transmission_m,transmission_rank,distribution_m,distribution_rank,road_m,road_rank,transmission_road_rank_shift,transmission_distribution_rank_shift,distribution_road_rank_shift,S06_verify_grid
,meadow,1004170260,61.0,True,OSM-1004170260,1310.9,540,501.3,2138,5.5,221,319,1598,1917,True
,meadow,1004170261,20.4,True,OSM-1004170261,2553.8,846,19.9,1592,9.6,1011,165,746,581,True
,farmland,1011330439,139.8,True,OSM-1011330439,4155.2,1199,0.0,1,0.0,1,1198,1198,0,True
,farmland,1011330440,33.5,True,OSM-1011330440,5289.0,1416,13.7,1320,5.6,232,1184,96,1088,True
,farmland,1026364179,65.9,True,OSM-1026364179,271.7,282,2703.4,2350,0.0,1,281,2068,2349,True
,meadow,1038396674,428.1,True,OSM-1038396674,2.3,178,1.4,725,7.6,494,316,547,231,True
,meadow,1038396675,763.5,True,OSM-1038396675,9.5,187,2.5,914,13.5,1695,1508,727,781,True
,meadow,1038396676,116.2,True,OSM-1038396676,0.0,1,2.7,935,6.0,268,267,934,667,True
,meadow,1038396678,275.0,True,OSM-1038396678,0.6,175,0.0,1,7.6,494,319,174,493,True
,meadow,1038590201,275.2,True,OSM-1038590201,1414.1,564,0.2,568,6.9,379,185,4,189,True
,meadow,1038590202,496.6,True,OSM-1038590202,2086.3,729,0.0,1,5.2,201,528,728,200,True
,meadow,1038590203,496.9,True,OSM-1038590203,2235.5,756,0.0,1,7.4,459,297,755,458,True
,meadow,1038590219,228.6,True,OSM-1038590219,2663.2,872,0.0,1,7.7,517,355,871,516,True
,orchard,1045539444,25.7,True,OSM-1045539444,556.5,349,25.0,1701,18.5,1810,1461,1352,109,True
,farmland,1047289952,21.8,True,OSM-1047289952,4024.3,1177,2951.9,2352,8.9,802,375,1175,1550,True
,farmland,1047292074,50.7,True,OSM-1047292074,5945.8,1555,805.9,2268,2.1,62,1493,713,2206,True
,farmland,1051845712,60.6,True,OSM-1051845712,1530.6,590,1677.8,2332,4.7,170,420,1742,2162,True
,meadow,1052151517,32.7,True,OSM-1052151517,3817.1,1136,0.9,665,7.6,494,642,471,171,True
,meadow,1052235339,28.5,True,OSM-1052235339,146.6,236,21.3,1635,7.6,494,258,1399,1141,True
,meadow,1052235340,25.0,True,OSM-1052235340,0.0,1,0.0,1,6.5,327,326,0,326,True
,meadow,1053495388,303.1,True,OSM-1053495388,948.8,449,0.0,1,7.7,517,68,448,516,True
,meadow,1053495390,162.3,True,OSM-1053495390,2166.8,747,0.0,1,11.5,1488,741,746,1487,True
,meadow,1053495391,65.8,True,OSM-1053495391,3142.9,996,9.6,1259,9.1,863,133,263,396,True
,meadow,1064479324,85.4,True,OSM-1064479324,4232.4,1213,3.9,1056,5.9,261,952,157,795,True
,meadow,1064479330,982.1,True,OSM-1064479330,4686.7,1297,0.0,1,0.0,1,1296,1296,0,True
,meadow,1067188318,120.1,True,OSM-1067188318,0.0,1,347.4,2046,9.0,835,834,2045,1211,True
,meadow,1067188319,62.9,True,OSM-1067188319,0.0,1,0.0,1,9.8,1071,1070,0,1070,True
,meadow,1067188320,29.7,True,OSM-1067188320,989.2,459,925.2,2292,10.4,1241,782,1833,1051,True
,meadow,1067188321,92.3,True,OSM-1067188321,1308.0,537,556.4,2171,11.0,1387,850,1634,784,True
,meadow,1067189446,24.9,True,OSM-1067189446,724.3,396,797.6,2263,9.6,1011,615,1867,1252,True
,meadow,1067189447,65.3,True,OSM-1067189447,0.0,1,0.9,665,8.8,769,768,664,104,True
,meadow,1067655258,58.8,True,OSM-1067655258,618.4,364,0.0,1,7.7,517,153,363,516,True
,meadow,1071036374,27.3,True,OSM-1071036374,3163.7,1002,1.8,792,8.2,634,368,210,158,True
,meadow,1072264199,59.8,True,OSM-1072264199,4406.2,1238,2.5,914,8.1,608,630,324,306,True
,farmland,1073027098,127.0,True,OSM-1073027098,0.0,1,0.0,1,7.0,395,394,0,394,True
,meadow,1073027120,54.3,True,OSM-1073027120,525.6,344,2.3,883,9.8,1071,727,539,188,True
,meadow,1075230601,33.6,True,OSM-1075230601,13495.2,2197,68.6,1791,170.8,1954,243,406,163,True
,meadow,1075230602,55.0,True,OSM-1075230602,12882.1,2172,0.0,1,3.6,109,2063,2171,108,True
,meadow,1075230603,24.5,True,OSM-1075230603,13592.5,2199,48.2,1757,562.7,2183,16,442,426,True
,meadow,1075230614,76.6,True,OSM-1075230614,11734.3,2112,112.4,1853,6.8,367,1745,259,1486,True
,meadow,1075230616,61.0,True,OSM-1075230616,12625.2,2155,55.6,1769,10.9,1370,785,386,399,True
,meadow,1075231086,55.1,True,OSM-1075231086,12640.7,2157,0.0,1,7.9,553,1604,2156,552,True
,meadow,1078445993,158.0,True,OSM-1078445993,2878.2,932,0.0,1,9.7,1039,107,931,1038,True
,meadow,1083748691,21.6,True,OSM-1083748691,261.8,279,2.2,861,9.7,1039,760,582,178,True
,meadow,1083748696,48.3,True,OSM-1083748696,0.0,1,2.4,903,9.3,926,925,902,23,True
,meadow,1084210490,58.3,True,OSM-1084210490,1547.9,594,16.0,1371,7.4,459,135,777,912,True
,meadow,1084210491,122.0,True,OSM-1084210491,522.7,342,17.1,1421,9.8,1071,729,1079,350,True
,meadow,1084210505,49.6,True,OSM-1084210505,937.4,446,0.5,611,7.0,395,51,165,216,True
,meadow,1084210510,70.4,True,OSM-1084210510,0.0,1,0.0,1,7.5,475,474,0,474,True
,meadow,1085580029,20.8,True,OSM-1085580029,0.0,1,17.5,1454,4.0,129,128,1453,1325,True
,meadow,1085580031,29.4,True,OSM-1085580031,0.0,1,0.9,665,6.0,268,267,664,397,True
,meadow,1085788941,37.4,True,OSM-1085788941,523.0,343,0.0,1,11.3,1447,1104,342,1446,True
,meadow,1085788946,82.7,True,OSM-1085788946,245.2,270,1.0,679,8.8,769,499,409,90,True
,meadow,1085788947,24.3,True,OSM-1085788947,240.1,269,0.0,1,8.1,608,339,268,607,True
,farmland,1093258403,179.4,True,OSM-1093258403,0.0,1,2.4,903,9.8,1071,1070,902,168,True
,meadow,1093959719,104.1,True,OSM-1093959719,3675.1,1116,4.9,1134,11.2,1428,312,18,294,True
,meadow,1093959720,96.0,True,OSM-1093959720,3745.5,1125,0.5,611,8.6,716,409,514,105,True
,meadow,1093959721,39.5,True,OSM-1093959721,3830.3,1140,6.8,1211,11.7,1519,379,71,308,True
,meadow,1093959723,32.4,True,OSM-1093959723,2770.1,900,0.0,1,7.9,553,347,899,552,True
,meadow,1093959724,156.9,True,OSM-1093959724,2588.4,856,0.0,1,10.7,1319,463,855,1318,True
,meadow,1093959731,20.9,True,OSM-1093959731,3961.9,1168,175.2,1917,8.7,747,421,749,1170,True
,meadow,1093959734,44.2,True,OSM-1093959734,2721.5,888,0.0,1,6.9,379,509,887,378,True
,meadow,1093959735,33.2,True,OSM-1093959735,2907.4,945,9.7,1260,5.9,261,684,315,999,True
,meadow,1093992747,193.8,True,OSM-1093992747,287.9,287,0.0,1,8.8,769,482,286,768,True
,meadow,1093992748,125.5,True,OSM-1093992748,1314.0,541,2.8,947,5.5,221,320,406,726,True
,meadow,1093992749,111.3,True,OSM-1093992749,0.0,1,45.7,1751,544.3,2174,2173,1750,423,True
,meadow,1093992750,130.3,True,OSM-1093992750,0.0,1,1.7,781,8.0,584,583,780,197,True
,meadow,1093992751,24.3,True,OSM-1093992751,0.0,1,0.0,1,8.7,747,746,0,746,True
,meadow,1093992752,116.8,True,OSM-1093992752,0.0,1,19.6,1576,14.9,1755,1754,1575,179,True
,meadow,1093992753,29.7,True,OSM-1093992753,233.3,267,694.4,2232,701.9,2263,1996,1965,31,True
,meadow,1093992754,83.3,True,OSM-1093992754,0.0,1,288.0,2008,623.9,2215,2214,2007,207,True
,meadow,1093992755,146.2,True,OSM-1093992755,0.0,1,0.0,1,14.9,1755,1754,0,1754,True
,meadow,1093992756,24.6,True,OSM-1093992756,1116.1,488,0.0,1,10.4,1241,753,487,1240,True
,meadow,1093992757,93.5,True,OSM-1093992757,10.8,191,6.9,1213,8.8,769,578,1022,444,True
,meadow,1093992758,30.4,True,OSM-1093992758,0.0,1,0.0,1,9.3,926,925,0,925,True
,meadow,1093992759,175.5,True,OSM-1093992759,0.0,1,0.0,1,8.8,769,768,0,768,True
,meadow,1094103138,45.2,True,OSM-1094103138,1842.7,672,0.0,1,6.2,288,384,671,287,True
,meadow,1094103139,48.1,True,OSM-1094103139,1116.2,489,5.8,1172,13.1,1662,1173,683,490,True
,meadow,1094103141,235.3,True,OSM-1094103141,440.4,320,0.0,1,7.2,434,114,319,433,True
,meadow,1094103142,26.0,True,OSM-1094103142,794.4,408,3.3,994,11.5,1488,1080,586,494,True
,meadow,1094103144,98.7,True,OSM-1094103144,1933.5,700,15.3,1352,9.5,985,285,652,367,True
,meadow,1094103145,212.5,True,OSM-1094103145,2335.3,780,0.0,1,7.9,553,227,779,552,True
,meadow,1094103146,131.5,True,OSM-1094103146,3871.2,1149,0.7,639,8.9,802,347,510,163,True
,meadow,1094103147,279.1,True,OSM-1094103147,2674.9,877,0.0,1,10.4,1241,364,876,1240,True
,meadow,1094103148,155.5,True,OSM-1094103148,4034.8,1183,1.9,814,9.8,1071,112,369,257,True
,meadow,1094103152,28.0,True,OSM-1094103152,4964.3,1349,395.5,2079,157.9,1946,597,730,133,True
,meadow,1094103153,76.4,True,OSM-1094103153,4364.8,1231,214.1,1953,223.7,1990,759,722,37,True
,meadow,1094103154,68.7,True,OSM-1094103154,4762.7,1311,564.4,2178,119.8,1921,610,867,257,True
,meadow,1094103155,21.7,True,OSM-1094103155,5690.8,1505,525.8,2152,12.7,1635,130,647,517,True
,meadow,1094111826,200.0,True,OSM-1094111826,5751.0,1513,17.0,1415,10.0,1124,389,98,291,True
,meadow,1094111832,21.6,True,OSM-1094111832,6009.2,1571,4.4,1092,11.0,1387,184,479,295,True
,meadow,1094111833,200.3,True,OSM-1094111833,5353.7,1432,6.7,1208,11.2,1428,4,224,220,True
,meadow,1094111834,53.9,True,OSM-1094111834,5120.7,1382,3.5,1016,11.8,1537,155,366,521,True
,meadow,1094111835,114.7,True,OSM-1094111835,4008.1,1174,1.7,781,10.2,1180,6,393,399,True
,meadow,1094111836,36.6,True,OSM-1094111836,3936.6,1163,8.7,1243,10.0,1124,39,80,119,True
,meadow,1094111837,44.1,True,OSM-1094111837,3454.6,1077,264.0,1986,602.8,2206,1129,909,220,True
,meadow,1094111838,49.7,True,OSM-1094111838,3170.5,1005,18.6,1527,10.5,1273,268,522,254,True
,meadow,1094111839,348.0,True,OSM-1094111839,1222.7,513,14.7,1339,6.6,339,174,826,1000,True
,meadow,1094112700,556.9,True,OSM-1094112700,1321.6,542,1.4,725,3.5,103,439,183,622,True
,meadow,1094112702,25.5,True,OSM-1094112702,1342.5,549,0.0,1,6.3,305,244,548,304,True
,meadow,1094112704,155.1,True,OSM-1094112704,0.0,1,18.1,1491,9.7,1039,1038,1490,452,True
,meadow,1094113431,51.3,True,OSM-1094113431,0.0,1,1.5,743,8.5,693,692,742,50,True
,meadow,1094113432,74.3,True,OSM-1094113432,268.9,280,0.0,1,10.4,1241,961,279,1240,True
,meadow,1094113433,40.9,True,OSM-1094113433,493.9,337,10.2,1266,410.1,2099,1762,929,833,True
,meadow,1094113434,64.9,True,OSM-1094113434,67.0,215,1.3,712,8.3,663,448,497,49,True
,meadow,1094113435,407.7,True,OSM-1094113435,767.7,403,20.6,1613,10.3,1215,812,1210,398,True
,meadow,1094113436,238.7,True,OSM-1094113436,990.3,460,0.0,1,10.5,1273,813,459,1272,True
,meadow,1094113438,39.1,True,OSM-1094113438,961.3,450,0.4,595,9.7,1039,589,145,444,True
,meadow,1094115794,51.7,True,OSM-1094115794,3292.2,1031,0.0,1,6.3,305,726,1030,304,True
,meadow,1094115795,412.8,True,OSM-1094115795,3207.9,1010,0.0,1,8.5,693,317,1009,692,True
,meadow,1094115797,196.4,True,OSM-1094115797,1627.4,614,0.0,1,6.5,327,287,613,326,True
,meadow,1094115798,303.5,True,OSM-1094115798,445.1,322,0.0,1,5.6,232,90,321,231,True
,meadow,1094115799,40.2,True,OSM-1094115799,230.8,265,0.0,1,7.3,443,178,264,442,True
,meadow,1094118933,33.5,True,OSM-1094118933,1420.9,568,0.0,1,6.4,315,253,567,314,True
,meadow,1094118935,130.1,True,OSM-1094118935,420.9,316,206.4,1944,8.6,716,400,1628,1228,True
,meadow,1094118937,91.1,True,OSM-1094118937,2368.1,790,17.2,1434,9.5,985,195,644,449,True
,meadow,1094118938,196.7,True,OSM-1094118938,3358.2,1045,1.4,725,11.9,1542,497,320,817,True
,meadow,1094131997,95.3,True,OSM-1094131997,3589.2,1096,18.1,1491,9.9,1099,3,395,392,True
,meadow,1094131998,133.4,True,OSM-1094131998,4289.1,1221,1.1,689,7.4,459,762,532,230,True
,meadow,1094131999,122.6,True,OSM-1094131999,4909.0,1342,0.9,665,9.7,1039,303,677,374,True
,meadow,1094132000,69.5,True,OSM-1094132000,5766.4,1517,0.0,1,4.6,164,1353,1516,163,True
,meadow,1094132001,37.8,True,OSM-1094132001,5546.5,1476,17.7,1467,8.0,584,892,9,883,True
,meadow,1094132002,244.3,True,OSM-1094132002,4905.0,1341,0.0,1,8.9,802,539,1340,801,True
,meadow,1094132006,64.7,True,OSM-1094132006,6408.8,1638,0.0,1,8.8,769,869,1637,768,True
,meadow,1094147394,50.8,True,OSM-1094147394,6155.1,1594,0.0,1,10.5,1273,321,1593,1272,True
,farmland,1094147395,132.1,True,OSM-1094147395,5876.1,1544,1.6,765,8.9,802,742,779,37,True
,meadow,1094147396,125.6,True,OSM-1094147396,5896.8,1548,0.0,1,9.3,926,622,1547,925,True
,meadow,1094147397,49.4,True,OSM-1094147397,5548.2,1477,750.5,2251,3.8,119,1358,774,2132,True
,meadow,1094147400,56.8,True,OSM-1094147400,4143.1,1197,18.6,1527,8.6,716,481,330,811,True
,meadow,1094224825,28.8,True,OSM-1094224825,9501.4,1965,833.5,2273,9.9,1099,866,308,1174,True
,meadow,1094224826,20.4,True,OSM-1094224826,9383.3,1957,574.5,2182,7.5,475,1482,225,1707,True
,meadow,1094224829,37.2,True,OSM-1094224829,9610.3,1972,17.6,1462,15.1,1765,207,510,303,True
,meadow,1094224831,41.4,True,OSM-1094224831,8865.5,1914,743.6,2249,4.5,155,1759,335,2094,True
,meadow,1094224840,28.8,True,OSM-1094224840,8201.9,1839,740.6,2247,4.5,155,1684,408,2092,True
,meadow,1094224841,103.6,True,OSM-1094224841,9141.2,1941,90.7,1820,6.0,268,1673,121,1552,True
,meadow,1094224849,41.2,True,OSM-1094224849,10179.1,2003,1090.3,2307,527.1,2164,161,304,143,True
,meadow,1094224853,60.7,True,OSM-1094224853,10350.0,2014,705.1,2238,1259.8,2332,318,224,94,True
,meadow,1094224854,43.9,True,OSM-1094224854,10277.1,2009,696.2,2234,1273.5,2335,326,225,101,True
,meadow,1094224855,138.8,True,OSM-1094224855,8966.8,1923,5.3,1156,8.5,693,1230,767,463,True
,meadow,1094224856,67.3,True,OSM-1094224856,8919.6,1918,14.8,1340,6.7,355,1563,578,985,True
,meadow,1094224857,94.0,True,OSM-1094224857,9093.4,1934,0.9,665,7.1,411,1523,1269,254,True
,meadow,1094224858,406.2,True,OSM-1094224858,9193.3,1944,14.4,1332,5.4,217,1727,612,1115,True
,meadow,1094224863,69.2,True,OSM-1094224863,11372.5,2086,23.8,1687,5.0,189,1897,399,1498,True
,meadow,1094224864,41.3,True,OSM-1094224864,11651.0,2105,886.7,2283,981.1,2313,208,178,30,True
,meadow,1094224865,130.2,True,OSM-1094224865,10028.0,1993,15.5,1360,4.8,174,1819,633,1186,True
,meadow,1094224866,90.5,True,OSM-1094224866,9834.0,1981,3.7,1031,10.7,1319,662,950,288,True
,meadow,1094224867,32.3,True,OSM-1094224867,11525.1,2095,572.0,2181,956.9,2312,217,86,131,True
,meadow,1094224868,41.5,True,OSM-1094224868,10612.0,2029,22.0,1660,13.7,1708,321,369,48,True
,meadow,1094224869,170.0,True,OSM-1094224869,9147.7,1942,0.0,1,4.2,139,1803,1941,138,True
,meadow,1094224870,20.9,True,OSM-1094224870,9719.3,1977,0.0,1,4.2,139,1838,1976,138,True
,meadow,1094224871,564.2,True,OSM-1094224871,7992.1,1816,0.0,1,7.0,395,1421,1815,394,True
,meadow,1094224872,35.8,True,OSM-1094224872,10693.8,2039,0.0,1,7.9,553,1486,2038,552,True
,meadow,1094224873,32.1,True,OSM-1094224873,11641.5,2103,404.2,2087,996.2,2315,212,16,228,True
,meadow,1094224874,61.5,True,OSM-1094224874,11455.2,2091,101.9,1837,721.4,2267,176,254,430,True
,meadow,1094224875,43.3,True,OSM-1094224875,10744.5,2043,12.6,1307,8.8,769,1274,736,538,True
,meadow,1094244671,37.1,True,OSM-1094244671,3159.8,1001,3.3,994,10.9,1370,369,7,376,True
,meadow,1094244672,166.1,True,OSM-1094244672,2656.0,871,0.0,1,5.5,221,650,870,220,True
,meadow,1094244673,47.9,True,OSM-1094244673,4682.0,1295,0.0,1,8.3,663,632,1294,662,True
,meadow,1094244674,80.9,True,OSM-1094244674,4799.0,1318,1.5,743,9.3,926,392,575,183,True
,meadow,1094244676,41.2,True,OSM-1094244676,4692.7,1301,2.9,961,11.5,1488,187,340,527,True
,meadow,1094244678,39.3,True,OSM-1094244678,4001.2,1172,14.4,1332,6.9,379,793,160,953,True
,meadow,1094244679,24.8,True,OSM-1094244679,3608.4,1101,13.8,1323,6.2,288,813,222,1035,True
,meadow,1094248096,27.2,True,OSM-1094248096,2335.0,779,3.2,986,9.0,835,56,207,151,True
,meadow,1094248097,35.1,True,OSM-1094248097,2411.3,800,44.4,1748,281.3,2030,1230,948,282,True
,meadow,1094248098,83.6,True,OSM-1094248098,2822.1,918,19.9,1592,11.1,1407,489,674,185,True
,meadow,1094248099,57.9,True,OSM-1094248099,2747.5,895,18.9,1546,9.6,1011,116,651,535,True
,meadow,1094248101,236.1,True,OSM-1094248101,1955.2,707,17.4,1447,8.9,802,95,740,645,True
,meadow,1094248103,25.4,True,OSM-1094248103,4312.6,1222,0.9,665,7.2,434,788,557,231,True
,meadow,1094248104,24.1,True,OSM-1094248104,4210.2,1208,0.0,1,8.2,634,574,1207,633,True
,meadow,1094248105,24.1,True,OSM-1094248105,4701.7,1304,25.7,1703,15.7,1783,479,399,80,True
,meadow,1094248108,37.8,True,OSM-1094248108,4328.2,1227,120.6,1866,129.1,1926,699,639,60,True
,meadow,1094248113,45.3,True,OSM-1094248113,5196.3,1398,3.7,1031,13.4,1687,289,367,656,True
,meadow,1094248114,23.1,True,OSM-1094248114,5215.9,1403,128.8,1878,140.2,1936,533,475,58,True
,meadow,1094248116,45.0,True,OSM-1094248116,5229.5,1407,192.4,1933,203.3,1975,568,526,42,True
,meadow,1094248117,23.4,True,OSM-1094248117,5256.0,1413,318.6,2026,328.6,2054,641,613,28,True
,meadow,1094248118,21.8,True,OSM-1094248118,4864.2,1331,1.2,706,12.7,1635,304,625,929,True
,meadow,1094248120,99.9,True,OSM-1094248120,4872.8,1334,63.7,1783,23.9,1850,516,449,67,True
,meadow,1094248121,33.5,True,OSM-1094248121,5340.4,1426,3.6,1024,15.1,1765,339,402,741,True
,meadow,1094248122,29.1,True,OSM-1094248122,5893.3,1546,18.7,1534,9.5,985,561,12,549,True
,meadow,1094248123,29.8,True,OSM-1094248123,6305.7,1620,653.4,2218,644.7,2233,613,598,15,True
,meadow,1094248124,31.4,True,OSM-1094248124,6786.0,1689,633.4,2208,624.3,2217,528,519,9,True
,meadow,1094248125,29.3,True,OSM-1094248125,7299.0,1741,260.5,1984,269.6,2021,280,243,37,True
,meadow,1094248127,325.6,True,OSM-1094248127,5876.6,1545,0.0,1,7.9,553,992,1544,552,True
,meadow,1094248129,23.4,True,OSM-1094248129,5851.6,1534,0.5,611,9.2,886,648,923,275,True
,meadow,1094248130,24.8,True,OSM-1094248130,5868.5,1542,448.7,2109,597.0,2203,661,567,94,True
,meadow,1094249441,46.3,True,OSM-1094249441,8438.6,1871,521.2,2149,534.3,2167,296,278,18,True
,meadow,1094249442,25.0,True,OSM-1094249442,9412.8,1958,11.8,1299,657.5,2243,285,659,944,True
,meadow,1094249445,48.2,True,OSM-1094249445,8762.3,1908,375.5,2061,7.3,443,1465,153,1618,True
,meadow,1094249446,34.2,True,OSM-1094249446,8185.4,1835,415.7,2093,8.6,716,1119,258,1377,True
,meadow,1094249447,34.3,True,OSM-1094249447,7794.8,1793,17.1,1421,8.1,608,1185,372,813,True
,meadow,1094249449,39.9,True,OSM-1094249449,8505.2,1880,359.3,2051,7.4,459,1421,171,1592,True
,meadow,1094249453,125.8,True,OSM-1094249453,7655.3,1781,17.9,1475,8.6,716,1065,306,759,True
,meadow,1094249454,35.1,True,OSM-1094249454,8427.4,1868,888.5,2284,929.7,2309,441,416,25,True
,meadow,1094249455,41.4,True,OSM-1094249455,7471.6,1763,9.0,1248,8.6,716,1047,515,532,True
,meadow,1094249456,45.0,True,OSM-1094249456,7544.9,1770,3.8,1042,9.2,886,884,728,156,True
,meadow,1094264330,23.2,True,OSM-1094264330,10927.2,2054,101.5,1836,456.0,2125,71,218,289,True
,meadow,1094264331,54.5,True,OSM-1094264331,10425.6,2019,0.0,1,8.0,584,1435,2018,583,True
,meadow,1094264334,26.0,True,OSM-1094264334,9461.1,1963,1.9,814,10.5,1273,690,1149,459,True
,meadow,1094264335,20.2,True,OSM-1094264335,8968.8,1925,735.7,2244,744.4,2274,349,319,30,True
,meadow,1094264339,88.5,True,OSM-1094264339,8785.1,1911,2.2,861,12.2,1580,331,1050,719,True
,meadow,1094264340,44.6,True,OSM-1094264340,8287.5,1852,1.5,743,12.7,1635,217,1109,892,True
,meadow,1094264343,26.4,True,OSM-1094264343,7807.0,1796,112.5,1854,124.1,1922,126,58,68,True
,meadow,1094264345,35.2,True,OSM-1094264345,7306.9,1743,98.9,1832,9.7,1039,704,89,793,True
,meadow,1094264347,103.3,True,OSM-1094264347,6489.9,1652,17.9,1475,7.5,475,1177,177,1000,True
,meadow,1094264348,63.2,True,OSM-1094264348,5690.6,1504,15.0,1344,7.7,517,987,160,827,True
,meadow,1094264349,368.7,True,OSM-1094264349,6116.1,1587,0.2,568,9.1,863,724,1019,295,True
,meadow,1094264350,69.9,True,OSM-1094264350,5217.3,1404,0.0,1,8.7,747,657,1403,746,True
,meadow,1094264351,291.1,True,OSM-1094264351,5075.7,1373,17.2,1434,9.7,1039,334,61,395,True
,meadow,1094264352,39.7,True,OSM-1094264352,4660.6,1289,61.8,1778,523.5,2158,869,489,380,True
,meadow,1094264353,52.4,True,OSM-1094264353,3455.9,1079,37.1,1731,97.7,1908,829,652,177,True
,meadow,1094264358,21.5,True,OSM-1094264358,3776.6,1128,1.2,706,8.7,747,381,422,41,True
,meadow,1094264360,21.1,True,OSM-1094264360,4420.2,1241,0.8,650,9.5,985,256,591,335,True
,meadow,1094264361,20.4,True,OSM-1094264361,4809.8,1322,0.0,1,6.8,367,955,1321,366,True
,meadow,1094264362,40.1,True,OSM-1094264362,5172.0,1394,2.6,926,10.1,1149,245,468,223,True
,meadow,1094264364,27.8,True,OSM-1094264364,4664.9,1290,19.6,1576,11.1,1407,117,286,169,True
,meadow,1094264365,94.0,True,OSM-1094264365,3350.2,1043,0.0,1,8.9,802,241,1042,801,True
,meadow,1094264366,119.2,True,OSM-1094264366,3831.0,1141,0.0,1,12.7,1635,494,1140,1634,True
,meadow,1094264367,59.6,True,OSM-1094264367,4883.4,1337,0.0,1,16.9,1799,462,1336,1798,True
,meadow,1094264368,46.2,True,OSM-1094264368,5204.6,1401,6.4,1199,13.2,1669,268,202,470,True
,meadow,1094264369,90.6,True,OSM-1094264369,4570.3,1276,2.5,914,6.6,339,937,362,575,True
,meadow,1094264370,36.8,True,OSM-1094264370,5137.9,1384,0.0,1,6.7,355,1029,1383,354,True
,meadow,1094264371,40.4,True,OSM-1094264371,4927.0,1343,2.5,914,7.1,411,932,429,503,True
,meadow,1094264372,232.4,True,OSM-1094264372,7387.8,1750,0.0,1,6.9,379,1371,1749,378,True
,meadow,1094264373,203.3,True,OSM-1094264373,6032.2,1577,0.0,1,7.1,411,1166,1576,410,True
,meadow,1094264956,143.3,True,OSM-1094264956,4778.3,1314,0.0,1,7.9,553,761,1313,552,True
,meadow,1094264958,34.7,True,OSM-1094264958,4800.8,1319,197.3,1936,205.3,1979,660,617,43,True
,meadow,1094264959,148.2,True,OSM-1094264959,3861.4,1146,2.1,843,10.1,1149,3,303,306,True
,meadow,1094264960,233.8,True,OSM-1094264960,3167.3,1003,0.0,1,7.4,459,544,1002,458,True
,meadow,1094264961,77.8,True,OSM-1094264961,3158.0,999,0.0,1,7.3,443,556,998,442,True
,meadow,1094284021,385.5,True,OSM-1094284021,7489.1,1766,0.0,1,7.5,475,1291,1765,474,True
,meadow,1094284406,266.8,True,OSM-1094284406,5810.9,1525,4.6,1101,9.1,863,662,424,238,True
,meadow,1094292036,22.7,True,OSM-1094292036,6184.6,1600,397.6,2080,11.0,1387,213,480,693,True
,meadow,1094292041,52.5,True,OSM-1094292041,4476.5,1252,0.0,1,9.1,863,389,1251,862,True
,meadow,1094292045,29.5,True,OSM-1094292045,5234.6,1410,1.9,814,10.0,1124,286,596,310,True
,meadow,1094292049,24.3,True,OSM-1094292049,6157.0,1595,173.1,1914,181.1,1963,368,319,49,True
,meadow,1094292051,104.6,True,OSM-1094292051,5304.4,1419,5.0,1143,7.1,411,1008,276,732,True
,meadow,1094292052,200.8,True,OSM-1094292052,5485.1,1460,1.8,792,6.6,339,1121,668,453,True
,meadow,1094292055,26.6,True,OSM-1094292055,5147.8,1387,477.1,2122,769.3,2280,893,735,158,True
,meadow,1094292056,22.8,True,OSM-1094292056,5760.7,1515,1.5,743,565.8,2184,669,772,1441,True
,meadow,1094292057,27.9,True,OSM-1094292057,5065.4,1370,94.2,1823,1044.4,2321,951,453,498,True
,meadow,1094292058,34.1,True,OSM-1094292058,4787.9,1315,0.0,1,539.1,2170,855,1314,2169,True
,meadow,1094292065,113.6,True,OSM-1094292065,3424.2,1064,21.7,1649,13.6,1702,638,585,53,True
,meadow,1094292071,43.8,True,OSM-1094292071,2555.8,847,0.0,1,8.8,769,78,846,768,True
,meadow,1094329495,32.4,True,OSM-1094329495,7716.3,1786,19.6,1576,10.5,1273,513,210,303,True
,meadow,1094329726,29.8,True,OSM-1094329726,7895.6,1804,19.9,1592,10.9,1370,434,212,222,True
,meadow,1094333651,34.9,True,OSM-1094333651,9454.1,1961,0.0,1,10.2,1180,781,1960,1179,True
,meadow,1094333659,134.9,True,OSM-1094333659,10283.6,2010,0.0,1,9.6,1011,999,2009,1010,True
,meadow,1094333660,104.7,True,OSM-1094333660,9863.5,1985,1.4,725,8.9,802,1183,1260,77,True
,meadow,1094333661,87.5,True,OSM-1094333661,10681.6,2036,3.3,994,8.4,680,1356,1042,314,True
,meadow,1094333662,85.0,True,OSM-1094333662,11371.4,2085,0.6,632,9.1,863,1222,1453,231,True
,meadow,1094333663,182.5,True,OSM-1094333663,11232.8,2075,2.3,883,10.2,1180,895,1192,297,True
,meadow,1094333664,253.7,True,OSM-1094333664,10532.7,2026,0.0,1,12.5,1613,413,2025,1612,True
,meadow,1094333665,107.5,True,OSM-1094333665,11871.7,2114,0.0,1,8.1,608,1506,2113,607,True
,meadow,1094333666,180.9,True,OSM-1094333666,12242.3,2140,1.7,781,5.7,238,1902,1359,543,True
,meadow,1094333668,25.6,True,OSM-1094333668,13249.5,2188,0.0,1,9.7,1039,1149,2187,1038,True
,meadow,1094333669,171.3,True,OSM-1094333669,12824.9,2168,0.0,1,7.8,538,1630,2167,537,True
,meadow,1094333670,277.8,True,OSM-1094333670,12243.3,2141,1.1,689,6.3,305,1836,1452,384,True
,meadow,1094333671,32.6,True,OSM-1094333671,12652.6,2158,42.4,1742,49.8,1883,275,416,141,True
,meadow,1094333674,121.2,True,OSM-1094333674,11509.2,2094,15.2,1348,4.2,139,1955,746,1209,True
,meadow,1094440465,45.5,True,OSM-1094440465,9913.9,1988,916.5,2288,14.5,1747,241,300,541,True
,meadow,1094442046,178.7,True,OSM-1094442046,7834.2,1799,0.0,1,9.3,926,873,1798,925,True
,meadow,1094442047,85.2,True,OSM-1094442047,7479.1,1764,0.7,639,7.7,517,1247,1125,122,True
,meadow,1094442048,257.8,True,OSM-1094442048,5622.5,1494,0.0,1,7.3,443,1051,1493,442,True
,meadow,1094442049,77.6,True,OSM-1094442049,5585.0,1487,13.6,1319,6.4,315,1172,168,1004,True
,meadow,1094442051,36.3,True,OSM-1094442051,6191.6,1601,12.1,1303,9.4,962,639,298,341,True
,meadow,1094442052,143.3,True,OSM-1094442052,7135.2,1724,0.0,1,4.9,184,1540,1723,183,True
,meadow,1094443262,176.5,True,OSM-1094443262,6074.3,1583,0.1,558,7.3,443,1140,1025,115,True
,meadow,1094443263,144.2,True,OSM-1094443263,6481.0,1650,155.2,1901,164.5,1949,299,251,48,True
,meadow,1094444574,101.8,True,OSM-1094444574,6471.0,1649,0.8,650,10.0,1124,525,999,474,True
,meadow,1094444576,44.4,True,OSM-1094444576,7515.9,1767,0.0,1,8.8,769,998,1766,768,True
,meadow,1094444577,71.4,True,OSM-1094444577,6855.3,1696,0.5,611,9.7,1039,657,1085,428,True
,meadow,1094444578,47.1,True,OSM-1094444578,6381.0,1633,1.8,792,10.1,1149,484,841,357,True
,meadow,1094444579,124.1,True,OSM-1094444579,6124.2,1590,63.5,1781,613.4,2212,622,191,431,True
,meadow,1094444581,20.6,True,OSM-1094444581,7541.5,1769,303.1,2018,518.1,2154,385,249,136,True
,meadow,1094444582,21.9,True,OSM-1094444582,7852.3,1801,586.7,2189,577.6,2195,394,388,6,True
,farmland,1094444584,32.3,True,OSM-1094444584,7209.3,1732,741.7,2248,894.1,2304,572,516,56,True
,meadow,1094444585,32.2,True,OSM-1094444585,7556.1,1771,907.3,2285,854.9,2295,524,514,10,True
,meadow,1094444588,37.3,True,OSM-1094444588,6268.6,1612,20.9,1621,11.2,1428,184,9,193,True
,meadow,1094444593,31.2,True,OSM-1094444593,5331.7,1425,7.0,1216,146.7,1940,515,209,724,True
,meadow,1094444594,33.2,True,OSM-1094444594,5474.1,1456,291.3,2010,281.0,2029,573,554,19,True
,meadow,1094444597,25.7,True,OSM-1094444597,6026.2,1575,530.1,2156,539.0,2169,594,581,13,True
,meadow,1094444598,24.6,True,OSM-1094444598,5920.4,1551,3.6,1024,12.5,1613,62,527,589,True
,meadow,1094445575,31.8,True,OSM-1094445575,6787.2,1690,634.5,2211,624.1,2216,526,521,5,True
,meadow,1094445576,31.8,True,OSM-1094445576,7128.9,1721,632.0,2207,622.2,2214,493,486,7,True
,meadow,1094445577,56.4,True,OSM-1094445577,7084.7,1718,0.0,1,7.5,475,1243,1717,474,True
,meadow,1094445578,57.8,True,OSM-1094445578,7249.5,1737,18.5,1522,9.1,863,874,215,659,True
,meadow,1094445579,65.4,True,OSM-1094445579,7898.8,1805,199.7,1938,211.8,1982,177,133,44,True
,meadow,1094445580,56.3,True,OSM-1094445580,8220.7,1844,159.0,1906,9.5,985,859,62,921,True
,meadow,1094445581,21.3,True,OSM-1094445581,8122.3,1828,272.0,1993,263.2,2014,186,165,21,True
,meadow,1094445582,69.2,True,OSM-1094445582,8484.7,1877,0.0,1,9.5,985,892,1876,984,True
,meadow,1094445586,99.2,True,OSM-1094445586,7646.7,1780,18.2,1501,6.9,379,1401,279,1122,True
,meadow,1094445587,54.7,True,OSM-1094445587,7931.4,1809,15.2,1348,8.8,769,1040,461,579,True
,meadow,1094445588,35.0,True,OSM-1094445588,9290.0,1951,0.0,1,9.6,1011,940,1950,1010,True
,meadow,1094445589,29.8,True,OSM-1094445589,9834.0,1981,3.7,1031,9.0,835,1146,950,196,True
,meadow,1094445590,33.7,True,OSM-1094445590,6517.3,1657,7.7,1228,15.9,1789,132,429,561,True
,meadow,1094445591,50.8,True,OSM-1094445591,5204.3,1400,144.7,1896,13.4,1687,287,496,209,True
,meadow,1094465326,78.2,True,OSM-1094465326,1562.2,598,15.3,1352,6.8,367,231,754,985,True
,meadow,1094465327,73.5,True,OSM-1094465327,2416.0,801,0.0,1,8.2,634,167,800,633,True
,meadow,1094465328,39.5,True,OSM-1094465328,3227.2,1016,2.8,947,7.0,395,621,69,552,True
,meadow,1094465332,59.3,True,OSM-1094465332,2293.0,772,444.0,2105,7.9,553,219,1333,1552,True
,meadow,1094465333,37.7,True,OSM-1094465333,2709.8,884,524.2,2151,7.9,553,331,1267,1598,True
,meadow,1094465334,32.1,True,OSM-1094465334,3213.4,1014,23.2,1685,4.5,155,859,671,1530,True
,meadow,1094465343,24.3,True,OSM-1094465343,3223.9,1015,10.0,1265,19.1,1819,804,250,554,True
,meadow,1094465345,20.7,True,OSM-1094465345,3439.8,1068,445.5,2106,19.1,1819,751,1038,287,True
,meadow,1094465349,26.4,True,OSM-1094465349,2878.6,934,907.5,2286,642.1,2229,1295,1352,57,True
,meadow,1094465350,151.3,True,OSM-1094465350,1740.2,646,2.1,843,10.8,1345,699,197,502,True
,meadow,1094465351,31.6,True,OSM-1094465351,1635.1,620,15.0,1344,8.2,634,14,724,710,True
,meadow,1094465352,35.7,True,OSM-1094465352,1581.7,602,17.1,1421,10.3,1215,613,819,206,True
,meadow,1094465353,34.3,True,OSM-1094465353,1556.0,597,15.7,1364,6.6,339,258,767,1025,True
,meadow,1094465356,91.9,True,OSM-1094465356,472.5,330,1.7,781,7.8,538,208,451,243,True
,meadow,1094465358,25.6,True,OSM-1094465358,472.6,331,17.1,1421,541.9,2172,1841,1090,751,True
,meadow,1094465359,55.5,True,OSM-1094465359,10.7,189,139.2,1890,194.0,1970,1781,1701,80,True
,meadow,1094465360,43.2,True,OSM-1094465360,723.3,394,0.0,1,18.6,1812,1418,393,1811,True
,meadow,1094465364,396.6,True,OSM-1094465364,12.0,192,0.0,1,11.1,1407,1215,191,1406,True
,meadow,1094465365,91.6,True,OSM-1094465365,0.0,1,2.1,843,9.1,863,862,842,20,True
,meadow,1094465367,25.1,True,OSM-1094465367,1780.2,660,4.0,1061,11.2,1428,768,401,367,True
,meadow,1094471377,26.5,True,OSM-1094471377,142.8,234,1.1,689,8.9,802,568,455,113,True
,meadow,1094490906,58.4,True,OSM-1094490906,1568.1,600,0.0,1,7.8,538,62,599,537,True
,meadow,1094490914,26.1,True,OSM-1094490914,2073.7,727,451.8,2111,11.4,1469,742,1384,642,True
,meadow,1094490915,27.7,True,OSM-1094490915,1689.6,633,186.2,1925,194.6,1971,1338,1292,46,True
,meadow,1094490916,57.5,True,OSM-1094490916,946.4,448,646.9,2215,387.0,2088,1640,1767,127,True
,meadow,1094490917,47.0,True,OSM-1094490917,1329.7,545,518.7,2148,11.5,1488,943,1603,660,True
,meadow,1094490918,81.6,True,OSM-1094490918,704.9,388,5.0,1143,13.2,1669,1281,755,526,True
,meadow,1094490919,26.9,True,OSM-1094490919,468.0,328,920.3,2289,890.0,2303,1975,1961,14,True
,meadow,1094490920,72.9,True,OSM-1094490920,251.6,274,18.4,1516,13.7,1708,1434,1242,192,True
,meadow,1094490921,26.7,True,OSM-1094490921,1291.2,531,9.2,1253,8.8,769,238,722,484,True
,meadow,1094490922,46.3,True,OSM-1094490922,661.3,378,0.0,1,7.3,443,65,377,442,True
,meadow,1094490924,144.6,True,OSM-1094490924,1691.6,634,1.1,689,9.6,1011,377,55,322,True
,meadow,1094490926,23.5,True,OSM-1094490926,2434.2,804,71.9,1796,7.0,395,409,992,1401,True
,meadow,1094490927,42.5,True,OSM-1094490927,2743.9,893,19.2,1560,4.9,184,709,667,1376,True
,meadow,1094490930,52.2,True,OSM-1094490930,2296.6,773,321.6,2031,312.8,2048,1275,1258,17,True
,meadow,1094490931,26.4,True,OSM-1094490931,1714.8,638,60.7,1776,525.5,2161,1523,1138,385,True
,meadow,1094490932,108.9,True,OSM-1094490932,339.5,300,5.8,1172,10.3,1215,915,872,43,True
,meadow,1094490933,29.0,True,OSM-1094490933,1128.1,491,46.7,1755,498.2,2148,1657,1264,393,True
,meadow,1094490936,23.1,True,OSM-1094490936,2908.5,946,230.0,1963,221.7,1988,1042,1017,25,True
,meadow,1094490937,89.1,True,OSM-1094490937,2239.7,758,17.9,1475,9.2,886,128,717,589,True
,meadow,1094490938,135.1,True,OSM-1094490938,3390.4,1054,0.0,1,6.1,279,775,1053,278,True
,meadow,1094490939,212.1,True,OSM-1094490939,3642.0,1108,2.8,947,26.0,1856,748,161,909,True
,meadow,1094492279,46.3,True,OSM-1094492279,735.3,398,10.7,1279,9.2,886,488,881,393,True
,meadow,1094492280,25.2,True,OSM-1094492280,477.2,334,17.5,1454,9.8,1071,737,1120,383,True
,meadow,1094494322,29.7,True,OSM-1094494322,0.0,1,1.3,712,4.2,139,138,711,573,True
,meadow,1094494323,260.1,True,OSM-1094494323,456.0,324,0.2,568,9.3,926,602,244,358,True
,meadow,1094494326,47.9,True,OSM-1094494326,0.0,1,3.1,980,6.3,305,304,979,675,True
,meadow,1094494327,61.9,True,OSM-1094494327,0.0,1,0.3,585,8.7,747,746,584,162,True
,meadow,1094494328,101.7,True,OSM-1094494328,0.0,1,3.7,1031,7.7,517,516,1030,514,True
,meadow,1094494329,58.0,True,OSM-1094494329,0.0,1,266.3,1989,727.9,2269,2268,1988,280,True
,meadow,1094494330,53.5,True,OSM-1094494330,0.0,1,754.4,2252,864.4,2296,2295,2251,44,True
,meadow,1094494331,41.5,True,OSM-1094494331,246.7,271,653.8,2219,646.2,2234,1963,1948,15,True
,meadow,1094494332,44.2,True,OSM-1094494332,673.9,379,22.1,1663,13.9,1721,1342,1284,58,True
,meadow,1094494333,55.8,True,OSM-1094494333,1026.3,466,21.8,1653,11.2,1428,962,1187,225,True
,meadow,1094494334,103.9,True,OSM-1094494334,334.8,299,19.8,1589,12.3,1592,1293,1290,3,True
,meadow,1094494335,75.1,True,OSM-1094494335,300.8,291,21.1,1629,13.0,1657,1366,1338,28,True
,meadow,1094494336,74.3,True,OSM-1094494336,0.0,1,0.0,1,9.1,863,862,0,862,True
,meadow,1094494337,237.4,True,OSM-1094494337,0.0,1,3.0,971,10.6,1303,1302,970,332,True
,meadow,1094494338,135.6,True,OSM-1094494338,0.0,1,5.9,1178,10.8,1345,1344,1177,167,True
,meadow,1094511466,82.7,True,OSM-1094511466,2823.9,920,186.4,1926,14.1,1728,808,1006,198,True
,meadow,1094511467,22.6,True,OSM-1094511467,3642.1,1109,18.1,1491,9.6,1011,98,382,480,True
,meadow,1094511468,59.7,True,OSM-1094511468,1940.0,701,1029.9,2301,526.2,2162,1461,1600,139,True
,meadow,1094511882,71.4,True,OSM-1094511882,1465.3,578,562.1,2174,557.6,2181,1603,1596,7,True
,meadow,1094511883,108.2,True,OSM-1094511883,1040.1,474,0.0,1,11.2,1428,954,473,1427,True
,meadow,1094511884,28.2,True,OSM-1094511884,2107.5,733,216.4,1954,561.2,2182,1449,1221,228,True
,meadow,1094512224,20.2,True,OSM-1094512224,2319.2,777,0.8,650,11.2,1428,651,127,778,True
,meadow,1094512225,53.9,True,OSM-1094512225,1912.5,693,1.5,743,7.9,553,140,50,190,True
,meadow,1094512226,87.6,True,OSM-1094512226,1282.0,528,4.7,1109,11.6,1505,977,581,396,True
,meadow,1094512227,163.2,True,OSM-1094512227,305.8,292,18.0,1484,9.8,1071,779,1192,413,True
,meadow,1094512619,47.4,True,OSM-1094512619,1488.2,583,2.7,935,11.5,1488,905,352,553,True
,meadow,1094512620,232.0,True,OSM-1094512620,339.8,301,1.1,689,8.1,608,307,388,81,True
,meadow,1094513243,154.2,True,OSM-1094513243,1842.7,672,0.8,650,8.1,608,64,22,42,True
,meadow,1094514395,59.0,True,OSM-1094514395,2526.3,842,0.0,1,7.9,553,289,841,552,True
,meadow,1094514399,22.9,True,OSM-1094514399,2450.8,819,17.8,1471,9.2,886,67,652,585,True
,meadow,1094514400,52.7,True,OSM-1094514400,2454.5,821,22.6,1673,14.9,1755,934,852,82,True
,meadow,1094514401,123.7,True,OSM-1094514401,2445.7,818,0.0,1,9.5,985,167,817,984,True
,meadow,1094514402,60.8,True,OSM-1094514402,3439.7,1067,178.0,1920,179.0,1961,894,853,41,True
,meadow,1094514403,101.8,True,OSM-1094514403,2949.3,955,28.4,1712,8.6,716,239,757,996,True
,meadow,1094514404,37.7,True,OSM-1094514404,4688.4,1298,0.0,1,8.6,716,582,1297,715,True
,meadow,1094514405,34.5,True,OSM-1094514405,4030.7,1181,120.7,1867,267.3,2018,837,686,151,True
,meadow,1094514406,136.1,True,OSM-1094514406,3918.1,1160,0.0,1,10.2,1180,20,1159,1179,True
,meadow,1094514407,63.4,True,OSM-1094514407,2440.4,811,1.0,679,8.5,693,118,132,14,True
,meadow,1094514408,84.5,True,OSM-1094514408,2440.4,811,3.9,1056,8.5,693,118,245,363,True
,meadow,1094514409,86.0,True,OSM-1094514409,2443.5,815,0.0,1,8.7,747,68,814,746,True
,meadow,1094514410,81.0,True,OSM-1094514410,2444.5,816,0.0,1,9.7,1039,223,815,1038,True
,meadow,1094515098,26.3,True,OSM-1094515098,1086.7,481,0.0,1,10.7,1319,838,480,1318,True
,meadow,1094515099,104.8,True,OSM-1094515099,1567.4,599,0.0,1,633.7,2223,1624,598,2222,True
,meadow,1094515100,326.3,True,OSM-1094515100,112.5,228,0.0,1,10.5,1273,1045,227,1272,True
,meadow,1094550089,475.9,True,OSM-1094550089,4843.9,1326,0.0,1,10.1,1149,177,1325,1148,True
,meadow,1094550093,23.3,True,OSM-1094550093,7583.5,1775,0.4,595,7.8,538,1237,1180,57,True
,meadow,1094550094,242.3,True,OSM-1094550094,7462.4,1759,0.0,1,6.2,288,1471,1758,287,True
,meadow,1094550095,451.9,True,OSM-1094550095,5082.5,1376,5.7,1166,3.5,103,1273,210,1063,True
,meadow,1094550096,118.2,True,OSM-1094550096,5865.7,1539,0.0,1,7.6,494,1045,1538,493,True
,meadow,1094550097,96.8,True,OSM-1094550097,5047.6,1366,15.6,1363,11.7,1519,153,3,156,True
,meadow,1094550098,58.1,True,OSM-1094550098,5032.7,1363,2.9,961,11.2,1428,65,402,467,True
,meadow,1094550099,63.4,True,OSM-1094550099,5863.8,1537,0.0,1,8.6,716,821,1536,715,True
,meadow,1094550102,111.9,True,OSM-1094550102,6159.7,1597,21.0,1627,10.3,1215,382,30,412,True
,meadow,1094550103,31.6,True,OSM-1094550103,5837.9,1532,24.1,1693,12.7,1635,103,161,58,True
,meadow,1094550104,22.6,True,OSM-1094550104,5436.0,1448,18.7,1534,10.9,1370,78,86,164,True
,meadow,1094550105,20.3,True,OSM-1094550105,4991.9,1354,21.7,1649,5.0,189,1165,295,1460,True
,meadow,1094550107,56.8,True,OSM-1094550107,4982.3,1351,369.9,2056,7.1,411,940,705,1645,True
,meadow,1094552451,88.0,True,OSM-1094552451,5431.9,1447,630.6,2206,453.3,2123,676,759,83,True
,meadow,1094552452,146.2,True,OSM-1094552452,4982.3,1351,9.4,1256,0.0,1,1350,95,1255,True
,meadow,1094552454,94.4,True,OSM-1094552454,3349.1,1042,112.8,1855,9.2,886,156,813,969,True
,meadow,1094552459,25.9,True,OSM-1094552459,5978.8,1562,11.7,1298,21.7,1839,277,264,541,True
,meadow,1094552463,61.5,True,OSM-1094552463,7422.3,1753,28.2,1711,13.6,1702,51,42,9,True
,meadow,1094552464,32.5,True,OSM-1094552464,8386.6,1861,6.4,1199,15.1,1765,96,662,566,True
,meadow,1094552465,26.8,True,OSM-1094552465,8902.7,1917,9.7,1260,18.6,1812,105,657,552,True
,meadow,1094552466,42.3,True,OSM-1094552466,9349.4,1954,9.7,1260,8.7,747,1207,694,513,True
,meadow,1094556441,51.8,True,OSM-1094556441,1194.5,510,43.7,1745,8.0,584,74,1235,1161,True
,meadow,1094556442,52.7,True,OSM-1094556442,705.0,389,0.0,1,8.8,769,380,388,768,True
,meadow,1094556444,24.3,True,OSM-1094556444,1892.6,685,15.0,1344,10.5,1273,588,659,71,True
,meadow,1094556445,26.3,True,OSM-1094556445,2365.1,788,0.0,1,140.8,1937,1149,787,1936,True
,meadow,1094556448,21.3,True,OSM-1094556448,2776.6,903,52.9,1764,455.6,2124,1221,861,360,True
,meadow,1094557932,48.0,True,OSM-1094557932,9471.3,1964,224.6,1960,358.9,2070,106,4,110,True
,meadow,1094557933,65.4,True,OSM-1094557933,8433.2,1870,1.3,712,9.3,926,944,1158,214,True
,meadow,1094557934,136.9,True,OSM-1094557934,8458.8,1875,0.0,1,6.6,339,1536,1874,338,True
,meadow,1094557935,71.5,True,OSM-1094557935,9985.1,1992,1.1,689,9.7,1039,953,1303,350,True
,meadow,1094557936,23.2,True,OSM-1094557936,9941.8,1990,21.6,1648,12.6,1628,362,342,20,True
,meadow,1094557937,48.6,True,OSM-1094557937,10237.7,2007,16.7,1403,7.6,494,1513,604,909,True
,meadow,1094557938,70.9,True,OSM-1094557938,10656.8,2034,0.0,1,10.5,1273,761,2033,1272,True
,meadow,1094557941,38.2,True,OSM-1094557941,11011.6,2064,0.0,1,8.3,663,1401,2063,662,True
,meadow,1094557942,117.0,True,OSM-1094557942,11726.9,2111,0.0,1,8.3,663,1448,2110,662,True
,meadow,1094557943,60.1,True,OSM-1094557943,12707.0,2161,120.8,1868,736.9,2273,112,293,405,True
,meadow,1094557944,44.9,True,OSM-1094557944,13214.4,2185,5.6,1164,10.8,1345,840,1021,181,True
,meadow,1094576639,79.7,True,OSM-1094576639,4651.3,1288,81.5,1805,79.9,1897,609,517,92,True
,meadow,1094576641,171.3,True,OSM-1094576641,3435.3,1066,0.0,1,12.4,1601,535,1065,1600,True
,meadow,1094576642,164.6,True,OSM-1094576642,4017.8,1175,41.0,1739,19.1,1819,644,564,80,True
,meadow,1094576643,61.9,True,OSM-1094576643,3082.5,986,168.6,1911,649.4,2237,1251,925,326,True
,meadow,1094576644,72.5,True,OSM-1094576644,2854.7,927,0.0,1,12.2,1580,653,926,1579,True
,meadow,1094576645,28.6,True,OSM-1094576645,2619.1,863,4.7,1109,11.3,1447,584,246,338,True
,meadow,1094576646,31.2,True,OSM-1094576646,2787.8,908,1.9,814,10.1,1149,241,94,335,True
,meadow,1094576647,29.4,True,OSM-1094576647,3138.2,993,233.1,1965,241.3,2006,1013,972,41,True
,meadow,1094576648,28.9,True,OSM-1094576648,2901.0,942,176.0,1918,183.3,1964,1022,976,46,True
,meadow,1094576649,106.7,True,OSM-1094576649,2051.4,722,1.8,792,9.6,1011,289,70,219,True
,meadow,1094578712,34.8,True,OSM-1094578712,4690.6,1300,20.2,1603,329.4,2055,755,303,452,True
,meadow,1094578713,25.1,True,OSM-1094578713,4459.5,1248,15.5,1360,8.9,802,446,112,558,True
,meadow,1094578714,123.6,True,OSM-1094578714,3159.5,1000,0.0,1,7.9,553,447,999,552,True
,meadow,1094578715,59.8,True,OSM-1094578715,3665.8,1114,1.6,765,8.8,769,345,349,4,True
,meadow,1094578720,23.5,True,OSM-1094578720,4945.8,1346,0.5,611,5.1,198,1148,735,413,True
,meadow,1094578722,48.0,True,OSM-1094578722,3419.0,1061,0.1,558,8.2,634,427,503,76,True
,meadow,1094578723,205.3,True,OSM-1094578723,2322.8,778,0.0,1,4.7,170,608,777,169,True
,meadow,1094578724,58.3,True,OSM-1094578724,1898.6,687,4.9,1134,12.8,1647,960,447,513,True
,meadow,1094578725,373.7,True,OSM-1094578725,779.5,405,0.0,1,10.3,1215,810,404,1214,True
,meadow,1094591696,21.2,True,OSM-1094591696,3340.2,1040,849.3,2277,28.2,1862,822,1237,415,True
,meadow,1094591704,84.5,True,OSM-1094591704,2843.7,924,1.0,679,9.1,863,61,245,184,True
,meadow,1094591705,21.5,True,OSM-1094591705,2972.2,959,486.5,2129,594.7,2202,1243,1170,73,True
,meadow,1094591708,56.8,True,OSM-1094591708,3353.2,1044,2.6,926,9.7,1039,5,118,113,True
,meadow,1094591709,101.3,True,OSM-1094591709,3108.1,990,2.7,935,10.1,1149,159,55,214,True
,meadow,1094591710,85.1,True,OSM-1094591710,2919.4,950,90.3,1818,25.5,1853,903,868,35,True
,meadow,1094591711,65.4,True,OSM-1094591711,3435.2,1065,10.4,1273,13.8,1716,651,208,443,True
,meadow,1094591714,75.8,True,OSM-1094591714,3790.8,1131,282.9,2004,5.3,211,920,873,1793,True
,meadow,1094591715,187.2,True,OSM-1094591715,3452.5,1075,17.7,1467,7.6,494,581,392,973,True
,meadow,1094591716,26.3,True,OSM-1094591716,3450.2,1073,464.8,2117,1.4,51,1022,1044,2066,True
,meadow,1094591717,112.7,True,OSM-1094591717,5011.4,1357,25.8,1705,5.9,261,1096,348,1444,True
,meadow,1094591719,21.0,True,OSM-1094591719,5271.8,1414,0.0,1,8.4,680,734,1413,679,True
,meadow,1094591720,21.4,True,OSM-1094591720,5313.9,1421,0.5,611,23.4,1848,427,810,1237,True
,meadow,1094591721,41.3,True,OSM-1094591721,5982.4,1564,60.6,1775,9.9,1099,465,211,676,True
,meadow,1094591724,68.6,True,OSM-1094591724,6319.9,1622,2.3,883,4.3,145,1477,739,738,True
,meadow,1094591725,49.1,True,OSM-1094591725,6556.2,1664,13.7,1320,6.5,327,1337,344,993,True
,meadow,1094591730,45.9,True,OSM-1094591730,6258.0,1611,1.8,792,10.1,1149,462,819,357,True
,meadow,1094592327,156.6,True,OSM-1094592327,4716.5,1305,0.0,1,9.3,926,379,1304,925,True
,meadow,1094592328,24.4,True,OSM-1094592328,6191.8,1602,1.5,743,10.5,1273,329,859,530,True
,meadow,1094592329,29.5,True,OSM-1094592329,5932.7,1554,0.0,1,10.0,1124,430,1553,1123,True
,meadow,1094644687,104.7,True,OSM-1094644687,11435.2,2090,407.0,2088,692.4,2259,169,2,171,True
,meadow,1094644688,45.1,True,OSM-1094644688,11566.5,2099,108.9,1848,727.8,2268,169,251,420,True
,meadow,1094644689,68.1,True,OSM-1094644689,10744.5,2043,0.0,1,7.6,494,1549,2042,493,True
,meadow,1094644690,51.0,True,OSM-1094644690,11682.3,2106,171.3,1913,589.7,2200,94,193,287,True
,meadow,1094644691,43.4,True,OSM-1094644691,10950.8,2058,8.4,1240,10.5,1273,785,818,33,True
,meadow,1094644695,108.9,True,OSM-1094644695,11104.5,2068,0.0,1,8.9,802,1266,2067,801,True
,meadow,1094644696,86.8,True,OSM-1094644696,11229.4,2074,17.2,1434,8.2,634,1440,640,800,True
,meadow,1094644697,72.0,True,OSM-1094644697,11561.0,2098,17.1,1421,9.2,886,1212,677,535,True
,meadow,1094644698,127.2,True,OSM-1094644698,12452.6,2150,20.4,1608,11.3,1447,703,542,161,True
,meadow,1094644699,346.7,True,OSM-1094644699,11893.9,2117,14.4,1332,4.8,174,1943,785,1158,True
,meadow,1094644703,264.1,True,OSM-1094644703,13289.3,2189,10.4,1273,4.5,155,2034,916,1118,True
,meadow,1094644707,77.1,True,OSM-1094644707,14153.2,2223,17.4,1447,8.8,769,1454,776,678,True
,meadow,1094644708,40.2,True,OSM-1094644708,14409.2,2231,18.3,1505,11.5,1488,743,726,17,True
,meadow,1094644713,41.5,True,OSM-1094644713,14560.1,2239,11.1,1288,20.2,1830,409,951,542,True
,meadow,1094644714,105.5,True,OSM-1094644714,14710.0,2242,1.3,712,4.5,155,2087,1530,557,True
,meadow,1094713839,78.7,True,OSM-1094713839,8937.0,1920,4.8,1122,11.0,1387,533,798,265,True
,meadow,1094713840,364.0,True,OSM-1094713840,7886.3,1803,0.0,1,5.3,211,1592,1802,210,True
,meadow,1094713842,207.5,True,OSM-1094713842,9323.7,1952,0.0,1,8.0,584,1368,1951,583,True
,meadow,1094713843,89.8,True,OSM-1094713843,9027.0,1928,28.5,1713,6.6,339,1589,215,1374,True
,meadow,1094714402,36.6,True,OSM-1094714402,7781.6,1792,8.7,1243,8.4,680,1112,549,563,True
,meadow,1094715089,122.7,True,OSM-1094715089,9776.7,1980,21.7,1649,9.2,886,1094,331,763,True
,meadow,1094715090,128.8,True,OSM-1094715090,10118.0,1998,1.6,765,10.0,1124,874,1233,359,True
,meadow,1094715480,71.2,True,OSM-1094715480,11882.7,2115,16.3,1384,8.5,693,1422,731,691,True
,meadow,1094721145,60.1,True,OSM-1094721145,15663.7,2268,19.6,1576,375.4,2078,190,692,502,True
,meadow,1094721146,37.6,True,OSM-1094721146,14989.2,2247,1.8,792,6.2,288,1959,1455,504,True
,meadow,1094721147,32.7,True,OSM-1094721147,15375.5,2261,0.0,1,2.9,81,2180,2260,80,True
,meadow,1094721148,22.4,True,OSM-1094721148,15577.3,2267,0.0,1,8.1,608,1659,2266,607,True
,meadow,1094721149,38.9,True,OSM-1094721149,15699.1,2269,0.0,1,8.0,584,1685,2268,583,True
,meadow,1094721150,32.2,True,OSM-1094721150,14920.5,2245,3.7,1031,10.8,1345,900,1214,314,True
,meadow,1094721151,121.3,True,OSM-1094721151,14513.0,2236,0.0,1,8.0,584,1652,2235,583,True
,meadow,1094721153,159.6,True,OSM-1094721153,13766.9,2205,18.3,1505,10.4,1241,964,700,264,True
,meadow,1094721156,63.8,True,OSM-1094721156,13949.3,2211,416.8,2094,409.7,2098,113,117,4,True
,meadow,1094721157,26.3,True,OSM-1094721157,14043.7,2219,16.0,1371,9.2,886,1333,848,485,True
,meadow,1094721901,23.0,True,OSM-1094721901,14251.3,2226,1.6,765,8.6,716,1510,1461,49,True
,meadow,1094721902,39.0,True,OSM-1094721902,13636.7,2200,11.5,1296,19.6,1825,375,904,529,True
,meadow,1094721903,31.2,True,OSM-1094721903,12749.0,2165,498.4,2135,490.5,2139,26,30,4,True
,meadow,1094722626,103.4,True,OSM-1094722626,12797.7,2167,10.3,1268,78.4,1896,271,899,628,True
,meadow,1094722627,75.9,True,OSM-1094722627,12139.3,2133,0.0,1,7.0,395,1738,2132,394,True
,meadow,1094722628,61.7,True,OSM-1094722628,12020.2,2126,0.0,1,10.1,1149,977,2125,1148,True
,meadow,1094722629,42.7,True,OSM-1094722629,11909.2,2119,0.0,1,9.2,886,1233,2118,885,True
,meadow,1094722630,47.0,True,OSM-1094722630,10738.3,2042,1.1,689,9.2,886,1156,1353,197,True
,meadow,1094722631,161.2,True,OSM-1094722631,10457.8,2022,0.0,1,5.0,189,1833,2021,188,True
,meadow,1094729470,82.5,True,OSM-1094729470,10634.7,2032,212.6,1950,213.2,1986,46,82,36,True
,meadow,1094729471,90.5,True,OSM-1094729471,10937.6,2055,22.1,1663,14.5,1747,308,392,84,True
,meadow,1094729472,38.6,True,OSM-1094729472,10035.1,1994,1.1,689,9.8,1071,923,1305,382,True
,meadow,1094729473,72.3,True,OSM-1094729473,9225.1,1946,0.0,1,11.1,1407,539,1945,1406,True
,meadow,1094729474,73.5,True,OSM-1094729474,9346.8,1953,1.9,814,10.7,1319,634,1139,505,True
,meadow,1094729475,76.5,True,OSM-1094729475,10144.2,2001,0.0,1,7.7,517,1484,2000,516,True
,meadow,1094729476,41.1,True,OSM-1094729476,9771.0,1979,0.0,1,8.3,663,1316,1978,662,True
,meadow,1094729478,171.9,True,OSM-1094729478,8399.6,1864,0.0,1,6.6,339,1525,1863,338,True
,meadow,1094729480,62.1,True,OSM-1094729480,8340.5,1855,1.3,712,9.2,886,969,1143,174,True
,meadow,1094729481,44.4,True,OSM-1094729481,8334.3,1854,1.6,765,10.5,1273,581,1089,508,True
,meadow,1094729482,23.2,True,OSM-1094729482,9137.1,1939,2.8,947,8.2,634,1305,992,313,True
,meadow,1094729714,71.5,True,OSM-1094729714,7430.8,1756,1.0,679,10.1,1149,607,1077,470,True
,meadow,1094729715,82.2,True,OSM-1094729715,7440.3,1757,0.0,1,7.4,459,1298,1756,458,True
,meadow,1094730160,120.8,True,OSM-1094730160,7414.7,1752,0.0,1,7.0,395,1357,1751,394,True
,meadow,1094730161,90.4,True,OSM-1094730161,7449.3,1758,0.0,1,10.1,1149,609,1757,1148,True
,meadow,1094730162,76.8,True,OSM-1094730162,6805.9,1694,0.0,1,9.7,1039,655,1693,1038,True
,meadow,1094730163,87.1,True,OSM-1094730163,5428.7,1446,10.8,1281,452.6,2122,676,165,841,True
,meadow,1094730164,66.6,True,OSM-1094730164,6196.8,1603,16.2,1380,15.2,1770,167,223,390,True
,meadow,1094730165,70.9,True,OSM-1094730165,6183.4,1599,0.0,1,9.7,1039,560,1598,1038,True
,meadow,1094730999,384.7,True,OSM-1094730999,2441.0,813,0.0,1,7.5,475,338,812,474,True
,meadow,1094731000,79.0,True,OSM-1094731000,2431.0,803,0.0,1,25.0,1851,1048,802,1850,True
,meadow,1094731669,510.3,True,OSM-1094731669,8411.2,1866,0.3,585,5.8,251,1615,1281,334,True
,meadow,1094745157,331.6,True,OSM-1094745157,2438.9,810,0.4,595,9.3,926,116,215,331,True
,meadow,1094745158,165.6,True,OSM-1094745158,3736.4,1124,0.0,1,10.2,1180,56,1123,1179,True
,meadow,1094745159,27.8,True,OSM-1094745159,3782.6,1129,690.7,2231,734.4,2272,1143,1102,41,True
,meadow,1094745160,209.8,True,OSM-1094745160,2436.7,806,0.0,1,11.7,1519,713,805,1518,True
,meadow,1094745161,28.1,True,OSM-1094745161,1920.1,695,2.0,828,12.5,1613,918,133,785,True
,meadow,1094745162,81.8,True,OSM-1094745162,1405.5,560,18.7,1534,11.2,1428,868,974,106,True
,meadow,1094745163,26.9,True,OSM-1094745163,2044.5,720,25.7,1703,13.3,1674,954,983,29,True
,meadow,1094745165,123.9,True,OSM-1094745165,86.8,220,7.8,1232,3.7,114,106,1012,1118,True
,meadow,1094745166,447.3,True,OSM-1094745166,0.0,1,0.0,1,10.2,1180,1179,0,1179,True
,meadow,1094745167,80.6,True,OSM-1094745167,1405.5,560,0.0,1,10.2,1180,620,559,1179,True
,meadow,1094745168,21.4,True,OSM-1094745168,1920.6,696,1.7,781,8.5,693,3,85,88,True
,meadow,1094745169,23.1,True,OSM-1094745169,1921.0,697,0.5,611,9.7,1039,342,86,428,True
,meadow,1094745171,139.4,True,OSM-1094745171,1471.2,579,21.8,1653,11.8,1537,958,1074,116,True
,meadow,1094745172,125.4,True,OSM-1094745172,1137.3,495,19.8,1589,11.0,1387,892,1094,202,True
,meadow,1094745173,92.3,True,OSM-1094745173,2438.2,808,15.5,1360,26.6,1857,1049,552,497,True
,meadow,1094745174,95.6,True,OSM-1094745174,2435.3,805,0.4,595,10.6,1303,498,210,708,True
,meadow,1094745175,58.2,True,OSM-1094745175,2696.8,882,265.5,1988,275.0,2024,1142,1106,36,True
,meadow,1094745176,65.8,True,OSM-1094745176,3478.5,1082,320.7,2029,330.8,2057,975,947,28,True
,meadow,1094746904,22.1,True,OSM-1094746904,4528.2,1264,13.5,1315,10.1,1149,115,51,166,True
,meadow,1094748074,82.6,True,OSM-1094748074,833.4,419,21.7,1649,12.8,1647,1228,1230,2,True
,meadow,1094748075,43.6,True,OSM-1094748075,805.6,413,373.1,2058,382.8,2085,1672,1645,27,True
,meadow,1094748076,50.3,True,OSM-1094748076,410.1,311,96.1,1827,172.6,1956,1645,1516,129,True
,meadow,1094748078,46.6,True,OSM-1094748078,1.7,177,95.0,1824,177.1,1958,1781,1647,134,True
,meadow,1094748079,95.1,True,OSM-1094748079,0.0,1,50.3,1760,315.8,2049,2048,1759,289,True
,meadow,1094748080,165.4,True,OSM-1094748080,374.3,305,14.8,1340,14.2,1736,1431,1035,396,True
,meadow,1094748082,30.0,True,OSM-1094748082,1144.7,499,532.7,2157,522.1,2157,1658,1658,0,True
,meadow,1094760226,117.1,True,OSM-1094760226,0.0,1,3.0,971,5.2,201,200,970,770,True
,meadow,1094760227,106.9,True,OSM-1094760227,312.6,293,18.8,1542,12.3,1592,1299,1249,50,True
,meadow,1094760228,204.5,True,OSM-1094760228,0.0,1,4.7,1109,7.9,553,552,1108,556,True
,meadow,1094760582,816.8,True,OSM-1094760582,0.0,1,0.0,1,6.6,339,338,0,338,True
,meadow,1094760583,147.5,True,OSM-1094760583,0.0,1,3.7,1031,11.4,1469,1468,1030,438,True
,meadow,1094766046,44.3,True,OSM-1094766046,0.0,1,388.7,2074,657.4,2242,2241,2073,168,True
,meadow,1094766047,52.5,True,OSM-1094766047,470.8,329,0.0,1,10.4,1241,912,328,1240,True
,meadow,1094766048,223.3,True,OSM-1094766048,929.0,442,0.0,1,8.3,663,221,441,662,True
,meadow,1094766049,20.8,True,OSM-1094766049,1763.8,653,0.0,1,9.2,886,233,652,885,True
,meadow,1094766052,196.6,True,OSM-1094766052,1631.2,616,0.0,1,8.5,693,77,615,692,True
,meadow,1094766053,54.6,True,OSM-1094766053,2353.6,785,0.0,1,11.6,1505,720,784,1504,True
,meadow,1094766054,213.9,True,OSM-1094766054,1409.7,562,0.0,1,1.6,53,509,561,52,True
,meadow,1094766056,32.5,True,OSM-1094766056,3010.5,970,139.8,1891,674.8,2251,1281,921,360,True
,meadow,1094766777,23.8,True,OSM-1094766777,320.8,295,0.2,568,10.2,1180,885,273,612,True
,meadow,1094974678,398.0,True,OSM-1094974678,15469.0,2264,0.0,1,5.4,217,2047,2263,216,True
,meadow,1094974679,126.7,True,OSM-1094974679,14493.7,2233,0.8,650,3.4,99,2134,1583,551,True
,meadow,1094974680,65.8,True,OSM-1094974680,14381.7,2230,0.0,1,6.2,288,1942,2229,287,True
,meadow,1094976017,58.4,True,OSM-1094976017,15060.3,2250,1.4,725,8.7,747,1503,1525,22,True
,meadow,1094976019,20.5,True,OSM-1094976019,15396.3,2262,2.1,843,9.4,962,1300,1419,119,True
,meadow,1094976020,39.4,True,OSM-1094976020,15994.3,2274,0.0,1,9.5,985,1289,2273,984,True
,meadow,1094978523,29.7,True,OSM-1094978523,1817.4,666,0.0,1,4.9,184,482,665,183,True
,meadow,1094978524,118.1,True,OSM-1094978524,2203.6,751,275.8,1997,5.3,211,540,1246,1786,True
,meadow,1095006455,225.8,True,OSM-1095006455,7694.2,1784,1129.4,2310,1234.3,2330,546,526,20,True
,meadow,1095006456,279.1,True,OSM-1095006456,6715.2,1681,58.8,1772,161.0,1947,266,91,175,True
,meadow,1095006457,29.2,True,OSM-1095006457,8127.0,1829,1195.8,2316,1795.5,2347,518,487,31,True
,meadow,1095006458,45.3,True,OSM-1095006458,7998.6,1817,1303.7,2319,1778.3,2346,529,502,27,True
,meadow,1095006459,78.0,True,OSM-1095006459,6656.8,1671,671.8,2226,680.3,2253,582,555,27,True
,meadow,1095006460,101.1,True,OSM-1095006460,7202.1,1730,1690.5,2333,1804.2,2348,618,603,15,True
,meadow,1095007399,305.1,True,OSM-1095007399,8441.1,1872,0.0,1,166.2,1950,78,1871,1949,True
,meadow,1095123344,42.5,True,OSM-1095123344,12061.3,2129,188.2,1928,184.8,1965,164,201,37,True
,meadow,1095133941,22.6,True,OSM-1095133941,12332.1,2144,546.5,2167,410.7,2101,43,23,66,True
,meadow,1095133951,111.4,True,OSM-1095133951,12366.0,2147,395.3,2078,235.1,2003,144,69,75,True
,meadow,1095133952,21.0,True,OSM-1095133952,13053.1,2179,1627.7,2330,1016.0,2316,137,151,14,True
,meadow,1095133958,29.5,True,OSM-1095133958,12863.1,2171,1674.9,2331,1179.7,2323,152,160,8,True
,meadow,1095162186,167.2,True,OSM-1095162186,12548.5,2154,4.5,1095,3.8,119,2035,1059,976,True
,meadow,1095162188,178.6,True,OSM-1095162188,13984.4,2213,223.8,1959,7.3,443,1770,254,1516,True
,meadow,1095162189,86.6,True,OSM-1095162189,13421.5,2193,0.0,1,8.9,802,1391,2192,801,True
,meadow,1095162192,28.1,True,OSM-1095162192,15361.6,2258,1.4,725,9.3,926,1332,1533,201,True
,meadow,1095162193,40.8,True,OSM-1095162193,15122.5,2252,0.9,665,6.8,367,1885,1587,298,True
,meadow,1095162195,66.6,True,OSM-1095162195,15149.9,2253,0.0,1,9.9,1099,1154,2252,1098,True
,meadow,1095162197,27.9,True,OSM-1095162197,14511.2,2234,16.2,1380,9.6,1011,1223,854,369,True
,meadow,1095162199,42.6,True,OSM-1095162199,15247.7,2256,17.6,1462,10.2,1180,1076,794,282,True
,meadow,1095162200,32.9,True,OSM-1095162200,15893.4,2273,0.4,595,10.3,1215,1058,1678,620,True
,meadow,1095162201,26.8,True,OSM-1095162201,15841.5,2271,1.6,765,9.0,835,1436,1506,70,True
,meadow,1095162202,21.3,True,OSM-1095162202,16512.6,2281,9.8,1263,2.9,81,2200,1018,1182,True
,meadow,1095162203,42.8,True,OSM-1095162203,16433.3,2280,16.2,1380,9.4,962,1318,900,418,True
,meadow,1095162204,26.8,True,OSM-1095162204,17117.0,2290,181.0,1924,8.4,680,1610,366,1244,True
,meadow,1095162206,43.1,True,OSM-1095162206,17533.6,2298,38.5,1735,8.2,634,1664,563,1101,True
,meadow,1095162208,90.3,True,OSM-1095162208,16305.9,2279,1.4,725,8.6,716,1563,1554,9,True
,meadow,1095162210,37.8,True,OSM-1095162210,15201.0,2255,2.2,861,9.3,926,1329,1394,65,True
,meadow,1095162211,21.0,True,OSM-1095162211,16200.1,2278,7.1,1222,11.2,1428,850,1056,206,True
,meadow,1095162567,36.8,True,OSM-1095162567,15174.1,2254,17.8,1471,10.2,1180,1074,783,291,True
,meadow,1095162568,38.8,True,OSM-1095162568,14646.5,2241,17.5,1454,10.2,1180,1061,787,274,True
,meadow,1095162573,26.4,True,OSM-1095162573,13674.3,2204,0.0,1,9.0,835,1369,2203,834,True
,meadow,1095162574,38.0,True,OSM-1095162574,13989.4,2214,1.7,781,10.1,1149,1065,1433,368,True
,meadow,1095162863,47.4,True,OSM-1095162863,13351.5,2191,1.8,792,9.4,962,1229,1399,170,True
,meadow,1095170962,30.5,True,OSM-1095170962,17672.3,2301,2.9,961,9.9,1099,1202,1340,138,True
,meadow,1095170965,26.4,True,OSM-1095170965,17711.9,2303,21.4,1640,7.5,475,1828,663,1165,True
,meadow,1095170970,33.2,True,OSM-1095170970,18015.1,2307,307.0,2020,13.3,1674,633,287,346,True
,meadow,1095170972,33.5,True,OSM-1095170972,17844.8,2304,0.0,1,4.6,164,2140,2303,163,True
,meadow,1095174778,20.2,True,OSM-1095174778,17878.8,2305,115.8,1859,110.9,1915,390,446,56,True
,meadow,1095174780,24.1,True,OSM-1095174780,17426.9,2295,10.8,1281,5.1,198,2097,1014,1083,True
,meadow,1095174781,42.3,True,OSM-1095174781,16748.2,2283,18.7,1534,5.0,189,2094,749,1345,True
,meadow,1095174782,28.6,True,OSM-1095174782,17396.8,2294,0.0,1,4.5,155,2139,2293,154,True
,meadow,1095176582,36.8,True,OSM-1095176582,16002.4,2275,0.0,1,6.9,379,1896,2274,378,True
,meadow,1095192177,20.9,True,OSM-1095192177,16763.9,2284,22.4,1670,35.7,1875,409,614,205,True
,meadow,1095192180,36.6,True,OSM-1095192180,15363.2,2260,328.6,2036,514.8,2153,107,224,117,True
,meadow,1095192182,29.8,True,OSM-1095192182,15836.6,2270,5.5,1162,107.8,1914,356,1108,752,True
,meadow,1095192183,47.7,True,OSM-1095192183,14533.5,2237,0.1,558,3.9,127,2110,1679,431,True
,meadow,1095192204,23.1,True,OSM-1095192204,17583.7,2299,11.0,1287,6.2,288,2011,1012,999,True
,meadow,1095192974,54.7,True,OSM-1095192974,17508.7,2297,0.0,1,9.8,1071,1226,2296,1070,True
,meadow,1095192976,49.2,True,OSM-1095192976,17934.3,2306,171.2,1912,178.9,1960,346,394,48,True
,meadow,1095195704,20.4,True,OSM-1095195704,3312.7,1035,21.9,1657,125.0,1923,888,622,266,True
,meadow,1095195705,41.3,True,OSM-1095195705,3137.0,992,21.2,1630,191.0,1969,977,638,339,True
,meadow,1095195709,60.2,True,OSM-1095195709,2952.9,957,2.5,914,9.9,1099,142,43,185,True
,meadow,1095195710,40.7,True,OSM-1095195710,2800.1,911,1.4,725,8.8,769,142,186,44,True
,meadow,1095206256,20.9,True,OSM-1095206256,1603.8,609,4.0,1061,11.0,1387,778,452,326,True
,meadow,1095206257,51.1,True,OSM-1095206257,2068.1,725,134.4,1883,491.3,2140,1415,1158,257,True
,meadow,1095206258,59.5,True,OSM-1095206258,2816.5,916,374.6,2060,10.1,1149,233,1144,911,True
,meadow,1095206259,61.0,True,OSM-1095206259,3421.6,1062,16.0,1371,7.6,494,568,309,877,True
,meadow,1095206261,24.8,True,OSM-1095206261,2968.0,958,236.9,1968,13.1,1662,704,1010,306,True
,meadow,1095206262,38.9,True,OSM-1095206262,2508.4,835,18.1,1491,10.4,1241,406,656,250,True
,meadow,1095206266,51.8,True,OSM-1095206266,2286.1,771,104.8,1844,11.2,1428,657,1073,416,True
,meadow,1095213888,20.6,True,OSM-1095213888,4142.4,1196,82.6,1806,12.4,1601,405,610,205,True
,meadow,1095213889,81.6,True,OSM-1095213889,3876.3,1152,15.3,1352,14.1,1728,576,200,376,True
,meadow,1095213891,59.8,True,OSM-1095213891,4545.6,1268,0.0,1,13.1,1662,394,1267,1661,True
,meadow,1095213892,105.1,True,OSM-1095213892,4641.8,1285,16.7,1403,9.3,926,359,118,477,True
,meadow,1095213893,80.3,True,OSM-1095213893,6251.7,1610,2.2,861,8.1,608,1002,749,253,True
,meadow,1095213894,240.2,True,OSM-1095213894,5180.2,1395,0.0,1,6.0,268,1127,1394,267,True
,meadow,1095213895,46.2,True,OSM-1095213895,4880.3,1336,0.0,1,8.8,769,567,1335,768,True
,meadow,1095213896,504.3,True,OSM-1095213896,4573.3,1277,1.5,743,8.9,802,475,534,59,True
,meadow,1095214874,229.7,True,OSM-1095214874,5505.5,1466,0.0,1,8.8,769,697,1465,768,True
,meadow,1095214875,39.5,True,OSM-1095214875,6468.3,1647,14.4,1332,374.0,2076,429,315,744,True
,meadow,1095214879,71.5,True,OSM-1095214879,5759.2,1514,2.8,947,8.1,608,906,567,339,True
,meadow,1095214880,29.1,True,OSM-1095214880,5592.3,1490,407.2,2089,12.6,1628,138,599,461,True
,meadow,1095215670,75.7,True,OSM-1095215670,5801.5,1524,19.4,1566,12.5,1613,89,42,47,True
,meadow,1095215676,56.3,True,OSM-1095215676,5190.9,1397,2.4,903,9.3,926,471,494,23,True
,meadow,1095251709,112.2,True,OSM-1095251709,8385.0,1859,0.0,1,7.7,517,1342,1858,516,True
,meadow,1095251710,104.9,True,OSM-1095251710,8747.4,1905,0.0,1,9.3,926,979,1904,925,True
,meadow,1095251712,111.1,True,OSM-1095251712,9591.0,1969,0.0,1,8.7,747,1222,1968,746,True
,meadow,1095251713,42.3,True,OSM-1095251713,9356.4,1955,0.4,595,10.1,1149,806,1360,554,True
,meadow,1095251714,43.9,True,OSM-1095251714,8724.3,1904,2.2,861,8.3,663,1241,1043,198,True
,meadow,1095251717,27.8,True,OSM-1095251717,9609.0,1971,0.0,1,10.2,1180,791,1970,1179,True
,meadow,1095251718,20.1,True,OSM-1095251718,9596.7,1970,0.1,558,10.5,1273,697,1412,715,True
,meadow,1095269537,99.8,True,OSM-1095269537,20.8,200,16.4,1388,9.4,962,762,1188,426,True
,meadow,1095269538,42.0,True,OSM-1095269538,582.4,358,3.4,1005,10.1,1149,791,647,144,True
,meadow,1095269539,64.4,True,OSM-1095269539,0.0,1,0.0,1,6.4,315,314,0,314,True
,meadow,1095269542,58.4,True,OSM-1095269542,0.0,1,22.0,1660,14.3,1741,1740,1659,81,True
,meadow,1095332047,101.3,True,OSM-1095332047,384.9,307,4.8,1122,12.4,1601,1294,815,479,True
,meadow,1095332049,35.9,True,OSM-1095332049,0.0,1,16.7,1403,10.0,1124,1123,1402,279,True
,meadow,1095332051,125.9,True,OSM-1095332051,0.0,1,0.0,1,7.8,538,537,0,537,True
,meadow,1095332483,34.4,True,OSM-1095332483,755.3,401,5.0,1143,13.5,1695,1294,742,552,True
,meadow,1095332485,56.1,True,OSM-1095332485,0.0,1,1.8,792,8.8,769,768,791,23,True
,meadow,1095333409,52.0,True,OSM-1095333409,1272.2,526,16.7,1403,9.5,985,459,877,418,True
,meadow,1095333416,20.4,True,OSM-1095333416,1892.6,685,16.4,1388,7.2,434,251,703,954,True
,meadow,1095333418,29.1,True,OSM-1095333418,2438.6,809,2.3,883,7.1,411,398,74,472,True
,meadow,1095334175,20.7,True,OSM-1095334175,1289.1,530,15.9,1369,7.1,411,119,839,958,True
,meadow,1095334180,24.5,True,OSM-1095334180,256.4,276,279.7,2001,12.2,1580,1304,1725,421,True
,meadow,1095334374,41.3,True,OSM-1095334374,0.0,1,22.6,1673,12.7,1635,1634,1672,38,True
,meadow,1095336428,43.9,True,OSM-1095336428,800.3,411,2.2,861,10.5,1273,862,450,412,True
,meadow,1095336429,54.1,True,OSM-1095336429,903.7,435,0.6,632,11.1,1407,972,197,775,True
,meadow,1095337611,86.9,True,OSM-1095337611,971.5,455,0.0,1,8.1,608,153,454,607,True
,meadow,1095337613,106.0,True,OSM-1095337613,1689.2,632,0.3,585,7.9,553,79,47,32,True
,meadow,1095375208,679.5,True,OSM-1095375208,4647.8,1286,0.0,1,6.9,379,907,1285,378,True
,meadow,1095375210,29.3,True,OSM-1095375210,5366.3,1437,2.1,843,10.4,1241,196,594,398,True
,meadow,1095375211,80.6,True,OSM-1095375211,4492.2,1256,0.0,1,8.2,634,622,1255,633,True
,meadow,1095375213,59.3,True,OSM-1095375213,5491.3,1463,1.8,792,10.2,1180,283,671,388,True
,meadow,1095375214,57.6,True,OSM-1095375214,5584.7,1486,0.0,1,8.2,634,852,1485,633,True
,meadow,1095375221,94.1,True,OSM-1095375221,4684.0,1296,16.8,1409,10.1,1149,147,113,260,True
,meadow,1095375222,92.0,True,OSM-1095375222,4147.9,1198,0.0,1,7.8,538,660,1197,537,True
,meadow,1095375223,28.4,True,OSM-1095375223,5144.6,1386,0.0,1,7.8,538,848,1385,537,True
,meadow,1095376095,37.3,True,OSM-1095376095,4503.6,1259,16.6,1397,8.2,634,625,138,763,True
,meadow,1095376096,46.9,True,OSM-1095376096,3809.3,1134,0.0,1,9.5,985,149,1133,984,True
,meadow,1095376551,107.6,True,OSM-1095376551,4963.7,1348,1.3,712,6.8,367,981,636,345,True
,meadow,1095376552,140.3,True,OSM-1095376552,4970.3,1350,4.8,1122,9.4,962,388,228,160,True
,meadow,1095376553,29.2,True,OSM-1095376553,6909.4,1702,4.2,1076,6.5,327,1375,626,749,True
,meadow,1095377022,62.0,True,OSM-1095377022,5131.4,1383,1.0,679,7.8,538,845,704,141,True
,meadow,1095377023,48.1,True,OSM-1095377023,5229.5,1407,97.0,1829,6.6,339,1068,422,1490,True
,meadow,1095377024,34.8,True,OSM-1095377024,4074.7,1187,0.0,1,7.8,538,649,1186,537,True
,meadow,1095377026,27.6,True,OSM-1095377026,4161.3,1201,0.0,1,13.2,1669,468,1200,1668,True
,meadow,1095377395,22.0,True,OSM-1095377395,5154.3,1389,18.7,1534,9.0,835,554,145,699,True
,meadow,1095377397,40.4,True,OSM-1095377397,5870.3,1543,2.3,883,7.1,411,1132,660,472,True
,meadow,1095377401,29.4,True,OSM-1095377401,6389.4,1634,3.4,1005,10.6,1303,331,629,298,True
,meadow,1095377842,22.0,True,OSM-1095377842,6282.6,1615,21.2,1630,13.6,1702,87,15,72,True
,meadow,1095377845,33.5,True,OSM-1095377845,7045.4,1713,0.0,1,11.0,1387,326,1712,1386,True
,meadow,1095396533,221.6,True,OSM-1095396533,10785.7,2049,0.0,1,5.7,238,1811,2048,237,True
,meadow,1095396536,42.4,True,OSM-1095396536,13244.0,2187,1.8,792,11.3,1447,740,1395,655,True
,meadow,1095396537,23.0,True,OSM-1095396537,12843.4,2169,1.6,765,11.9,1542,627,1404,777,True
,meadow,1095397036,44.4,True,OSM-1095397036,12198.1,2137,1.3,712,9.1,863,1274,1425,151,True
,meadow,1095397037,25.7,True,OSM-1095397037,12333.4,2145,0.0,1,9.7,1039,1106,2144,1038,True
,meadow,1095397040,85.0,True,OSM-1095397040,10690.2,2037,0.0,1,8.9,802,1235,2036,801,True
,meadow,1095397644,61.4,True,OSM-1095397644,9250.6,1947,0.0,1,10.5,1273,674,1946,1272,True
,meadow,1095397645,178.9,True,OSM-1095397645,8181.4,1834,0.0,1,6.9,379,1455,1833,378,True
,meadow,1095397646,92.9,True,OSM-1095397646,8201.3,1838,10.3,1268,7.4,459,1379,570,809,True
,meadow,1095412620,564.0,True,OSM-1095412620,8241.9,1849,0.0,1,4.8,174,1675,1848,173,True
,meadow,1095412621,67.9,True,OSM-1095412621,6784.2,1688,0.0,1,5.2,201,1487,1687,200,True
,meadow,1095444695,31.7,True,OSM-1095444695,13658.7,2203,16.9,1414,8.6,716,1487,789,698,True
,meadow,1095444697,20.9,True,OSM-1095444697,13461.5,2194,0.7,639,10.8,1345,849,1555,706,True
,meadow,1095444700,95.3,True,OSM-1095444700,13485.3,2195,3.8,1042,7.4,459,1736,1153,583,True
,meadow,1095444913,24.8,True,OSM-1095444913,12904.4,2174,2.1,843,7.9,553,1621,1331,290,True
,meadow,1095444916,36.8,True,OSM-1095444916,12450.8,2149,14.0,1325,8.4,680,1469,824,645,True
,meadow,1095493191,57.5,True,OSM-1095493191,1418.4,566,0.0,1,8.4,680,114,565,679,True
,meadow,1095493192,26.4,True,OSM-1095493192,1621.9,612,0.0,1,10.2,1180,568,611,1179,True
,meadow,1095493193,50.8,True,OSM-1095493193,2347.1,782,2.7,935,9.0,835,53,153,100,True
,meadow,1095493207,47.0,True,OSM-1095493207,1021.9,465,18.4,1516,10.3,1215,750,1051,301,True
,meadow,1095493595,34.8,True,OSM-1095493595,2509.7,836,17.5,1454,9.7,1039,203,618,415,True
,meadow,1095493596,25.5,True,OSM-1095493596,2502.6,833,0.0,1,7.0,395,438,832,394,True
,meadow,1095586036,105.9,True,OSM-1095586036,12159.2,2135,0.0,1,8.0,584,1551,2134,583,True
,meadow,1095586037,87.9,True,OSM-1095586037,12157.1,2134,0.0,1,7.7,517,1617,2133,516,True
,meadow,1095586038,32.1,True,OSM-1095586038,11713.5,2108,5.7,1166,3.7,114,1994,942,1052,True
,meadow,1095586039,61.0,True,OSM-1095586039,10726.1,2041,0.0,1,5.8,251,1790,2040,250,True
,meadow,1095586040,27.4,True,OSM-1095586040,10970.0,2060,38.4,1734,27.6,1859,201,326,125,True
,meadow,1095586043,123.6,True,OSM-1095586043,11356.7,2084,0.0,1,9.2,886,1198,2083,885,True
,meadow,1095586508,37.4,True,OSM-1095586508,10348.1,2012,121.4,1869,88.2,1900,112,143,31,True
,meadow,1095586511,97.9,True,OSM-1095586511,8406.0,1865,63.7,1783,911.2,2306,441,82,523,True
,meadow,1095606394,405.1,True,OSM-1095606394,6223.8,1608,0.0,1,0.0,1,1607,1607,0,True
,meadow,1095606395,47.8,True,OSM-1095606395,4618.8,1282,0.0,1,7.8,538,744,1281,537,True
,meadow,1095606396,51.2,True,OSM-1095606396,4006.7,1173,0.8,650,10.3,1215,42,523,565,True
,meadow,1095606400,107.2,True,OSM-1095606400,3449.1,1072,315.1,2024,446.5,2118,1046,952,94,True
,meadow,1095606401,413.4,True,OSM-1095606401,2245.2,761,0.0,1,5.0,189,572,760,188,True
,meadow,1095612237,22.3,True,OSM-1095612237,3248.5,1022,1.3,712,10.1,1149,127,310,437,True
,meadow,1095612238,327.3,True,OSM-1095612238,2335.3,780,0.0,1,2.7,74,706,779,73,True
,meadow,1095612239,96.9,True,OSM-1095612239,1745.7,648,0.3,585,5.2,201,447,63,384,True
,meadow,1095612240,334.6,True,OSM-1095612240,414.0,314,0.0,1,9.6,1011,697,313,1010,True
,meadow,1096045564,117.4,True,OSM-1096045564,5232.6,1409,3.4,1005,11.7,1519,110,404,514,True
,meadow,1096045566,69.5,True,OSM-1096045566,5364.1,1435,0.8,650,10.2,1180,255,785,530,True
,meadow,1096045567,83.8,True,OSM-1096045567,5110.7,1380,2.3,883,7.9,553,827,497,330,True
,meadow,1096045570,113.1,True,OSM-1096045570,3732.1,1123,0.0,1,7.0,395,728,1122,394,True
,meadow,1096045572,99.6,True,OSM-1096045572,2887.4,937,0.9,665,9.0,835,102,272,170,True
,meadow,1096045573,80.3,True,OSM-1096045573,2509.9,837,125.4,1875,205.3,1979,1142,1038,104,True
,meadow,1096045576,23.1,True,OSM-1096045576,2461.3,824,20.3,1605,9.5,985,161,781,620,True
,meadow,1096045577,48.1,True,OSM-1096045577,4177.6,1205,7.0,1216,10.6,1303,98,11,87,True
,meadow,1096046158,42.8,True,OSM-1096046158,3439.8,1068,1.4,725,10.9,1370,302,343,645,True
,meadow,1096046159,51.0,True,OSM-1096046159,2837.7,922,400.4,2082,5.5,221,701,1160,1861,True
,meadow,1096046162,89.5,True,OSM-1096046162,2463.3,825,14.1,1327,6.8,367,458,502,960,True
,meadow,1096118611,153.1,True,OSM-1096118611,0.0,1,0.0,1,10.2,1180,1179,0,1179,True
,meadow,1096118612,32.9,True,OSM-1096118612,0.0,1,21.4,1640,11.3,1447,1446,1639,193,True
,meadow,1096118613,42.2,True,OSM-1096118613,53.5,212,22.0,1660,11.1,1407,1195,1448,253,True
,meadow,1096118614,28.3,True,OSM-1096118614,0.0,1,69.4,1792,237.6,2005,2004,1791,213,True
,meadow,1096118615,23.7,True,OSM-1096118615,0.0,1,14.1,1327,5.0,189,188,1326,1138,True
,meadow,1096118617,34.5,True,OSM-1096118617,210.3,258,42.2,1741,13.5,1695,1437,1483,46,True
,meadow,1096118619,46.5,True,OSM-1096118619,712.6,391,118.7,1864,0.8,48,343,1473,1816,True
,meadow,1096118620,36.2,True,OSM-1096118620,1028.2,469,20.0,1596,7.9,553,84,1127,1043,True
,meadow,1096246690,824.2,True,OSM-1096246690,1037.4,473,0.0,1,8.8,769,296,472,768,True
,meadow,1096246691,37.6,True,OSM-1096246691,542.2,346,2.9,961,11.5,1488,1142,615,527,True
,meadow,1096246692,194.9,True,OSM-1096246692,0.0,1,0.0,1,6.1,279,278,0,278,True
,meadow,1096250577,661.9,True,OSM-1096250577,0.0,1,0.0,1,6.1,279,278,0,278,True
,meadow,1096250578,222.5,True,OSM-1096250578,0.0,1,1.0,679,7.6,494,493,678,185,True
,meadow,1096292387,24.5,True,OSM-1096292387,2460.3,823,22.1,1663,8.9,802,21,840,861,True
,meadow,1096292388,53.9,True,OSM-1096292388,2810.1,914,20.6,1613,6.9,379,535,699,1234,True
,meadow,1096292389,329.6,True,OSM-1096292389,2240.6,759,2.6,926,8.8,769,10,167,157,True
,meadow,1096292390,48.2,True,OSM-1096292390,2137.1,738,1.3,712,7.5,475,263,26,237,True
,meadow,1096292391,45.2,True,OSM-1096292391,2917.4,947,18.4,1516,4.0,129,818,569,1387,True
,meadow,1096292392,83.5,True,OSM-1096292392,3281.4,1029,0.4,595,10.2,1180,151,434,585,True
,meadow,1096292393,65.7,True,OSM-1096292393,3764.5,1127,0.0,1,10.3,1215,88,1126,1214,True
,meadow,1096292394,21.8,True,OSM-1096292394,2845.7,925,803.5,2267,4.0,129,796,1342,2138,True
,meadow,1096292395,54.3,True,OSM-1096292395,2687.0,881,402.0,2084,0.0,1,880,1203,2083,True
,meadow,1096292396,21.1,True,OSM-1096292396,2304.4,776,285.6,2006,4.7,170,606,1230,1836,True
,meadow,1096292398,22.0,True,OSM-1096292398,1954.6,705,4.0,1061,0.0,1,704,356,1060,True
,meadow,1096292399,21.0,True,OSM-1096292399,2027.8,716,1.8,792,10.3,1215,499,76,423,True
,meadow,1096292403,34.6,True,OSM-1096292403,2283.7,770,3.7,1031,2.3,63,707,261,968,True
,meadow,1096292405,189.5,True,OSM-1096292405,3071.3,983,3.8,1042,8.9,802,181,59,240,True
,meadow,1096292408,76.8,True,OSM-1096292408,3326.7,1038,0.0,1,6.8,367,671,1037,366,True
,meadow,1096292409,67.7,True,OSM-1096292409,4545.8,1269,0.0,1,7.4,459,810,1268,458,True
,meadow,1096319152,95.1,True,OSM-1096319152,4496.0,1258,0.0,1,6.6,339,919,1257,338,True
,meadow,1096319154,49.4,True,OSM-1096319154,5567.2,1482,22.3,1668,11.3,1447,35,186,221,True
,meadow,1096319160,25.8,True,OSM-1096319160,5236.7,1411,157.1,1904,10.8,1345,66,493,559,True
,meadow,1096319161,23.6,True,OSM-1096319161,5686.9,1503,500.5,2137,466.6,2129,626,634,8,True
,meadow,1096319162,52.7,True,OSM-1096319162,5350.7,1430,17.1,1421,9.3,926,504,9,495,True
,meadow,1096319163,41.0,True,OSM-1096319163,6377.6,1631,582.6,2186,574.7,2194,563,555,8,True
,meadow,1096319164,49.7,True,OSM-1096319164,6300.8,1618,29.2,1715,21.3,1835,217,97,120,True
,meadow,1096319165,26.3,True,OSM-1096319165,5827.8,1529,22.6,1673,14.1,1728,199,144,55,True
,meadow,1096319166,24.2,True,OSM-1096319166,5375.7,1439,17.1,1421,9.3,926,513,18,495,True
,meadow,1096319169,38.1,True,OSM-1096319169,4741.0,1308,1.6,765,8.9,802,506,543,37,True
,meadow,1096319170,114.0,True,OSM-1096319170,4033.9,1182,2.0,828,6.6,339,843,354,489,True
,meadow,1096319171,44.2,True,OSM-1096319171,3403.9,1059,2.3,883,8.6,716,343,176,167,True
,meadow,1096319175,121.7,True,OSM-1096319175,3873.6,1150,3.1,980,11.3,1447,297,170,467,True
,meadow,1096319176,47.6,True,OSM-1096319176,3239.4,1021,18.0,1484,13.1,1662,641,463,178,True
,meadow,1096319177,28.4,True,OSM-1096319177,2521.1,841,4.8,1122,8.9,802,39,281,320,True
,meadow,1096319178,30.0,True,OSM-1096319178,2583.5,853,1.2,706,7.5,475,378,147,231,True
,meadow,1096319182,47.8,True,OSM-1096319182,4775.9,1313,0.5,611,9.1,863,450,702,252,True
,meadow,1096319183,55.1,True,OSM-1096319183,4863.8,1330,590.4,2190,7.0,395,935,860,1795,True
,meadow,1096319184,38.4,True,OSM-1096319184,4313.3,1223,379.7,2064,8.2,634,589,841,1430,True
,meadow,1096319950,40.1,True,OSM-1096319950,3416.6,1060,447.6,2108,15.0,1762,702,1048,346,True
,meadow,1096319951,20.6,True,OSM-1096319951,4349.7,1230,996.1,2296,11.7,1519,289,1066,777,True
,meadow,1096319954,41.1,True,OSM-1096319954,4450.1,1245,791.7,2259,11.7,1519,274,1014,740,True
,meadow,1096319955,50.7,True,OSM-1096319955,4798.4,1317,606.7,2201,11.1,1407,90,884,794,True
,meadow,1096319956,30.7,True,OSM-1096319956,5411.7,1444,3.5,1016,11.1,1407,37,428,391,True
,meadow,1096319957,20.0,True,OSM-1096319957,5485.4,1461,3.3,994,11.6,1505,44,467,511,True
,meadow,1096319958,30.1,True,OSM-1096319958,5013.8,1359,2.1,843,11.1,1407,48,516,564,True
,meadow,1096319959,23.7,True,OSM-1096319959,4640.9,1284,2.3,883,11.1,1407,123,401,524,True
,meadow,1096319960,24.1,True,OSM-1096319960,4264.8,1216,1.3,712,9.8,1071,145,504,359,True
,meadow,1096319961,74.8,True,OSM-1096319961,3130.1,991,0.7,639,9.3,926,65,352,287,True
,meadow,1096319966,20.2,True,OSM-1096319966,4245.3,1215,17.5,1454,9.1,863,352,239,591,True
,meadow,1096319967,37.9,True,OSM-1096319967,4511.4,1261,17.6,1462,8.4,680,581,201,782,True
,meadow,1096319968,27.6,True,OSM-1096319968,4998.4,1356,16.6,1397,7.7,517,839,41,880,True
,meadow,1096320865,29.7,True,OSM-1096320865,5293.9,1418,17.2,1434,8.2,634,784,16,800,True
,meadow,1096320866,71.4,True,OSM-1096320866,5567.9,1483,17.3,1442,8.2,634,849,41,808,True
,meadow,1096320867,28.8,True,OSM-1096320867,6142.9,1592,19.7,1585,11.0,1387,205,7,198,True
,meadow,1096320868,43.7,True,OSM-1096320868,6468.3,1647,207.5,1945,13.4,1687,40,298,258,True
,meadow,1096320869,85.0,True,OSM-1096320869,6361.6,1627,2.2,861,10.0,1124,503,766,263,True
,meadow,1096320871,44.0,True,OSM-1096320871,9265.9,1949,18.1,1491,11.7,1519,430,458,28,True
,meadow,1096735846,72.1,True,OSM-1096735846,5472.3,1455,5.0,1143,9.7,1039,416,312,104,True
,meadow,1096735847,83.2,True,OSM-1096735847,5618.0,1493,156.8,1903,9.0,835,658,410,1068,True
,meadow,1096735848,22.2,True,OSM-1096735848,5867.4,1541,108.2,1847,289.0,2037,496,306,190,True
,meadow,1096735856,21.0,True,OSM-1096735856,6665.7,1673,6.9,1213,15.1,1765,92,460,552,True
,meadow,1096735857,58.9,True,OSM-1096735857,7046.2,1714,2.6,926,11.6,1505,209,788,579,True
,meadow,1096735858,58.1,True,OSM-1096735858,8004.1,1818,3.8,1042,11.3,1447,371,776,405,True
,meadow,1096735859,36.3,True,OSM-1096735859,7359.9,1747,634.0,2210,643.1,2230,483,463,20,True
,meadow,1096735860,48.7,True,OSM-1096735860,7154.9,1725,654.3,2220,662.3,2248,523,495,28,True
,meadow,1096735861,28.9,True,OSM-1096735861,7763.8,1789,793.2,2260,800.9,2286,497,471,26,True
,meadow,1096735862,31.7,True,OSM-1096735862,8310.6,1853,204.7,1943,212.3,1984,131,90,41,True
,meadow,1096735865,120.1,True,OSM-1096735865,8218.1,1843,2.0,828,10.7,1319,524,1015,491,True
,meadow,1096735866,54.6,True,OSM-1096735866,9055.6,1931,4.5,1095,10.5,1273,658,836,178,True
,meadow,1096735867,24.7,True,OSM-1096735867,8562.5,1886,4.7,1109,12.4,1601,285,777,492,True
,meadow,1096735868,102.9,True,OSM-1096735868,7580.4,1774,0.0,1,11.2,1428,346,1773,1427,True
,meadow,1096735869,24.9,True,OSM-1096735869,8705.3,1901,506.7,2142,514.5,2152,251,241,10,True
,meadow,1096735870,51.0,True,OSM-1096735870,9200.0,1945,21.8,1653,13.7,1708,237,292,55,True
,meadow,1096735871,64.2,True,OSM-1096735871,9118.1,1938,19.6,1576,12.1,1565,373,362,11,True
,meadow,1096735872,61.2,True,OSM-1096735872,8992.1,1926,0.0,1,9.2,886,1040,1925,885,True
,meadow,1096735873,82.3,True,OSM-1096735873,8830.4,1913,4.2,1076,10.3,1215,698,837,139,True
,meadow,1096735875,24.3,True,OSM-1096735875,8823.6,1912,403.0,2085,390.7,2091,179,173,6,True
,meadow,1096735879,20.3,True,OSM-1096735879,7562.1,1772,332.5,2038,320.0,2051,279,266,13,True
,meadow,1096735882,24.9,True,OSM-1096735882,6605.5,1668,0.4,595,8.3,663,1005,1073,68,True
,meadow,1096807978,42.8,True,OSM-1096807978,6072.1,1582,886.2,2282,864.4,2296,714,700,14,True
,meadow,1096807979,40.7,True,OSM-1096807979,6011.4,1572,640.1,2212,629.1,2219,647,640,7,True
,meadow,1096807980,33.1,True,OSM-1096807980,6696.8,1678,649.5,2217,638.6,2228,550,539,11,True
,meadow,1096807981,82.1,True,OSM-1096807981,5964.5,1557,21.8,1653,10.6,1303,254,96,350,True
,meadow,1096807982,38.9,True,OSM-1096807982,7305.8,1742,18.9,1546,7.7,517,1225,196,1029,True
,meadow,1096807984,34.5,True,OSM-1096807984,7943.7,1811,20.4,1608,5.6,232,1579,203,1376,True
,meadow,1096807986,36.1,True,OSM-1096807986,8009.2,1819,0.0,1,11.1,1407,412,1818,1406,True
,meadow,1096807987,34.4,True,OSM-1096807987,8082.9,1823,5.6,1164,12.2,1580,243,659,416,True
,meadow,1096807988,35.2,True,OSM-1096807988,7427.8,1755,567.7,2180,646.2,2234,479,425,54,True
,meadow,1096807989,20.0,True,OSM-1096807989,7396.5,1751,251.2,1977,665.6,2249,498,226,272,True
,meadow,1096807994,21.2,True,OSM-1096807994,6775.4,1687,1081.3,2305,1168.5,2322,635,618,17,True
,meadow,1096807996,51.5,True,OSM-1096807996,7977.6,1813,16.1,1376,8.8,769,1044,437,607,True
,meadow,1096807997,50.4,True,OSM-1096807997,7130.8,1723,599.0,2197,605.4,2208,485,474,11,True
,meadow,1096807998,96.2,True,OSM-1096807998,7220.3,1733,12.8,1308,11.1,1407,326,425,99,True
,meadow,1096808000,58.9,True,OSM-1096808000,8775.5,1909,2.5,914,14.6,1752,157,995,838,True
,meadow,1096808001,74.3,True,OSM-1096808001,8093.3,1827,18.0,1484,29.4,1865,38,343,381,True
,meadow,1096808002,55.0,True,OSM-1096808002,8561.4,1885,836.5,2274,847.9,2293,408,389,19,True
,meadow,1096808003,70.5,True,OSM-1096808003,7610.3,1777,133.7,1881,146.2,1939,162,104,58,True
,meadow,1096808004,51.4,True,OSM-1096808004,7376.3,1749,213.8,1951,226.3,1994,245,202,43,True
,meadow,1096808006,86.1,True,OSM-1096808006,6483.2,1651,0.0,1,8.0,584,1067,1650,583,True
,meadow,1096845077,29.3,True,OSM-1096845077,1136.6,494,1140.9,2312,341.6,2062,1568,1818,250,True
,meadow,1096845078,28.7,True,OSM-1096845078,1457.4,576,847.5,2276,134.0,1931,1355,1700,345,True
,meadow,1096845079,48.3,True,OSM-1096845079,1847.0,674,59.6,1774,9.1,863,189,1100,911,True
,meadow,1096845082,39.9,True,OSM-1096845082,3073.3,984,0.4,595,9.6,1011,27,389,416,True
,meadow,1096845087,20.0,True,OSM-1096845087,1905.9,691,254.4,1980,11.4,1469,778,1289,511,True
,meadow,1096846303,46.5,True,OSM-1096846303,0.0,1,3.3,994,11.4,1469,1468,993,475,True
,meadow,1096846304,24.0,True,OSM-1096846304,0.0,1,3.2,986,11.4,1469,1468,985,483,True
,meadow,1096846308,22.8,True,OSM-1096846308,0.0,1,10.5,1277,12.0,1553,1552,1276,276,True
,meadow,1096846309,36.9,True,OSM-1096846309,109.1,225,3.3,994,406.0,2095,1870,769,1101,True
,meadow,1096846312,23.6,True,OSM-1096846312,884.6,429,0.0,1,4.0,129,300,428,128,True
,meadow,1096846316,48.8,True,OSM-1096846316,893.9,431,450.5,2110,386.0,2087,1656,1679,23,True
,meadow,1096846321,20.8,True,OSM-1096846321,2007.4,714,702.3,2236,686.5,2257,1543,1522,21,True
,meadow,1096846323,25.1,True,OSM-1096846323,1281.9,527,772.5,2257,611.9,2211,1684,1730,46,True
,meadow,1096932490,41.5,True,OSM-1096932490,6118.7,1588,4.5,1095,12.4,1601,13,493,506,True
,meadow,1096932491,66.3,True,OSM-1096932491,5681.8,1502,0.0,1,11.6,1505,3,1501,1504,True
,meadow,1096932492,35.2,True,OSM-1096932492,5090.5,1377,506.3,2141,602.9,2207,830,764,66,True
,meadow,1096932503,35.4,True,OSM-1096932503,5157.8,1390,528.7,2155,519.5,2156,766,765,1,True
,meadow,1096932509,56.9,True,OSM-1096932509,5051.2,1367,16.4,1388,5.0,189,1178,21,1199,True
,meadow,1096932510,32.3,True,OSM-1096932510,4480.9,1254,0.3,585,5.8,251,1003,669,334,True
,meadow,1096932511,29.0,True,OSM-1096932511,4542.2,1267,597.1,2195,601.2,2204,937,928,9,True
,meadow,1096932512,148.6,True,OSM-1096932512,3628.0,1106,17.1,1421,8.1,608,498,315,813,True
,meadow,1096932517,89.5,True,OSM-1096932517,2398.6,797,85.4,1809,171.6,1955,1158,1012,146,True
,meadow,1096934553,31.3,True,OSM-1096934553,5980.5,1563,0.0,1,8.0,584,979,1562,583,True
,meadow,1096934557,22.2,True,OSM-1096934557,5468.5,1454,18.9,1546,9.5,985,469,92,561,True
,meadow,1096934558,46.7,True,OSM-1096934558,4896.4,1339,21.5,1643,11.6,1505,166,304,138,True
,meadow,1096934562,41.9,True,OSM-1096934562,3045.8,975,0.0,1,9.0,835,140,974,834,True
,meadow,1096970654,302.0,True,OSM-1096970654,0.0,1,3.4,1005,5.8,251,250,1004,754,True
,meadow,1096970656,30.7,True,OSM-1096970656,379.5,306,5.4,1160,9.0,835,529,854,325,True
,meadow,1096970660,156.8,True,OSM-1096970660,782.0,406,0.0,1,6.1,279,127,405,278,True
,meadow,1096970662,21.1,True,OSM-1096970662,1140.5,496,216.7,1955,225.9,1992,1496,1459,37,True
,meadow,1096970663,75.6,True,OSM-1096970663,1641.3,621,46.4,1752,716.2,2265,1644,1131,513,True
,meadow,1096970664,38.5,True,OSM-1096970664,980.2,457,2.3,883,11.7,1519,1062,426,636,True
,meadow,1096970665,39.7,True,OSM-1096970665,1027.3,468,0.0,1,10.3,1215,747,467,1214,True
,meadow,1096970666,36.5,True,OSM-1096970666,1722.8,640,5.2,1153,30.0,1866,1226,513,713,True
,meadow,1096970667,33.5,True,OSM-1096970667,1532.4,592,0.0,1,28.2,1862,1270,591,1861,True
,meadow,1096970668,57.9,True,OSM-1096970668,1142.4,498,498.9,2136,526.4,2163,1665,1638,27,True
,meadow,1096970669,26.8,True,OSM-1096970669,965.5,452,22.2,1666,25.7,1855,1403,1214,189,True
,meadow,1096970670,161.4,True,OSM-1096970670,1168.0,504,1.5,743,10.7,1319,815,239,576,True
,meadow,1096970671,42.8,True,OSM-1096970671,1394.9,559,5.8,1172,153.7,1945,1386,613,773,True
,meadow,1097256241,34.4,True,OSM-1097256241,1927.6,699,853.9,2279,6.1,279,420,1580,2000,True
,meadow,1097256242,26.2,True,OSM-1097256242,1628.7,615,779.6,2258,10.9,1370,755,1643,888,True
,meadow,1097256244,33.8,True,OSM-1097256244,1164.5,502,77.5,1800,10.4,1241,739,1298,559,True
,meadow,1097256246,41.2,True,OSM-1097256246,1433.2,571,739.9,2246,350.0,2066,1495,1675,180,True
,farmland,1097256250,23.7,True,OSM-1097256250,1366.0,552,192.9,1934,180.8,1962,1410,1382,28,True
,farmland,1097256252,21.3,True,OSM-1097256252,299.8,290,0.0,1,6.7,355,65,289,354,True
,meadow,1097256253,114.9,True,OSM-1097256253,0.0,1,4.5,1095,9.3,926,925,1094,169,True
,meadow,1097256254,20.7,True,OSM-1097256254,72.5,217,456.8,2112,10.2,1180,963,1895,932,True
,meadow,1097256255,79.2,True,OSM-1097256255,0.0,1,0.0,1,3.8,119,118,0,118,True
,meadow,1097256257,154.7,True,OSM-1097256257,1075.5,478,0.0,1,8.1,608,130,477,607,True
,meadow,1097256258,24.5,True,OSM-1097256258,2265.0,764,7.8,1232,8.0,584,180,468,648,True
,meadow,1097256259,66.3,True,OSM-1097256259,2744.2,894,16.0,1371,8.0,584,310,477,787,True
,meadow,1097459651,21.9,True,OSM-1097459651,5585.4,1488,17.4,1447,10.5,1273,215,41,174,True
,meadow,1097459653,20.4,True,OSM-1097459653,5482.8,1459,394.6,2077,10.9,1370,89,618,707,True
,meadow,1097459655,231.3,True,OSM-1097459655,3857.5,1145,4.8,1122,12.1,1565,420,23,443,True
,meadow,1097459656,39.5,True,OSM-1097459656,4338.5,1229,420.7,2098,822.4,2289,1060,869,191,True
,meadow,1097459657,62.8,True,OSM-1097459657,4495.1,1257,44.4,1748,643.8,2231,974,491,483,True
,meadow,1097459658,107.3,True,OSM-1097459658,3390.4,1054,596.7,2193,758.0,2278,1224,1139,85,True
,meadow,1097459659,42.9,True,OSM-1097459659,3060.8,979,682.3,2228,1201.2,2329,1350,1249,101,True
,meadow,1097459660,70.5,True,OSM-1097459660,2722.9,890,600.1,2199,771.3,2281,1391,1309,82,True
,meadow,1097459661,67.3,True,OSM-1097459661,2563.8,849,96.0,1826,244.1,2009,1160,977,183,True
,meadow,1097459662,108.0,True,OSM-1097459662,1901.4,689,2.7,935,11.1,1407,718,246,472,True
,meadow,1097459663,41.0,True,OSM-1097459663,1770.9,657,466.8,2119,459.0,2127,1470,1462,8,True
,meadow,1097460627,55.6,True,OSM-1097460627,2040.4,719,633.5,2209,661.6,2247,1528,1490,38,True
,meadow,1097460639,21.1,True,OSM-1097460639,2400.8,798,18.1,1491,653.8,2240,1442,693,749,True
,meadow,1097460644,23.3,True,OSM-1097460644,1749.6,650,340.0,2043,332.0,2060,1410,1393,17,True
,meadow,1097460645,25.8,True,OSM-1097460645,1416.1,565,12.9,1310,4.5,155,410,745,1155,True
,meadow,1097460646,26.6,True,OSM-1097460646,2158.3,741,78.3,1801,137.9,1935,1194,1060,134,True
,meadow,1097460647,24.6,True,OSM-1097460647,2871.7,930,110.3,1850,729.1,2270,1340,920,420,True
,meadow,1097487108,46.8,True,OSM-1097487108,0.0,1,535.7,2160,908.7,2305,2304,2159,145,True
,meadow,1097487110,76.4,True,OSM-1097487110,105.1,224,17.1,1421,8.1,608,384,1197,813,True
,meadow,1097498857,43.4,True,OSM-1097498857,3919.9,1161,694.5,2233,703.2,2264,1103,1072,31,True
,meadow,1097498859,39.5,True,OSM-1097498859,4129.8,1195,3.2,986,13.1,1662,467,209,676,True
,meadow,1097498861,30.4,True,OSM-1097498861,3498.5,1084,4.9,1134,10.9,1370,286,50,236,True
,meadow,1097498863,43.9,True,OSM-1097498863,3253.9,1024,542.8,2163,549.3,2176,1152,1139,13,True
,meadow,1097498864,44.0,True,OSM-1097498864,2830.9,921,0.0,1,9.2,886,35,920,885,True
,meadow,1097498875,85.7,True,OSM-1097498875,2810.2,915,0.0,1,4.1,137,778,914,136,True
,meadow,1097498878,66.1,True,OSM-1097498878,2050.4,721,0.0,1,8.5,693,28,720,692,True
,meadow,1097498884,20.8,True,OSM-1097498884,1715.1,639,61.3,1777,55.0,1886,1247,1138,109,True
,meadow,1097498888,21.2,True,OSM-1097498888,1586.5,605,12.1,1303,8.5,693,88,698,610,True
,meadow,1097498889,26.0,True,OSM-1097498889,1833.2,670,7.9,1236,15.7,1783,1113,566,547,True
,meadow,1097498891,23.9,True,OSM-1097498891,1507.5,587,17.0,1415,11.8,1537,950,828,122,True
,meadow,1097500434,81.8,True,OSM-1097500434,5796.4,1522,96.1,1827,5.9,261,1261,305,1566,True
,meadow,1097500436,22.0,True,OSM-1097500436,6043.8,1581,1.4,725,7.5,475,1106,856,250,True
,meadow,1097523726,143.6,True,OSM-1097523726,2713.7,887,18.3,1505,9.2,886,1,618,619,False
,meadow,1097523727,107.8,True,OSM-1097523727,3634.3,1107,4.6,1101,11.5,1488,381,6,387,True
,meadow,1097523728,84.3,True,OSM-1097523728,2164.1,745,3.4,1005,13.3,1674,929,260,669,True
,meadow,1097523729,52.8,True,OSM-1097523729,2936.4,953,0.0,1,13.9,1721,768,952,1720,True
,meadow,1097523730,48.5,True,OSM-1097523730,1355.4,550,1.8,792,10.8,1345,795,242,553,True
,meadow,1097523731,47.9,True,OSM-1097523731,1255.5,519,19.6,1576,9.4,962,443,1057,614,True
,meadow,1097523732,58.5,True,OSM-1097523732,906.7,436,17.5,1454,7.6,494,58,1018,960,True
,meadow,1097523733,25.1,True,OSM-1097523733,847.1,423,19.2,1560,10.0,1124,701,1137,436,True
,meadow,1097523734,21.0,True,OSM-1097523734,1711.0,636,22.8,1678,12.8,1647,1011,1042,31,True
,meadow,1097523735,21.6,True,OSM-1097523735,1341.5,547,425.3,2100,424.2,2111,1564,1553,11,True
,meadow,1097523740,34.1,True,OSM-1097523740,1323.6,544,85.0,1808,11.1,1407,863,1264,401,True
,meadow,1097523741,30.7,True,OSM-1097523741,823.8,418,22.6,1673,9.4,962,544,1255,711,True
,meadow,1097523750,66.7,True,OSM-1097523750,112.4,227,0.0,1,6.4,315,88,226,314,True
,meadow,1097523754,36.3,True,OSM-1097523754,228.8,263,247.7,1975,243.7,2008,1745,1712,33,True
,meadow,1097545199,90.9,True,OSM-1097545199,6041.9,1580,0.3,585,7.5,475,1105,995,110,True
,meadow,1097545201,33.5,True,OSM-1097545201,6303.2,1619,1.8,792,10.2,1180,439,827,388,True
,meadow,1097545203,26.6,True,OSM-1097545203,5855.2,1536,0.0,1,569.7,2189,653,1535,2188,True
,meadow,1097545204,37.0,True,OSM-1097545204,5355.6,1433,0.0,1,12.5,1613,180,1432,1612,True
,meadow,1097545205,118.5,True,OSM-1097545205,4336.1,1228,0.0,1,8.2,634,594,1227,633,True
,meadow,1097545206,25.8,True,OSM-1097545206,4456.7,1246,2.3,883,10.6,1303,57,363,420,True
,meadow,1098006711,24.8,True,OSM-1098006711,2002.2,713,10.7,1279,7.7,517,196,566,762,True
,meadow,1098006712,116.6,True,OSM-1098006712,1739.8,645,0.0,1,6.5,327,318,644,326,True
,meadow,1098006713,42.5,True,OSM-1098006713,3068.0,981,19.1,1555,3.2,93,888,574,1462,True
,meadow,1098006714,50.2,True,OSM-1098006714,2982.9,962,20.7,1618,11.1,1407,445,656,211,True
,meadow,1098006715,22.0,True,OSM-1098006715,2437.2,807,747.4,2250,10.4,1241,434,1443,1009,True
,meadow,1098006716,87.5,True,OSM-1098006716,783.1,407,23.8,1687,10.4,1241,834,1280,446,True
,meadow,1098006717,22.1,True,OSM-1098006717,2349.8,784,349.7,2048,418.9,2109,1325,1264,61,True
,meadow,1098006718,37.4,True,OSM-1098006718,1627.1,613,126.7,1877,556.6,2180,1567,1264,303,True
,meadow,1098006719,27.8,True,OSM-1098006719,2253.8,762,0.0,1,348.6,2065,1303,761,2064,True
,meadow,1098006720,52.7,True,OSM-1098006720,1386.1,555,0.1,558,9.7,1039,484,3,481,True
,meadow,1098006722,20.4,True,OSM-1098006722,2515.9,840,2.7,935,12.1,1565,725,95,630,True
,meadow,1098006725,60.6,True,OSM-1098006725,2702.3,883,19.4,1566,10.0,1124,241,683,442,True
,meadow,1098006726,33.6,True,OSM-1098006726,2878.3,933,418.6,2095,408.9,2097,1164,1162,2,True
,meadow,1098006728,45.4,True,OSM-1098006728,4086.5,1189,0.0,1,8.9,802,387,1188,801,True
,meadow,1098006730,27.4,True,OSM-1098006730,3893.8,1155,0.5,611,9.4,962,193,544,351,True
,meadow,1098006731,158.6,True,OSM-1098006731,3363.8,1048,1.5,743,8.1,608,440,305,135,True
,meadow,1098006732,25.7,True,OSM-1098006732,4504.2,1260,327.3,2034,317.4,2050,790,774,16,True
,meadow,1098066463,69.5,True,OSM-1098066463,5070.6,1371,1.5,743,12.4,1601,230,628,858,True
,meadow,1098066478,20.9,True,OSM-1098066478,6154.7,1593,18.5,1522,6.2,288,1305,71,1234,True
,meadow,1098066479,25.1,True,OSM-1098066479,6093.3,1585,64.1,1785,9.9,1099,486,200,686,True
,meadow,1098066480,23.8,True,OSM-1098066480,5481.6,1458,351.1,2049,10.5,1273,185,591,776,True
,meadow,1098066481,22.9,True,OSM-1098066481,5583.3,1485,277.3,1998,266.2,2017,532,513,19,True
,meadow,1098066484,41.7,True,OSM-1098066484,4536.9,1266,38.9,1736,8.1,608,658,470,1128,True
,meadow,1098066485,56.0,True,OSM-1098066485,4807.6,1321,62.5,1779,53.1,1885,564,458,106,True
,meadow,1098068096,72.7,True,OSM-1098068096,6025.6,1574,0.0,1,8.0,584,990,1573,583,True
,meadow,1098068097,30.2,True,OSM-1098068097,5554.6,1479,0.0,1,13.3,1674,195,1478,1673,True
,meadow,1098328060,69.1,True,OSM-1098328060,4735.6,1307,2.3,883,10.1,1149,158,424,266,True
,meadow,1098328061,76.9,True,OSM-1098328061,4524.4,1262,2.2,861,10.9,1370,108,401,509,True
,meadow,1098328064,46.8,True,OSM-1098328064,4898.7,1340,0.0,1,6.4,315,1025,1339,314,True
,meadow,1098328065,59.5,True,OSM-1098328065,3650.6,1111,21.5,1643,1.8,57,1054,532,1586,True
,meadow,1098328066,20.7,True,OSM-1098328066,3195.0,1008,2.8,947,10.9,1370,362,61,423,True
,meadow,1098328067,78.0,True,OSM-1098328067,3139.2,994,17.1,1421,9.4,962,32,427,459,True
,meadow,1098328069,52.8,True,OSM-1098328069,2893.1,939,3.7,1031,12.1,1565,626,92,534,True
,meadow,1098328071,21.8,True,OSM-1098328071,3358.5,1046,386.1,2071,394.1,2093,1047,1025,22,True
,meadow,1098328072,23.1,True,OSM-1098328072,2798.0,910,0.0,1,7.8,538,372,909,537,True
,meadow,1098328073,20.7,True,OSM-1098328073,2580.5,852,0.5,611,8.0,584,268,241,27,True
,meadow,1098328075,43.3,True,OSM-1098328075,3422.4,1063,0.0,1,5.5,221,842,1062,220,True
,meadow,1098328077,54.6,True,OSM-1098328077,4370.2,1233,17.6,1462,5.9,261,972,229,1201,True
,meadow,1098328079,27.3,True,OSM-1098328079,3396.1,1057,22.3,1668,14.0,1725,668,611,57,True
,meadow,1098328081,29.0,True,OSM-1098328081,2458.2,822,21.2,1630,11.7,1519,697,808,111,True
,meadow,1098328082,24.6,True,OSM-1098328082,1589.0,607,2.7,935,10.4,1241,634,328,306,True
,meadow,1098328092,27.3,True,OSM-1098328092,0.0,1,0.0,1,5.5,221,220,0,220,True
,meadow,1098328873,195.1,True,OSM-1098328873,0.0,1,0.3,585,6.5,327,326,584,258,True
,meadow,1098328874,212.7,True,OSM-1098328874,0.0,1,0.4,595,7.7,517,516,594,78,True
,meadow,1098328875,591.2,True,OSM-1098328875,0.0,1,0.0,1,8.8,769,768,0,768,True
,meadow,1098328877,85.4,True,OSM-1098328877,1308.5,539,0.0,1,8.7,747,208,538,746,True
,meadow,1098328878,36.9,True,OSM-1098328878,2265.8,765,6.2,1189,8.5,693,72,424,496,True
,meadow,1098328879,89.2,True,OSM-1098328879,2270.8,768,20.2,1603,10.7,1319,551,835,284,True
,meadow,1098328880,44.4,True,OSM-1098328880,2784.8,906,4.6,1101,10.1,1149,243,195,48,True
,meadow,1098360996,114.9,True,OSM-1098360996,573.8,356,0.0,1,9.3,926,570,355,925,True
,meadow,1098360997,140.7,True,OSM-1098360997,0.0,1,0.0,1,8.6,716,715,0,715,True
,meadow,1098360998,21.2,True,OSM-1098360998,0.0,1,1.5,743,9.8,1071,1070,742,328,True
,meadow,1098360999,35.6,True,OSM-1098360999,0.0,1,0.0,1,9.3,926,925,0,925,True
,meadow,1098361000,153.2,True,OSM-1098361000,0.0,1,0.0,1,9.3,926,925,0,925,True
,meadow,1098361002,118.8,True,OSM-1098361002,577.5,357,0.0,1,9.1,863,506,356,862,True
,meadow,1098361004,23.1,True,OSM-1098361004,223.5,260,3.4,1005,9.6,1011,751,745,6,True
,meadow,1098361006,54.9,True,OSM-1098361006,632.5,369,18.6,1527,9.0,835,466,1158,692,True
,meadow,1098361007,57.8,True,OSM-1098361007,0.0,1,268.0,1990,382.5,2084,2083,1989,94,True
,meadow,1098361008,51.5,True,OSM-1098361008,186.7,250,3.7,1031,10.3,1215,965,781,184,True
,meadow,1098361010,38.1,True,OSM-1098361010,0.0,1,17.1,1421,8.5,693,692,1420,728,True
,meadow,1098361012,24.1,True,OSM-1098361012,477.9,335,0.0,1,8.3,663,328,334,662,True
,meadow,1098361018,105.7,True,OSM-1098361018,0.0,1,2.3,883,7.2,434,433,882,449,True
,meadow,1098361019,31.1,True,OSM-1098361019,162.5,241,3.8,1042,11.9,1542,1301,801,500,True
,meadow,1098361024,63.2,True,OSM-1098361024,934.2,445,20.6,1613,8.6,716,271,1168,897,True
,meadow,1098361026,211.0,True,OSM-1098361026,0.0,1,0.0,1,9.5,985,984,0,984,True
,meadow,1098361027,115.1,True,OSM-1098361027,0.0,1,19.4,1566,12.4,1601,1600,1565,35,True
,meadow,1098361028,271.9,True,OSM-1098361028,0.0,1,0.0,1,6.4,315,314,0,314,True
,meadow,1098361029,24.3,True,OSM-1098361029,572.9,355,0.3,585,11.6,1505,1150,230,920,True
,meadow,1098361030,23.2,True,OSM-1098361030,967.4,453,19.1,1555,11.6,1505,1052,1102,50,True
,meadow,1098361033,45.0,True,OSM-1098361033,514.1,339,4.3,1081,11.7,1519,1180,742,438,True
,meadow,1098361034,120.2,True,OSM-1098361034,410.2,312,13.1,1312,7.9,553,241,1000,759,True
,meadow,1098361036,31.1,True,OSM-1098361036,1766.9,655,7.0,1216,9.6,1011,356,561,205,True
,meadow,1098361038,25.3,True,OSM-1098361038,2259.8,763,21.5,1643,13.4,1687,924,880,44,True
,meadow,1098361039,72.2,True,OSM-1098361039,1854.9,677,0.0,1,6.0,268,409,676,267,True
,meadow,1098361040,50.7,True,OSM-1098361040,1497.1,586,364.6,2052,395.5,2094,1508,1466,42,True
,meadow,1098361041,27.0,True,OSM-1098361041,1095.5,484,471.3,2120,554.8,2178,1694,1636,58,True
,meadow,1098361046,21.2,True,OSM-1098361046,2424.2,802,0.0,1,4.8,174,628,801,173,True
,meadow,1098361050,54.4,True,OSM-1098361050,2683.2,880,0.0,1,7.3,443,437,879,442,True
,meadow,1098361051,170.4,True,OSM-1098361051,2780.5,904,1.6,765,10.6,1303,399,139,538,True
,meadow,1098361052,45.9,True,OSM-1098361052,3021.2,971,5.1,1148,12.7,1635,664,177,487,True
,meadow,1098385789,261.2,True,OSM-1098385789,0.0,1,21.5,1643,13.9,1721,1720,1642,78,True
,meadow,1098385790,146.9,True,OSM-1098385790,0.0,1,0.5,611,10.3,1215,1214,610,604,True
,meadow,1098385796,32.9,True,OSM-1098385796,443.8,321,335.1,2040,344.8,2063,1742,1719,23,True
,meadow,1098385798,22.6,True,OSM-1098385798,272.6,283,17.5,1454,9.1,863,580,1171,591,True
,meadow,1098385799,33.2,True,OSM-1098385799,715.4,392,278.2,2000,287.5,2034,1642,1608,34,True
,meadow,1098385810,24.2,True,OSM-1098385810,1394.1,558,1.4,725,10.9,1370,812,167,645,True
,meadow,1098385812,23.5,True,OSM-1098385812,1632.8,618,48.5,1758,263.6,2015,1397,1140,257,True
,meadow,1098385813,105.3,True,OSM-1098385813,1924.1,698,2.4,903,10.8,1345,647,205,442,True
,meadow,1098385814,77.3,True,OSM-1098385814,1482.9,582,18.9,1546,10.8,1345,763,964,201,True
,meadow,1098385815,57.3,True,OSM-1098385815,1591.0,608,18.5,1522,10.5,1273,665,914,249,True
,meadow,1098385817,26.5,True,OSM-1098385817,795.8,409,18.0,1484,9.4,962,553,1075,522,True
,meadow,1098385828,178.3,True,OSM-1098385828,2184.9,749,0.0,1,8.4,680,69,748,679,True
,meadow,1098385833,23.2,True,OSM-1098385833,877.2,427,21.9,1657,12.5,1613,1186,1230,44,True
,meadow,1098385836,68.4,True,OSM-1098385836,0.0,1,0.0,1,7.9,553,552,0,552,True
,meadow,1098385837,109.1,True,OSM-1098385837,414.1,315,0.0,1,7.9,553,238,314,552,True
,meadow,1098385838,176.0,True,OSM-1098385838,1100.3,486,0.2,568,9.9,1099,613,82,531,True
,meadow,1098385930,53.9,True,OSM-1098385930,326.7,297,17.4,1447,11.6,1505,1208,1150,58,True
,meadow,1098387700,79.3,True,OSM-1098387700,3368.8,1049,2.3,883,10.7,1319,270,166,436,True
,meadow,1098387702,40.5,True,OSM-1098387702,3579.6,1095,19.5,1574,6.2,288,807,479,1286,True
,meadow,1098387703,25.6,True,OSM-1098387703,4401.1,1237,19.5,1574,11.1,1407,170,337,167,True
,meadow,1098387704,79.3,True,OSM-1098387704,3944.8,1164,1.1,689,9.2,886,278,475,197,True
,meadow,1098387705,90.3,True,OSM-1098387705,4579.4,1279,3.2,986,11.3,1447,168,293,461,True
,meadow,1098387709,43.3,True,OSM-1098387709,5642.0,1498,2.0,828,10.9,1370,128,670,542,True
,meadow,1098387711,52.3,True,OSM-1098387711,4940.1,1345,0.0,1,8.1,608,737,1344,607,True
,meadow,1098387712,43.8,True,OSM-1098387712,5798.9,1523,0.0,1,8.9,802,721,1522,801,True
,meadow,1098387713,23.5,True,OSM-1098387713,6796.4,1692,18.3,1505,11.4,1469,223,187,36,True
,meadow,1098387716,34.3,True,OSM-1098387716,8089.6,1826,20.9,1621,13.3,1674,152,205,53,True
,meadow,1098387719,31.5,True,OSM-1098387719,7004.1,1709,0.0,1,9.1,863,846,1708,862,True
,meadow,1098387720,120.7,True,OSM-1098387720,5992.2,1566,3.1,980,10.7,1319,247,586,339,True
,meadow,1098387721,54.4,True,OSM-1098387721,6924.7,1703,1.8,792,7.1,411,1292,911,381,True
,meadow,1098387722,67.1,True,OSM-1098387722,7487.7,1765,67.9,1789,74.3,1894,129,24,105,True
,meadow,1098388701,50.1,True,OSM-1098388701,8496.6,1879,2.2,861,10.1,1149,730,1018,288,True
,meadow,1098388702,31.7,True,OSM-1098388702,8085.8,1824,1.9,814,9.3,926,898,1010,112,True
,meadow,1098388703,23.3,True,OSM-1098388703,7862.3,1802,1.9,814,8.7,747,1055,988,67,True
,meadow,1098388710,39.1,True,OSM-1098388710,7356.4,1746,0.2,568,10.8,1345,401,1178,777,True
,meadow,1098388712,61.4,True,OSM-1098388712,6273.6,1613,2.6,926,11.2,1428,185,687,502,True
,meadow,1098502964,30.5,True,OSM-1098502964,3853.9,1143,68.3,1790,655.4,2241,1098,647,451,True
,meadow,1098502965,33.9,True,OSM-1098502965,3830.2,1139,305.2,2019,615.2,2213,1074,880,194,True
,meadow,1098502968,99.7,True,OSM-1098502968,5917.0,1550,5.1,1148,7.6,494,1056,402,654,True
,meadow,1098502976,90.1,True,OSM-1098502976,6735.3,1684,3.0,971,11.9,1542,142,713,571,True
,meadow,1098502977,46.1,True,OSM-1098502977,7841.4,1800,3.0,971,11.7,1519,281,829,548,True
,meadow,1098502979,20.9,True,OSM-1098502979,6934.4,1704,2.2,861,12.0,1553,151,843,692,True
,meadow,1098502980,26.4,True,OSM-1098502980,6468.0,1646,925.0,2291,798.3,2285,639,645,6,True
,meadow,1098502983,52.7,True,OSM-1098502983,6357.7,1626,596.9,2194,659.9,2244,618,568,50,True
,meadow,1098502984,54.9,True,OSM-1098502984,6990.6,1707,21.9,1657,11.4,1469,238,50,188,True
,meadow,1098502987,31.6,True,OSM-1098502987,6686.3,1675,337.0,2041,12.1,1565,110,366,476,True
,meadow,1098502988,30.8,True,OSM-1098502988,6370.6,1629,15.9,1369,7.1,411,1218,260,958,True
,meadow,1098502990,26.3,True,OSM-1098502990,7427.0,1754,0.0,1,9.1,863,891,1753,862,True
,meadow,1098502994,53.5,True,OSM-1098502994,7698.7,1785,83.9,1807,336.5,2061,276,22,254,True
,meadow,1098639901,29.4,True,OSM-1098639901,8187.4,1836,54.8,1766,92.0,1904,68,70,138,True
,meadow,1098639902,46.9,True,OSM-1098639902,8057.6,1821,562.1,2174,634.6,2226,405,353,52,True
,meadow,1098639903,45.6,True,OSM-1098639903,8606.2,1889,507.4,2143,670.8,2250,361,254,107,True
,meadow,1098639904,49.2,True,OSM-1098639904,9157.1,1943,771.1,2256,779.1,2283,340,313,27,True
,meadow,1098639905,71.3,True,OSM-1098639905,8344.8,1856,765.4,2254,1025.9,2318,462,398,64,True
,meadow,1098639907,23.0,True,OSM-1098639907,9105.9,1937,235.0,1967,226.3,1994,57,30,27,True
,meadow,1098639911,42.2,True,OSM-1098639911,8556.9,1884,18.8,1542,9.8,1071,813,342,471,True
,meadow,1098639912,26.0,True,OSM-1098639912,8692.7,1899,798.7,2265,789.9,2284,385,366,19,True
,meadow,1098639918,72.7,True,OSM-1098639918,8214.0,1842,18.6,1527,11.3,1447,395,315,80,True
,meadow,1098639919,232.2,True,OSM-1098639919,6719.7,1683,1.6,765,9.5,985,698,918,220,True
,meadow,1098639920,184.1,True,OSM-1098639920,5668.8,1501,15.4,1355,8.1,608,893,146,747,True
,meadow,1098639924,66.7,True,OSM-1098639924,4858.4,1327,3.8,1042,8.0,584,743,285,458,True
,meadow,1098640361,27.2,True,OSM-1098640361,5229.4,1406,4.0,1061,9.7,1039,367,345,22,True
,meadow,1098640371,20.1,True,OSM-1098640371,4866.7,1332,229.8,1962,8.7,747,585,630,1215,True
,meadow,1098640373,22.7,True,OSM-1098640373,4051.1,1185,420.6,2097,170.5,1953,768,912,144,True
,meadow,1098640374,36.9,True,OSM-1098640374,3894.7,1156,39.9,1738,8.7,747,409,582,991,True
,meadow,1098640376,22.3,True,OSM-1098640376,3453.2,1076,715.3,2241,688.2,2258,1182,1165,17,True
,meadow,1098640377,34.8,True,OSM-1098640377,3868.6,1148,3.0,971,9.4,962,186,177,9,True
,meadow,1098640378,23.9,True,OSM-1098640378,3451.7,1074,447.4,2107,355.6,2068,994,1033,39,True
,meadow,1098640847,36.9,True,OSM-1098640847,8779.2,1910,1.9,814,9.5,985,925,1096,171,True
,meadow,1098804633,200.9,True,OSM-1098804633,8368.1,1858,0.1,558,9.9,1099,759,1300,541,True
,meadow,1098804634,67.4,True,OSM-1098804634,7671.3,1783,0.0,1,7.3,443,1340,1782,442,True
,meadow,1098804635,37.4,True,OSM-1098804635,7239.4,1735,4.9,1134,12.5,1613,122,601,479,True
,meadow,1098804636,44.5,True,OSM-1098804636,7804.3,1795,0.0,1,10.1,1149,646,1794,1148,True
,meadow,1098804637,54.2,True,OSM-1098804637,7074.3,1717,555.5,2170,744.8,2275,558,453,105,True
,meadow,1098804638,52.8,True,OSM-1098804638,7921.0,1807,2.2,861,9.8,1071,736,946,210,True
,meadow,1098804640,42.1,True,OSM-1098804640,8663.9,1893,20.6,1613,13.8,1716,177,280,103,True
,meadow,1098804641,33.7,True,OSM-1098804641,8578.7,1887,20.3,1605,12.2,1580,307,282,25,True
,meadow,1098804642,41.7,True,OSM-1098804642,7121.8,1719,21.0,1627,13.8,1716,3,92,89,True
,meadow,1098804643,61.0,True,OSM-1098804643,6325.1,1624,17.9,1475,10.2,1180,444,149,295,True
,meadow,1098804644,33.0,True,OSM-1098804644,5703.8,1507,1.7,781,9.2,886,621,726,105,True
,meadow,1098804646,26.6,True,OSM-1098804646,5599.6,1491,207.6,1946,212.2,1983,492,455,37,True
,meadow,1098804649,26.8,True,OSM-1098804649,5742.5,1511,282.6,2003,10.7,1319,192,492,684,True
,meadow,1098807468,59.9,True,OSM-1098807468,10195.7,2005,19.4,1566,10.7,1319,686,439,247,True
,meadow,1098807469,52.8,True,OSM-1098807469,11708.2,2107,0.0,1,9.6,1011,1096,2106,1010,True
,meadow,1098807470,45.4,True,OSM-1098807470,12726.1,2163,1.6,765,9.6,1011,1152,1398,246,True
,meadow,1098809630,24.5,True,OSM-1098809630,11649.5,2104,4.9,1134,2.0,61,2043,970,1073,True
,meadow,1098809635,32.1,True,OSM-1098809635,12705.6,2160,0.0,1,2.7,74,2086,2159,73,True
,meadow,1098809637,29.1,True,OSM-1098809637,12500.4,2153,167.0,1910,580.8,2197,44,243,287,True
,meadow,1098809638,32.0,True,OSM-1098809638,11949.2,2123,434.0,2102,493.0,2143,20,21,41,True
,meadow,1098809641,22.8,True,OSM-1098809641,11122.6,2069,0.0,1,3.6,109,1960,2068,108,True
,meadow,1098842527,35.6,True,OSM-1098842527,12985.4,2176,2.3,883,4.3,145,2031,1293,738,True
,meadow,1098842536,40.0,True,OSM-1098842536,13538.6,2198,0.0,1,3.5,103,2095,2197,102,True
,meadow,1098842537,34.0,True,OSM-1098842537,14108.5,2221,0.0,1,4.8,174,2047,2220,173,True
,meadow,1098842549,37.4,True,OSM-1098842549,15041.9,2248,0.6,632,570.4,2191,57,1616,1559,True
,meadow,1098842550,40.0,True,OSM-1098842550,15084.2,2251,55.0,1767,625.4,2218,33,484,451,True
,meadow,1098842553,32.8,True,OSM-1098842553,14558.6,2238,0.0,1,92.5,1905,333,2237,1904,True
,meadow,1098842555,46.1,True,OSM-1098842555,15059.4,2249,321.3,2030,681.9,2254,5,219,224,True
,meadow,1098842561,21.4,True,OSM-1098842561,12091.8,2130,0.0,1,8.9,802,1328,2129,801,True
,meadow,1098897292,29.1,True,OSM-1098897292,13000.6,2177,204.5,1942,536.8,2168,9,235,226,True
,meadow,1098933740,29.8,True,OSM-1098933740,16176.0,2277,1134.4,2311,1300.9,2336,59,34,25,True
,meadow,1098933758,26.0,True,OSM-1098933758,11257.6,2077,368.0,2054,307.0,2044,33,23,10,True
,meadow,1098933760,79.9,True,OSM-1098933760,10605.4,2028,334.4,2039,374.5,2077,49,11,38,True
,meadow,1098933763,21.7,True,OSM-1098933763,10704.1,2040,44.4,1748,4.1,137,1903,292,1611,True
,meadow,1098936394,48.2,True,OSM-1098936394,10126.1,1999,1.1,689,3.7,114,1885,1310,575,True
,meadow,1098936396,44.9,True,OSM-1098936396,9254.0,1948,0.0,1,360.5,2071,123,1947,2070,True
,meadow,1098936398,24.1,True,OSM-1098936398,8638.1,1892,328.8,2037,651.3,2239,347,145,202,True
,meadow,1098936401,20.8,True,OSM-1098936401,7826.9,1797,400.6,2083,644.2,2232,435,286,149,True
,meadow,1098936403,22.6,True,OSM-1098936403,8623.5,1891,24.0,1691,269.3,2020,129,200,329,True
,meadow,1098943667,53.2,True,OSM-1098943667,6308.7,1621,2.8,947,10.5,1273,348,674,326,True
,meadow,1098943671,20.5,True,OSM-1098943671,6426.5,1640,341.7,2044,282.2,2031,391,404,13,True
,meadow,1098943675,50.9,True,OSM-1098943675,6291.1,1617,23.0,1682,9.6,1011,606,65,671,True
,meadow,1099314209,26.9,True,OSM-1099314209,6213.0,1605,17.2,1434,8.7,747,858,171,687,True
,meadow,1099314210,47.7,True,OSM-1099314210,5836.4,1531,19.4,1566,12.7,1635,104,35,69,True
,meadow,1099314212,27.9,True,OSM-1099314212,6288.8,1616,14.5,1337,8.1,608,1008,279,729,True
,meadow,1099314213,74.0,True,OSM-1099314213,6675.1,1674,3.8,1042,12.3,1592,82,632,550,True
,meadow,1099314216,34.8,True,OSM-1099314216,6743.2,1685,3.8,1042,9.6,1011,674,643,31,True
,meadow,1099314217,72.6,True,OSM-1099314217,7795.4,1794,20.9,1621,10.4,1241,553,173,380,True
,meadow,1099314218,38.4,True,OSM-1099314218,7363.5,1748,20.9,1621,10.8,1345,403,127,276,True
,meadow,1099314220,24.3,True,OSM-1099314220,7716.6,1787,660.2,2221,649.2,2236,449,434,15,True
,meadow,1099314221,207.0,True,OSM-1099314221,8159.5,1833,3.5,1016,10.7,1319,514,817,303,True
,meadow,1099314222,43.1,True,OSM-1099314222,8951.7,1921,479.2,2123,468.5,2131,210,202,8,True
,meadow,1099314223,52.0,True,OSM-1099314223,9016.6,1927,32.0,1720,21.4,1836,91,207,116,True
,meadow,1099314224,53.7,True,OSM-1099314224,8622.8,1890,2.2,861,10.7,1319,571,1029,458,True
,meadow,1099314225,22.4,True,OSM-1099314225,8688.9,1898,5.9,1178,12.8,1647,251,720,469,True
,meadow,1099314235,45.2,True,OSM-1099314235,9102.6,1935,0.0,1,6.4,315,1620,1934,314,True
,meadow,1099314238,27.1,True,OSM-1099314238,8446.1,1874,0.0,1,6.4,315,1559,1873,314,True
,meadow,1099314239,20.7,True,OSM-1099314239,8519.6,1881,0.0,1,13.6,1702,179,1880,1701,True
,meadow,1099314241,116.8,True,OSM-1099314241,7191.0,1728,2.2,861,12.4,1601,127,867,740,True
,meadow,1099314936,32.1,True,OSM-1099314936,5930.0,1553,1.3,712,11.9,1542,11,841,830,True
,meadow,1099340109,26.6,True,OSM-1099340109,11204.5,2073,0.0,1,3.3,97,1976,2072,96,True
,meadow,1099340114,46.5,True,OSM-1099340114,9737.3,1978,4.7,1109,10.8,1345,633,869,236,True
,meadow,1099340129,31.1,True,OSM-1099340129,8665.2,1895,0.0,1,1.8,57,1838,1894,56,True
,meadow,1099340130,54.2,True,OSM-1099340130,9704.4,1976,319.9,2028,495.3,2145,169,52,117,True
,meadow,1099340135,30.0,True,OSM-1099340135,8724.0,1903,64.2,1786,135.3,1933,30,117,147,True
,meadow,1099340136,45.3,True,OSM-1099340136,7578.6,1773,163.3,1907,288.7,2036,263,134,129,True
,meadow,1099340137,20.4,True,OSM-1099340137,8152.9,1832,0.0,1,201.3,1974,142,1831,1973,True
,meadow,1099340142,31.1,True,OSM-1099340142,7768.2,1790,35.2,1725,348.3,2064,274,65,339,True
,meadow,1099419873,36.4,True,OSM-1099419873,6699.9,1679,0.0,1,1186.1,2325,646,1678,2324,True
,meadow,1099419875,23.2,True,OSM-1099419875,6572.2,1665,14.2,1329,1364.0,2339,674,336,1010,True
,meadow,1099438921,93.2,True,OSM-1099438921,13058.4,2180,17.0,1415,10.7,1319,861,765,96,True
,meadow,1099438927,53.0,True,OSM-1099438927,13950.8,2212,578.0,2183,569.8,2190,22,29,7,True
,meadow,1099438928,42.8,True,OSM-1099438928,14955.9,2246,585.1,2188,578.5,2196,50,58,8,True
,meadow,1099441503,33.5,True,OSM-1099441503,13877.8,2208,19.6,1576,11.7,1519,689,632,57,True
,meadow,1099642754,75.7,True,OSM-1099642754,857.0,424,87.6,1812,9.8,1071,647,1388,741,True
,meadow,1099642760,27.1,True,OSM-1099642760,817.7,417,9.8,1263,18.5,1810,1393,846,547,True
,meadow,1099643169,21.2,True,OSM-1099643169,809.3,415,2.5,914,10.2,1180,765,499,266,True
,meadow,1099643170,52.8,True,OSM-1099643170,833.5,420,0.5,611,7.6,494,74,191,117,True
,meadow,1099643174,25.9,True,OSM-1099643174,212.9,259,1035.8,2302,1199.1,2328,2069,2043,26,True
,meadow,1099643175,46.0,True,OSM-1099643175,342.8,302,1044.0,2303,1193.1,2327,2025,2001,24,True
,meadow,1099844187,20.0,True,OSM-1099844187,1440.6,573,408.0,2091,415.4,2104,1531,1518,13,True
,meadow,1099844189,23.5,True,OSM-1099844189,1588.3,606,19.1,1555,12.0,1553,947,949,2,True
,meadow,1099844190,24.4,True,OSM-1099844190,1168.9,505,271.2,1991,470.7,2133,1628,1486,142,True
,meadow,1099844193,73.7,True,OSM-1099844193,598.0,361,0.0,1,13.6,1702,1341,360,1701,True
,meadow,1099844195,108.3,True,OSM-1099844195,197.8,254,5.0,1143,12.6,1628,1374,889,485,True
,meadow,1099844196,55.6,True,OSM-1099844196,477.1,333,5.9,1178,12.6,1628,1295,845,450,True
,meadow,1099844197,51.0,True,OSM-1099844197,0.0,1,63.6,1782,496.9,2147,2146,1781,365,True
,meadow,1099844199,37.7,True,OSM-1099844199,0.0,1,503.5,2140,496.2,2146,2145,2139,6,True
,meadow,1099844200,57.4,True,OSM-1099844200,248.5,273,13.2,1313,6.2,288,15,1040,1025,True
,meadow,1099844201,69.8,True,OSM-1099844201,0.0,1,10.3,1268,11.5,1488,1487,1267,220,True
,meadow,1099844202,74.2,True,OSM-1099844202,0.0,1,11.3,1290,18.8,1817,1816,1289,527,True
,meadow,1099844203,56.2,True,OSM-1099844203,27.8,202,4.1,1071,12.1,1565,1363,869,494,True
,meadow,1099844204,114.3,True,OSM-1099844204,105.0,223,738.3,2245,748.5,2277,2054,2022,32,True
,meadow,1099844205,70.1,True,OSM-1099844205,326.8,298,817.1,2272,823.7,2291,1993,1974,19,True
,meadow,1099844206,107.8,True,OSM-1099844206,0.0,1,1.1,689,10.4,1241,1240,688,552,True
,meadow,1099844207,25.3,True,OSM-1099844207,0.0,1,136.6,1885,130.0,1927,1926,1884,42,True
,meadow,1099844209,102.4,True,OSM-1099844209,0.0,1,0.7,639,8.9,802,801,638,163,True
,meadow,1099844210,34.9,True,OSM-1099844210,0.0,1,1.4,725,9.4,962,961,724,237,True
,meadow,1099844211,49.6,True,OSM-1099844211,0.0,1,0.9,665,9.4,962,961,664,297,True
,meadow,1099844212,36.1,True,OSM-1099844212,0.0,1,0.0,1,9.5,985,984,0,984,True
,meadow,1099844215,78.9,True,OSM-1099844215,0.0,1,522.4,2150,533.8,2166,2165,2149,16,True
,meadow,1099844216,33.8,True,OSM-1099844216,0.0,1,0.0,1,10.6,1303,1302,0,1302,True
,meadow,1099844217,34.5,True,OSM-1099844217,230.6,264,111.1,1852,23.0,1844,1580,1588,8,True
,meadow,1099844218,48.9,True,OSM-1099844218,0.0,1,533.9,2158,540.3,2171,2170,2157,13,True
,meadow,1099844219,34.5,True,OSM-1099844219,16.8,198,941.7,2293,948.7,2310,2112,2095,17,True
,meadow,1099844220,69.0,True,OSM-1099844220,276.5,285,103.2,1840,112.6,1916,1631,1555,76,True
,meadow,1099844222,31.6,True,OSM-1099844222,0.0,1,486.1,2128,492.1,2141,2140,2127,13,True
,meadow,1099844224,60.9,True,OSM-1099844224,841.4,421,0.9,665,7.6,494,73,244,171,True
,meadow,1099844225,65.4,True,OSM-1099844225,0.0,1,15.7,1364,6.1,279,278,1363,1085,True
,meadow,1099844227,22.3,True,OSM-1099844227,0.0,1,19.4,1566,12.2,1580,1579,1565,14,True
,meadow,1099844228,43.2,True,OSM-1099844228,68.9,216,5.9,1178,12.3,1592,1376,962,414,True
,meadow,1099844229,26.0,True,OSM-1099844229,626.0,367,2.2,861,10.1,1149,782,494,288,True
,meadow,1099844230,22.8,True,OSM-1099844230,1188.5,509,424.5,2099,416.8,2107,1598,1590,8,True
,meadow,1099906128,20.3,True,OSM-1099906128,3619.8,1104,16.8,1409,10.0,1124,20,305,285,True
,meadow,1099906138,30.4,True,OSM-1099906138,3864.8,1147,0.0,1,7.2,434,713,1146,433,True
,meadow,1099906143,45.0,True,OSM-1099906143,2667.7,874,0.0,1,8.9,802,72,873,801,True
,meadow,1099906150,24.7,True,OSM-1099906150,2620.4,864,0.0,1,7.4,459,405,863,458,True
,meadow,1099913347,88.7,True,OSM-1099913347,1253.6,518,23.9,1690,13.2,1669,1151,1172,21,True
,meadow,1099913352,70.5,True,OSM-1099913352,2673.5,876,7.5,1226,15.3,1773,897,350,547,True
,meadow,1099913353,55.7,True,OSM-1099913353,1873.0,681,510.5,2146,14.3,1741,1060,1465,405,True
,meadow,1099913354,43.8,True,OSM-1099913354,2207.2,752,1.4,725,9.9,1099,347,27,374,True
,meadow,1099913363,71.9,True,OSM-1099913363,1607.0,610,5.3,1156,12.4,1601,991,546,445,True
,meadow,1099913368,20.6,True,OSM-1099913368,1141.3,497,0.0,1,0.0,1,496,496,0,True
,meadow,1099915728,20.2,True,OSM-1099915728,1361.7,551,180.5,1922,11.2,1428,877,1371,494,True
,meadow,1099915742,22.6,True,OSM-1099915742,1830.1,668,250.0,1976,7.0,395,273,1308,1581,True
,meadow,1100610763,38.0,True,OSM-1100610763,2624.7,866,0.0,1,173.1,1957,1091,865,1956,True
,meadow,1100610764,21.0,True,OSM-1100610764,3074.9,985,0.0,1,9.5,985,0,984,984,False
,meadow,1100610792,21.9,True,OSM-1100610792,3616.1,1102,0.0,1,268.7,2019,917,1101,2018,True
,meadow,1100610794,32.9,True,OSM-1100610794,2924.8,951,1.7,781,309.7,2045,1094,170,1264,True
,meadow,1100610795,39.1,True,OSM-1100610795,2243.8,760,0.5,611,5.5,221,539,149,390,True
,meadow,1100728331,24.2,True,OSM-1100728331,5168.1,1392,0.0,1,7.7,517,875,1391,516,True
,meadow,1100817288,55.7,True,OSM-1100817288,5737.7,1510,0.2,568,10.4,1241,269,942,673,True
,meadow,1100817290,38.9,True,OSM-1100817290,6032.9,1578,0.0,1,11.4,1469,109,1577,1468,True
,meadow,1100817293,27.7,True,OSM-1100817293,5998.5,1569,327.6,2035,555.9,2179,610,466,144,True
,meadow,1100817296,20.8,True,OSM-1100817296,5311.6,1420,20.7,1618,13.0,1657,237,198,39,True
,meadow,1100817311,22.6,True,OSM-1100817311,6692.2,1677,18.0,1484,10.3,1215,462,193,269,True
,meadow,1100817322,41.4,True,OSM-1100817322,7051.6,1715,16.5,1393,9.3,926,789,322,467,True
,meadow,1100817323,23.3,True,OSM-1100817323,6876.7,1698,16.5,1393,9.3,926,772,305,467,True
,meadow,1100957878,26.6,True,OSM-1100957878,7603.7,1776,232.3,1964,302.6,2043,267,188,79,True
,meadow,1100957879,21.6,True,OSM-1100957879,7631.7,1779,190.1,1930,923.7,2308,529,151,378,True
,meadow,1100957905,20.3,True,OSM-1100957905,7625.5,1778,4.3,1081,8.3,663,1115,697,418,True
,meadow,1100957912,32.5,True,OSM-1100957912,8427.3,1867,18.2,1501,11.4,1469,398,366,32,True
,meadow,1100957914,21.2,True,OSM-1100957914,8224.2,1845,4.7,1109,9.5,985,860,736,124,True
,meadow,1100957918,23.3,True,OSM-1100957918,8967.2,1924,17.0,1415,11.4,1469,455,509,54,True
,meadow,1100957919,24.4,True,OSM-1100957919,8868.9,1915,209.7,1948,204.8,1976,61,33,28,True
,meadow,1100957920,34.8,True,OSM-1100957920,8952.4,1922,246.4,1974,437.8,2115,193,52,141,True
,meadow,1100957921,46.4,True,OSM-1100957921,8196.2,1837,0.0,1,11.4,1469,368,1836,1468,True
,meadow,1100957923,42.9,True,OSM-1100957923,8431.1,1869,0.0,1,10.8,1345,524,1868,1344,True
,meadow,1100957924,28.9,True,OSM-1100957924,8869.9,1916,0.0,1,4.3,145,1771,1915,144,True
,meadow,1100957925,23.8,True,OSM-1100957925,9277.8,1950,1.5,743,6.4,315,1635,1207,428,True
,meadow,1100957926,36.2,True,OSM-1100957926,9678.4,1974,3.3,994,7.3,443,1531,980,551,True
,meadow,1100959652,30.1,True,OSM-1100959652,535.9,345,0.0,1,9.3,926,581,344,925,True
,meadow,1101055999,23.6,True,OSM-1101055999,10138.6,2000,338.5,2042,6.9,379,1621,42,1663,True
,meadow,1101056000,56.5,True,OSM-1101056000,10380.0,2016,3.0,971,8.8,769,1247,1045,202,True
,meadow,1101056001,28.7,True,OSM-1101056001,11002.1,2063,18.0,1484,10.8,1345,718,579,139,True
,meadow,1101056016,35.4,True,OSM-1101056016,12337.3,2146,4.3,1081,9.6,1011,1135,1065,70,True
,meadow,1101058053,45.0,True,OSM-1101058053,11330.8,2082,6.3,1192,5.4,217,1865,890,975,True
,meadow,1101061362,28.9,True,OSM-1101061362,9849.9,1983,2.1,843,9.0,835,1148,1140,8,True
,meadow,1101067643,26.2,True,OSM-1101067643,10067.6,1996,0.0,1,9.9,1099,897,1995,1098,True
,meadow,1101067655,32.1,True,OSM-1101067655,11906.0,2118,3.3,994,9.6,1011,1107,1124,17,True
,meadow,1101067657,30.8,True,OSM-1101067657,10938.8,2056,17.1,1421,9.0,835,1221,635,586,True
,meadow,1101197677,20.5,True,OSM-1101197677,10291.9,2011,16.6,1397,9.9,1099,912,614,298,True
,meadow,1101197692,29.0,True,OSM-1101197692,10916.2,2053,0.0,1,6.3,305,1748,2052,304,True
,meadow,1101270848,37.2,True,OSM-1101270848,9137.6,1940,2.3,883,7.3,443,1497,1057,440,True
,meadow,1101270861,20.5,True,OSM-1101270861,8151.5,1830,0.0,1,10.5,1273,557,1829,1272,True
,meadow,1101271774,25.5,True,OSM-1101271774,7932.8,1810,3.4,1005,10.5,1273,537,805,268,True
,meadow,1101271779,94.6,True,OSM-1101271779,8672.9,1896,2.2,861,11.5,1488,408,1035,627,True
,meadow,1101271781,39.5,True,OSM-1101271781,9453.2,1960,0.0,1,8.9,802,1158,1959,801,True
,meadow,1101273504,31.5,True,OSM-1101273504,10067.6,1996,0.0,1,8.9,802,1194,1995,801,True
,meadow,1101273512,26.3,True,OSM-1101273512,9628.8,1973,3.6,1024,12.5,1613,360,949,589,True
,meadow,1101273516,80.3,True,OSM-1101273516,10349.1,2013,0.0,1,8.4,680,1333,2012,679,True
,meadow,1101273517,72.1,True,OSM-1101273517,10447.4,2021,16.6,1397,9.8,1071,950,624,326,True
,meadow,1101273522,22.7,True,OSM-1101273522,10800.7,2051,23.1,1684,10.2,1180,871,367,504,True
,meadow,1101303292,142.4,True,OSM-1101303292,2977.0,961,3.6,1024,2.3,63,898,63,961,True
,meadow,1101303294,31.2,True,OSM-1101303294,3068.7,982,36.7,1729,9.8,1071,89,747,658,True
,meadow,1101303298,20.0,True,OSM-1101303298,3725.1,1122,17.0,1415,10.3,1215,93,293,200,True
,meadow,1101303300,22.6,True,OSM-1101303300,4480.2,1253,4.1,1071,9.2,886,367,182,185,True
,meadow,1101303305,135.1,True,OSM-1101303305,4668.6,1291,0.0,1,7.5,475,816,1290,474,True
,meadow,1101303307,41.1,True,OSM-1101303307,4029.5,1180,4.6,1101,12.1,1565,385,79,464,True
,meadow,1101303318,28.7,True,OSM-1101303318,2599.4,860,0.0,1,7.1,411,449,859,410,True
,meadow,1101303320,24.1,True,OSM-1101303320,2682.0,879,1.5,743,11.9,1542,663,136,799,True
,meadow,1101303322,23.2,True,OSM-1101303322,1830.5,669,18.1,1491,7.1,411,258,822,1080,True
,meadow,1101303329,37.1,True,OSM-1101303329,1420.0,567,55.2,1768,10.3,1215,648,1201,553,True
,meadow,1101303335,33.5,True,OSM-1101303335,2741.5,892,5.3,1156,10.6,1303,411,264,147,True
,meadow,1101303340,39.7,True,OSM-1101303340,2842.1,923,4.9,1134,10.4,1241,318,211,107,True
,meadow,1101303342,46.3,True,OSM-1101303342,1747.0,649,3.8,1042,7.5,475,174,393,567,True
,meadow,1101303347,37.1,True,OSM-1101303347,3026.9,972,0.0,1,3.0,84,888,971,83,True
,meadow,1101303351,20.7,True,OSM-1101303351,4228.1,1212,0.0,1,0.2,45,1167,1211,44,True
,farmland,1101303354,163.9,True,OSM-1101303354,3567.4,1093,0.0,1,5.7,238,855,1092,237,True
,meadow,1101303358,30.8,True,OSM-1101303358,2562.9,848,2.9,961,9.7,1039,191,113,78,True
,meadow,1101479576,61.9,True,OSM-1101479576,7355.1,1745,0.0,1,8.2,634,1111,1744,633,True
,meadow,1101479578,28.3,True,OSM-1101479578,7946.0,1812,136.7,1886,142.5,1938,126,74,52,True
,meadow,1101479579,59.9,True,OSM-1101479579,7462.9,1760,0.0,1,10.1,1149,611,1759,1148,True
,meadow,1101483224,20.5,True,OSM-1101483224,7528.1,1768,0.7,639,7.6,494,1274,1129,145,True
,meadow,1101487262,20.7,True,OSM-1101487262,8709.4,1902,0.0,1,8.4,680,1222,1901,679,True
,meadow,1101487276,24.8,True,OSM-1101487276,8089.3,1825,2.4,903,10.4,1241,584,922,338,True
,meadow,1101487278,32.6,True,OSM-1101487278,7234.0,1734,0.0,1,10.1,1149,585,1733,1148,True
,meadow,1101487282,61.3,True,OSM-1101487282,6398.1,1636,16.8,1409,9.7,1039,597,227,370,True
,meadow,1101487287,22.2,True,OSM-1101487287,6041.4,1579,20.3,1605,11.2,1428,151,26,177,True
,meadow,1101487291,20.6,True,OSM-1101487291,5272.6,1415,2.8,947,9.9,1099,316,468,152,True
,meadow,1101504017,44.0,True,OSM-1101504017,8390.3,1862,1.9,814,362.1,2072,210,1048,1258,True
,meadow,1101504022,63.4,True,OSM-1101504022,10528.4,2025,3.5,1016,11.0,1387,638,1009,371,True
,meadow,1101504032,42.9,True,OSM-1101504032,12043.4,2128,15.0,1344,10.7,1319,809,784,25,True
,meadow,1101504035,37.3,True,OSM-1101504035,12491.4,2152,1.7,781,8.8,769,1383,1371,12,True
,meadow,1101543475,59.1,True,OSM-1101543475,5971.6,1561,0.7,639,11.0,1387,174,922,748,True
,meadow,1101543476,95.3,True,OSM-1101543476,5640.5,1497,0.5,611,7.9,553,944,886,58,True
,meadow,1101543477,110.3,True,OSM-1101543477,4894.9,1338,2.1,843,7.9,553,785,495,290,True
,meadow,1101543728,77.4,True,OSM-1101543728,4761.4,1310,0.0,1,7.6,494,816,1309,493,True
,meadow,1101543743,34.3,True,OSM-1101543743,3501.5,1085,174.6,1916,229.4,1996,911,831,80,True
,meadow,1101554258,41.9,True,OSM-1101554258,3346.7,1041,5.9,1178,0.0,1,1040,137,1177,True
,meadow,1101554259,41.2,True,OSM-1101554259,3683.9,1119,2.2,861,9.1,863,256,258,2,True
,meadow,1101554260,147.2,True,OSM-1101554260,3297.7,1033,19.1,1555,11.8,1537,504,522,18,True
,meadow,1101554261,48.5,True,OSM-1101554261,2952.3,956,0.0,1,10.1,1149,193,955,1148,True
,meadow,1101554279,77.7,True,OSM-1101554279,695.1,386,0.0,1,9.8,1071,685,385,1070,True
,meadow,1101554290,121.4,True,OSM-1101554290,140.0,233,3.5,1016,7.4,459,226,783,557,True
,meadow,1101554301,20.1,True,OSM-1101554301,0.0,1,0.7,639,9.4,962,961,638,323,True
,meadow,1101554306,60.9,True,OSM-1101554306,602.7,362,2.3,883,6.2,288,74,521,595,True
,meadow,1101582033,30.5,True,OSM-1101582033,3238.8,1020,14.3,1331,9.8,1071,51,311,260,True
,meadow,1101684043,26.3,True,OSM-1101684043,1258.6,522,4.0,1061,9.8,1071,549,539,10,True
,meadow,1101684055,23.8,True,OSM-1101684055,1237.5,515,0.1,558,6.6,339,176,43,219,True
,meadow,1101686745,25.4,True,OSM-1101686745,5507.7,1468,346.7,2045,58.9,1890,422,577,155,True
,meadow,1101686777,103.1,True,OSM-1101686777,7467.1,1762,18.1,1491,11.4,1469,293,271,22,True
,meadow,1101768898,42.2,True,OSM-1101768898,7667.7,1782,17.3,1442,9.6,1011,771,340,431,True
,meadow,1101768903,26.0,True,OSM-1101768903,7905.0,1806,0.5,611,8.5,693,1113,1195,82,True
,meadow,1101768905,50.5,True,OSM-1101768905,6969.4,1706,5.8,1172,13.3,1674,32,534,502,True
,meadow,1101768907,96.6,True,OSM-1101768907,6534.9,1662,1.4,725,6.9,379,1283,937,346,True
,meadow,1101768914,32.2,True,OSM-1101768914,5487.4,1462,3.8,1042,9.9,1099,363,420,57,True
,meadow,1101768915,64.1,True,OSM-1101768915,5761.8,1516,70.1,1793,10.1,1149,367,277,644,True
,meadow,1101768922,75.4,True,OSM-1101768922,5202.3,1399,0.0,1,10.1,1149,250,1398,1148,True
,meadow,1101768923,24.6,True,OSM-1101768923,5011.7,1358,2.1,843,10.7,1319,39,515,476,True
,meadow,1101768924,21.1,True,OSM-1101768924,4732.4,1306,299.6,2013,415.8,2106,800,707,93,True
,meadow,1101768926,27.9,True,OSM-1101768926,4527.9,1263,300.7,2014,352.2,2067,804,751,53,True
,meadow,1101768927,22.9,True,OSM-1101768927,4568.8,1275,7.8,1232,331.2,2058,783,43,826,True
,meadow,1101768929,41.3,True,OSM-1101768929,4126.1,1194,0.0,1,11.3,1447,253,1193,1446,True
,meadow,1101768931,56.6,True,OSM-1101768931,4101.7,1192,0.0,1,9.8,1071,121,1191,1070,True
,meadow,1101768933,20.5,True,OSM-1101768933,5695.4,1506,0.0,1,8.2,634,872,1505,633,True
,meadow,1101768941,50.7,True,OSM-1101768941,6517.9,1658,0.0,1,8.1,608,1050,1657,607,True
,meadow,1101797579,171.2,True,OSM-1101797579,155.2,238,1.1,689,8.9,802,564,451,113,True
,meadow,1101797580,210.0,True,OSM-1101797580,1443.0,574,0.0,1,7.9,553,21,573,552,True
,meadow,1101797581,35.4,True,OSM-1101797581,1390.2,557,2.2,861,8.6,716,159,304,145,True
,meadow,1101797584,33.3,True,OSM-1101797584,1994.9,711,3.7,1031,9.7,1039,328,320,8,True
,meadow,1101797585,83.7,True,OSM-1101797585,1244.8,517,2.7,935,9.5,985,468,418,50,True
,meadow,1101797586,40.9,True,OSM-1101797586,2622.6,865,0.0,1,5.8,251,614,864,250,True
,meadow,1101797589,51.3,True,OSM-1101797589,2375.3,792,0.0,1,9.1,863,71,791,862,True
,meadow,1101797593,38.5,True,OSM-1101797593,2165.8,746,1.5,743,8.6,716,30,3,27,True
,meadow,1101797594,24.1,True,OSM-1101797594,1672.0,630,0.4,595,9.3,926,296,35,331,True
,meadow,1101797597,34.0,True,OSM-1101797597,55.7,213,15.2,1348,6.2,288,75,1135,1060,True
,meadow,1101800106,49.4,True,OSM-1101800106,361.3,303,0.2,568,8.2,634,331,265,66,True
,meadow,1101800108,84.9,True,OSM-1101800108,0.0,1,6.1,1183,10.4,1241,1240,1182,58,True
,meadow,1101800110,40.4,True,OSM-1101800110,556.7,350,0.1,558,8.0,584,234,208,26,True
,meadow,1101800112,90.0,True,OSM-1101800112,1014.0,463,0.1,558,8.0,584,121,95,26,True
,meadow,1101800113,71.3,True,OSM-1101800113,2055.3,723,6.5,1202,9.9,1099,376,479,103,True
,meadow,1101800114,201.4,True,OSM-1101800114,2056.3,724,0.0,1,8.3,663,61,723,662,True
,meadow,1101800115,101.4,True,OSM-1101800115,2378.2,794,0.0,1,5.2,201,593,793,200,True
,meadow,1101800116,402.7,True,OSM-1101800116,0.0,1,0.4,595,8.5,693,692,594,98,True
,meadow,1101800117,40.5,True,OSM-1101800117,247.6,272,30.6,1718,21.6,1837,1565,1446,119,True
,meadow,1101800120,44.2,True,OSM-1101800120,50.3,210,22.5,1671,15.7,1783,1573,1461,112,True
,meadow,1101800124,59.8,True,OSM-1101800124,0.0,1,0.0,1,8.6,716,715,0,715,True
,meadow,1101800125,152.3,True,OSM-1101800125,207.1,256,0.0,1,3.2,93,163,255,92,True
,meadow,1101800126,20.9,True,OSM-1101800126,0.0,1,0.0,1,10.3,1215,1214,0,1214,True
,meadow,1101800134,298.0,True,OSM-1101800134,55.7,213,0.0,1,10.4,1241,1028,212,1240,True
,meadow,1101838639,93.4,True,OSM-1101838639,446.2,323,18.7,1534,7.3,443,120,1211,1091,True
,meadow,1101838646,32.7,True,OSM-1101838646,846.0,422,0.0,1,12.1,1565,1143,421,1564,True
,meadow,1101838648,58.4,True,OSM-1101838648,0.0,1,0.0,1,185.2,1966,1965,0,1965,True
,meadow,1101838652,66.6,True,OSM-1101838652,510.5,338,18.6,1527,5.8,251,87,1189,1276,True
,meadow,1101838653,55.7,True,OSM-1101838653,0.0,1,485.1,2127,7.7,517,516,2126,1610,True
,meadow,1101838655,38.0,True,OSM-1101838655,0.0,1,174.1,1915,10.2,1180,1179,1914,735,True
,meadow,1101838673,438.3,True,OSM-1101838673,1802.1,664,0.0,1,5.2,201,463,663,200,True
,meadow,1101838674,131.5,True,OSM-1101838674,2135.4,737,0.0,1,10.4,1241,504,736,1240,True
,meadow,1101838675,91.1,True,OSM-1101838675,2471.3,826,6.1,1183,13.5,1695,869,357,512,True
,meadow,1101838676,92.1,True,OSM-1101838676,2771.2,901,0.0,1,11.5,1488,587,900,1487,True
,meadow,1101910011,137.0,True,OSM-1101910011,6016.6,1573,0.0,1,8.3,663,910,1572,662,True
,meadow,1101910012,64.5,True,OSM-1101910012,6533.5,1661,5.4,1160,9.3,926,735,501,234,True
,meadow,1101910018,41.2,True,OSM-1101910018,5480.9,1457,2.1,843,10.1,1149,308,614,306,True
,meadow,1101910020,24.7,True,OSM-1101910020,5116.7,1381,16.7,1403,8.5,693,688,22,710,True
,meadow,1101910026,21.6,True,OSM-1101910026,4366.4,1232,15.7,1364,7.9,553,679,132,811,True
,meadow,1101910035,69.1,True,OSM-1101910035,2227.7,755,0.6,632,8.7,747,8,123,115,True
,meadow,1101910037,36.5,True,OSM-1101910037,2303.3,775,0.0,1,7.7,517,258,774,516,True
,meadow,1101910038,33.4,True,OSM-1101910038,2471.5,827,0.9,665,10.6,1303,476,162,638,True
,meadow,1101910039,37.6,True,OSM-1101910039,1586.2,604,4.1,1071,7.6,494,110,467,577,True
,meadow,1101910047,74.9,True,OSM-1101910047,0.0,1,6.3,1192,5.3,211,210,1191,981,True
,meadow,1101910051,33.2,True,OSM-1101910051,0.0,1,20.5,1611,11.5,1488,1487,1610,123,True
,meadow,1101910052,23.1,True,OSM-1101910052,0.0,1,348.3,2047,355.8,2069,2068,2046,22,True
,meadow,1101910067,46.2,True,OSM-1101910067,228.4,262,213.8,1951,223.0,1989,1727,1689,38,True
,meadow,1101910597,25.2,True,OSM-1101910597,231.7,266,9.0,1248,4.4,151,115,982,1097,True
,meadow,1101910599,20.7,True,OSM-1101910599,256.6,277,0.0,1,3.7,114,163,276,113,True
,meadow,1101910601,22.7,True,OSM-1101910601,0.0,1,7.0,1216,134.4,1932,1931,1215,716,True
,meadow,1101943920,53.2,True,OSM-1101943920,4323.5,1225,0.0,1,6.4,315,910,1224,314,True
,meadow,1101945243,31.7,True,OSM-1101945243,931.3,444,4.7,1109,10.3,1215,771,665,106,True
,meadow,1101972435,25.4,True,OSM-1101972435,1371.0,554,81.3,1804,88.7,1903,1349,1250,99,True
,meadow,1102156251,32.4,True,OSM-1102156251,1955.0,706,19.7,1585,12.5,1613,907,879,28,True
,meadow,1102156277,29.4,True,OSM-1102156277,1293.0,533,2.3,883,12.5,1613,1080,350,730,True
,meadow,1102185234,23.1,True,OSM-1102185234,0.0,1,0.0,1,9.2,886,885,0,885,True
,meadow,1102185241,20.2,True,OSM-1102185241,632.8,370,545.6,2165,465.9,2128,1758,1795,37,True
,meadow,1102185242,22.3,True,OSM-1102185242,639.5,373,538.4,2161,14.2,1736,1363,1788,425,True
,meadow,1102185243,41.2,True,OSM-1102185243,1013.4,462,625.2,2205,12.7,1635,1173,1743,570,True
,meadow,1102188466,56.5,True,OSM-1102188466,463.2,326,0.2,568,8.8,769,443,242,201,True
,meadow,1102188470,21.1,True,OSM-1102188470,0.0,1,17.4,1447,10.4,1241,1240,1446,206,True
,meadow,1102188480,32.1,True,OSM-1102188480,0.0,1,17.4,1447,88.6,1901,1900,1446,454,True
,meadow,1102188495,30.0,True,OSM-1102188495,1641.6,622,16.4,1388,10.7,1319,697,766,69,True
,meadow,1102304994,26.0,True,OSM-1102304994,1475.1,580,272.2,1995,14.9,1755,1175,1415,240,True
,meadow,1102305010,39.9,True,OSM-1102305010,1452.7,575,251.7,1978,12.4,1601,1026,1403,377,True
,meadow,1102305020,351.9,True,OSM-1102305020,796.0,410,2.7,935,9.2,886,476,525,49,True
,meadow,1102305021,26.6,True,OSM-1102305021,2975.6,960,0.0,1,10.8,1345,385,959,1344,True
,meadow,1102305022,74.8,True,OSM-1102305022,896.7,433,4.8,1122,9.3,926,493,689,196,True
,meadow,1102305024,29.8,True,OSM-1102305024,1129.7,492,11.4,1292,422.4,2110,1618,800,818,True
,meadow,1102305025,24.2,True,OSM-1102305025,620.9,365,2.5,914,9.4,962,597,549,48,True
,meadow,1102322205,22.2,True,OSM-1102322205,1269.1,525,0.0,1,13.6,1702,1177,524,1701,True
,meadow,1102322207,22.9,True,OSM-1102322207,1032.1,470,2.9,961,11.2,1428,958,491,467,True
,meadow,1102322234,23.8,True,OSM-1102322234,0.0,1,3.8,1042,11.4,1469,1468,1041,427,True
,meadow,1102322255,55.8,True,OSM-1102322255,0.0,1,19.1,1555,10.8,1345,1344,1554,210,True
,meadow,1102322261,27.2,True,OSM-1102322261,0.0,1,6.3,1192,241.8,2007,2006,1191,815,True
,meadow,1102345341,21.6,True,OSM-1102345341,5348.0,1428,4.3,1081,8.3,663,765,347,418,True
,meadow,1102345351,24.3,True,OSM-1102345351,5248.9,1412,0.0,1,9.7,1039,373,1411,1038,True
,meadow,1102345353,22.9,True,OSM-1102345353,5565.2,1481,19.6,1576,11.7,1519,38,95,57,True
,meadow,1102345354,21.9,True,OSM-1102345354,5349.0,1429,16.3,1384,13.8,1716,287,45,332,True
,meadow,1102345358,28.4,True,OSM-1102345358,5783.7,1520,106.8,1845,6.5,327,1193,325,1518,True
,meadow,1102345360,20.1,True,OSM-1102345360,6361.7,1628,16.5,1393,9.0,835,793,235,558,True
,meadow,1102345361,40.0,True,OSM-1102345361,6634.9,1670,14.2,1329,11.0,1387,283,341,58,True
,meadow,1102386659,30.1,True,OSM-1102386659,5828.5,1530,2.2,861,8.5,693,837,669,168,True
,meadow,1102386661,22.7,True,OSM-1102386661,6320.2,1623,1.5,743,8.2,634,989,880,109,True
,meadow,1102386681,35.8,True,OSM-1102386681,7202.3,1731,2.3,883,6.9,379,1352,848,504,True
,meadow,1102386697,29.6,True,OSM-1102386697,7026.1,1711,0.0,1,10.5,1273,438,1710,1272,True
,meadow,1102386699,29.4,True,OSM-1102386699,6791.0,1691,6.1,1183,10.2,1180,511,508,3,True
,meadow,1102386703,57.5,True,OSM-1102386703,7127.4,1720,0.0,1,8.0,584,1136,1719,583,True
,meadow,1102566801,27.6,True,OSM-1102566801,2756.0,896,17.9,1475,10.8,1345,449,579,130,True
,meadow,1102566816,53.7,True,OSM-1102566816,3559.8,1092,18.4,1516,544.0,2173,1081,424,657,True
,meadow,1102566817,50.3,True,OSM-1102566817,3178.6,1007,0.0,1,369.7,2073,1066,1006,2072,True
,meadow,1102566822,26.1,True,OSM-1102566822,3325.2,1037,0.0,1,6.2,288,749,1036,287,True
,meadow,1102566823,37.7,True,OSM-1102566823,2566.7,851,0.0,1,10.1,1149,298,850,1148,True
,meadow,1102566824,21.1,True,OSM-1102566824,2822.1,918,0.0,1,9.6,1011,93,917,1010,True
,meadow,1102566826,41.4,True,OSM-1102566826,2444.7,817,80.4,1802,567.3,2187,1370,985,385,True
,meadow,1102566827,33.4,True,OSM-1102566827,1849.8,675,3.3,994,12.3,1592,917,319,598,True
,meadow,1102566828,28.8,True,OSM-1102566828,2039.9,718,0.0,1,9.9,1099,381,717,1098,True
,meadow,1102566832,25.3,True,OSM-1102566832,1293.2,534,0.0,1,9.9,1099,565,533,1098,True
,meadow,1102566843,26.2,True,OSM-1102566843,0.0,1,4.6,1101,12.0,1553,1552,1100,452,True
,meadow,1102571527,25.1,True,OSM-1102571527,5843.8,1533,4.8,1122,11.9,1542,9,411,420,True
,meadow,1102573697,21.9,True,OSM-1102573697,6401.4,1637,1.0,679,11.5,1488,149,958,809,True
,meadow,1102573701,21.9,True,OSM-1102573701,5864.3,1538,0.0,1,12.8,1647,109,1537,1646,True
,meadow,1102573702,31.4,True,OSM-1102573702,5426.3,1445,0.0,1,12.9,1655,210,1444,1654,True
,meadow,1102619576,125.7,True,OSM-1102619576,4385.5,1235,2.9,961,11.6,1505,270,274,544,True
,meadow,1102619577,101.4,True,OSM-1102619577,3300.4,1034,2.5,914,6.7,355,679,120,559,True
,meadow,1102619578,90.8,True,OSM-1102619578,4216.4,1209,2.7,935,9.0,835,374,274,100,True
,meadow,1102619579,60.4,True,OSM-1102619579,3787.0,1130,0.0,1,9.6,1011,119,1129,1010,True
,meadow,1102619582,63.4,True,OSM-1102619582,3627.7,1105,0.0,1,10.6,1303,198,1104,1302,True
,meadow,1102620333,51.4,True,OSM-1102620333,4696.5,1302,1.4,725,4.6,164,1138,577,561,True
,meadow,1102620334,45.7,True,OSM-1102620334,4858.6,1328,18.3,1505,4.6,164,1164,177,1341,True
,meadow,1102620336,136.2,True,OSM-1102620336,3379.2,1052,0.0,1,12.1,1565,513,1051,1564,True
,meadow,1102622895,68.4,True,OSM-1102622895,3600.6,1098,1.2,706,9.2,886,212,392,180,True
,meadow,1102622896,34.3,True,OSM-1102622896,3066.1,980,5.1,1148,12.0,1553,573,168,405,True
,meadow,1102622897,23.6,True,OSM-1102622897,3048.1,976,4.5,1095,11.3,1447,471,119,352,True
,meadow,1102622898,67.8,True,OSM-1102622898,1861.1,678,5.7,1166,8.9,802,124,488,364,True
,meadow,1102622899,55.5,True,OSM-1102622899,2163.3,744,4.8,1122,11.3,1447,703,378,325,True
,meadow,1102622900,42.3,True,OSM-1102622900,1097.2,485,3.9,1056,10.4,1241,756,571,185,True
,meadow,1102622901,75.6,True,OSM-1102622901,1146.1,500,2.1,843,9.2,886,386,343,43,True
,meadow,1102622902,107.6,True,OSM-1102622902,1725.9,642,0.0,1,4.7,170,472,641,169,True
,meadow,1102622904,41.0,True,OSM-1102622904,1134.2,493,15.4,1355,6.2,288,205,862,1067,True
,meadow,1102622905,77.6,True,OSM-1102622905,1665.2,627,616.0,2203,608.7,2209,1582,1576,6,True
,meadow,1102622908,37.8,True,OSM-1102622908,3289.6,1030,1.2,706,8.1,608,422,324,98,True
,meadow,1102622909,230.4,True,OSM-1102622909,771.0,404,0.0,1,6.7,355,49,403,354,True
,meadow,1102623145,43.1,True,OSM-1102623145,2666.2,873,16.3,1384,9.8,1071,198,511,313,True
,meadow,1102641419,36.2,True,OSM-1102641419,3031.7,973,18.7,1534,10.4,1241,268,561,293,True
,meadow,1102641421,74.9,True,OSM-1102641421,1874.4,682,1.9,814,7.7,517,165,132,297,True
,meadow,1102641422,76.1,True,OSM-1102641422,1632.7,617,0.0,1,6.4,315,302,616,314,True
,meadow,1102641424,23.4,True,OSM-1102641424,1778.6,658,18.3,1505,6.9,379,279,847,1126,True
,meadow,1102641425,73.7,True,OSM-1102641425,718.6,393,20.9,1621,11.4,1469,1076,1228,152,True
,meadow,1102678531,79.8,True,OSM-1102678531,2782.2,905,4.0,1061,10.7,1319,414,156,258,True
,meadow,1102678532,72.0,True,OSM-1102678532,3097.1,988,4.3,1081,10.4,1241,253,93,160,True
,meadow,1102678533,59.2,True,OSM-1102678533,2300.6,774,4.0,1061,11.1,1407,633,287,346,True
,meadow,1102678535,27.8,True,OSM-1102678535,2589.4,858,0.0,1,13.5,1695,837,857,1694,True
,meadow,1102678538,162.0,True,OSM-1102678538,1111.8,487,0.0,1,7.7,517,30,486,516,True
,meadow,1102678539,40.6,True,OSM-1102678539,1981.4,710,4.0,1061,12.1,1565,855,351,504,True
,meadow,1102678540,70.2,True,OSM-1102678540,2545.3,845,1.5,743,4.4,151,694,102,592,True
,meadow,1102678543,26.1,True,OSM-1102678543,1783.7,661,2.9,961,10.9,1370,709,300,409,True
,meadow,1102678544,103.7,True,OSM-1102678544,570.4,354,0.0,1,6.8,367,13,353,366,True
,meadow,1102678553,144.3,True,OSM-1102678553,0.0,1,12.4,1306,4.0,129,128,1305,1177,True
,meadow,1102678555,22.7,True,OSM-1102678555,0.0,1,4.7,1109,12.0,1553,1552,1108,444,True
,meadow,1102678558,35.8,True,OSM-1102678558,252.9,275,0.0,1,4.2,139,136,274,138,True
,meadow,1102678559,30.4,True,OSM-1102678559,902.2,434,2.6,926,9.0,835,401,492,91,True
,meadow,1102678560,38.9,True,OSM-1102678560,655.4,376,4.0,1061,12.0,1553,1177,685,492,True
,meadow,1102678562,50.5,True,OSM-1102678562,1155.9,501,0.0,1,12.0,1553,1052,500,1552,True
,meadow,1102678564,51.4,True,OSM-1102678564,1306.9,536,14.6,1338,7.6,494,42,802,844,True
,meadow,1102678565,126.1,True,OSM-1102678565,1743.9,647,0.0,1,9.0,835,188,646,834,True
,meadow,1102714717,57.9,True,OSM-1102714717,2808.5,913,90.4,1819,13.3,1674,761,906,145,True
,meadow,1102714718,112.5,True,OSM-1102714718,2891.9,938,17.7,1467,10.4,1241,303,529,226,True
,meadow,1102714721,26.0,True,OSM-1102714721,1903.2,690,5.8,1172,11.7,1519,829,482,347,True
,meadow,1102716152,119.6,True,OSM-1102716152,2442.7,814,7.7,1228,8.8,769,45,414,459,True
,meadow,1102716154,28.6,True,OSM-1102716154,1967.8,708,2.0,828,12.0,1553,845,120,725,True
,meadow,1102716155,45.9,True,OSM-1102716155,1219.3,511,208.1,1947,217.5,1987,1476,1436,40,True
,meadow,1102716156,47.9,True,OSM-1102716156,913.7,438,4.2,1076,10.1,1149,711,638,73,True
,meadow,1103005026,56.7,True,OSM-1103005026,886.0,430,0.0,1,9.6,1011,581,429,1010,True
,meadow,1103005027,28.9,True,OSM-1103005027,1489.8,585,18.3,1505,11.5,1488,903,920,17,True
,meadow,1103005028,25.6,True,OSM-1103005028,1532.0,591,2.7,935,9.8,1071,480,344,136,True
,meadow,1103005040,20.4,True,OSM-1103005040,515.0,340,0.0,1,8.2,634,294,339,633,True
,meadow,1103005047,29.4,True,OSM-1103005047,915.6,439,3.1,980,9.4,962,523,541,18,True
,meadow,1103149063,41.2,True,OSM-1103149063,4175.8,1204,18.4,1516,11.3,1447,243,312,69,True
,meadow,1103149067,84.2,True,OSM-1103149067,3231.3,1019,15.8,1367,10.2,1180,161,348,187,True
,meadow,1103149072,120.9,True,OSM-1103149072,2768.5,899,0.0,1,9.3,926,27,898,925,True
,meadow,1103149074,102.8,True,OSM-1103149074,3791.0,1132,3.0,971,10.4,1241,109,161,270,True
,meadow,1103149078,33.2,True,OSM-1103149078,4035.7,1184,0.0,1,10.5,1273,89,1183,1272,True
,meadow,1103149080,35.5,True,OSM-1103149080,4414.4,1239,17.2,1434,10.0,1124,115,195,310,True
,meadow,1103149086,22.9,True,OSM-1103149086,3974.6,1170,4.0,1061,12.7,1635,465,109,574,True
,meadow,1103253398,54.3,True,OSM-1103253398,1764.4,654,18.3,1505,11.0,1387,733,851,118,True
,meadow,1103253399,374.3,True,OSM-1103253399,0.0,1,0.0,1,9.9,1099,1098,0,1098,True
,meadow,1103253400,42.2,True,OSM-1103253400,185.7,248,17.8,1471,10.2,1180,932,1223,291,True
,meadow,1103253403,21.5,True,OSM-1103253403,623.5,366,0.0,1,6.7,355,11,365,354,True
,meadow,1103253404,352.9,True,OSM-1103253404,0.0,1,0.0,1,10.0,1124,1123,0,1123,True
,meadow,1103253405,47.8,True,OSM-1103253405,165.4,243,6.5,1202,12.7,1635,1392,959,433,True
,meadow,1103253406,93.1,True,OSM-1103253406,1048.4,475,7.3,1223,16.1,1791,1316,748,568,True
,meadow,1103253408,24.2,True,OSM-1103253408,809.0,414,17.6,1462,11.7,1519,1105,1048,57,True
,meadow,1103254108,173.4,True,OSM-1103254108,1094.5,482,4.3,1081,9.7,1039,557,599,42,True
,meadow,1103254109,93.9,True,OSM-1103254109,1525.4,589,3.3,994,6.9,379,210,405,615,True
,meadow,1103254110,40.5,True,OSM-1103254110,411.1,313,17.7,1467,8.0,584,271,1154,883,True
,meadow,1103254578,21.5,True,OSM-1103254578,0.0,1,5.7,1166,12.0,1553,1552,1165,387,True
,meadow,1103254579,24.9,True,OSM-1103254579,0.0,1,383.4,2069,388.3,2089,2088,2068,20,True
,meadow,1103276385,140.3,True,OSM-1103276385,5399.8,1441,0.0,1,5.8,251,1190,1440,250,True
,meadow,1103276386,26.4,True,OSM-1103276386,5324.6,1423,1.6,765,9.3,926,497,658,161,True
,meadow,1103276387,42.4,True,OSM-1103276387,5542.6,1474,0.0,1,8.7,747,727,1473,746,True
,meadow,1103276388,73.7,True,OSM-1103276388,4435.2,1242,3.4,1005,11.6,1505,263,237,500,True
,meadow,1103276389,235.1,True,OSM-1103276389,3989.9,1171,0.0,1,7.1,411,760,1170,410,True
,meadow,1103276391,132.3,True,OSM-1103276391,2884.4,935,22.9,1679,14.9,1755,820,744,76,True
,meadow,1103276393,92.1,True,OSM-1103276393,2566.1,850,5.7,1166,10.7,1319,469,316,153,True
,meadow,1103301019,81.4,True,OSM-1103301019,2151.0,740,0.0,1,5.8,251,489,739,250,True
,meadow,1103301021,30.3,True,OSM-1103301021,2267.7,766,1.7,781,11.6,1505,739,15,724,True
,meadow,1103301024,126.8,True,OSM-1103301024,2504.1,834,4.2,1076,3.0,84,750,242,992,True
,meadow,1103301026,40.9,True,OSM-1103301026,3677.9,1118,2.8,947,7.1,411,707,171,536,True
,meadow,1103301027,52.3,True,OSM-1103301027,4158.6,1200,0.0,1,6.7,355,845,1199,354,True
,meadow,1103301028,22.1,True,OSM-1103301028,4598.9,1280,0.0,1,9.5,985,295,1279,984,True
,meadow,1103301033,40.2,True,OSM-1103301033,4689.2,1299,0.0,1,4.2,139,1160,1298,138,True
,meadow,1103301034,39.1,True,OSM-1103301034,4811.2,1323,428.6,2101,35.6,1874,551,778,227,True
,meadow,1103648318,44.7,True,OSM-1103648318,14.9,196,0.0,1,6.3,305,109,195,304,True
,meadow,1103648319,46.9,True,OSM-1103648319,134.4,231,17.3,1442,8.4,680,449,1211,762,True
,meadow,1103672467,25.1,True,OSM-1103672467,2.8,180,0.0,1,5.7,238,58,179,237,True
,meadow,1103672470,91.6,True,OSM-1103672470,1.3,176,9.2,1253,5.3,211,35,1077,1042,True
,meadow,1103674352,137.0,True,OSM-1103674352,3.4,181,18.2,1501,5.5,221,40,1320,1280,True
,meadow,1103674353,45.6,True,OSM-1103674353,18.9,199,2.2,861,8.1,608,409,662,253,True
,meadow,1103674354,220.4,True,OSM-1103674354,426.0,317,19.0,1551,6.6,339,22,1234,1212,True
,meadow,1103674355,311.9,True,OSM-1103674355,13.1,194,0.0,1,5.6,232,38,193,231,True
,meadow,1103674357,198.1,True,OSM-1103674357,2.4,179,0.0,1,6.7,355,176,178,354,True
,meadow,1103674359,200.6,True,OSM-1103674359,22.4,201,0.9,665,8.2,634,433,464,31,True
,meadow,1103674360,73.5,True,OSM-1103674360,629.5,368,1.5,743,8.2,634,266,375,109,True
,meadow,1103674361,109.4,True,OSM-1103674361,1261.9,523,0.0,1,7.6,494,29,522,493,True
,meadow,1103675135,206.6,True,OSM-1103675135,2378.0,793,1.5,743,6.9,379,414,50,364,True
,meadow,1103675138,119.5,True,OSM-1103675138,47.7,209,2.8,947,9.6,1011,802,738,64,True
,meadow,1103805519,90.9,True,OSM-1103805519,472.6,331,1.8,792,9.7,1039,708,461,247,True
,meadow,1103805522,21.6,True,OSM-1103805522,801.2,412,16.3,1384,9.3,926,514,972,458,True
,meadow,1103805524,22.7,True,OSM-1103805524,1538.1,593,0.0,1,8.9,802,209,592,801,True
,meadow,1103805526,53.8,True,OSM-1103805526,2133.0,736,0.0,1,8.0,584,152,735,583,True
,meadow,1103806173,36.5,True,OSM-1103806173,814.0,416,0.0,1,9.7,1039,623,415,1038,True
,meadow,1103806174,59.2,True,OSM-1103806174,184.0,246,0.0,1,566.9,2185,1939,245,2184,True
,meadow,1103806175,21.2,True,OSM-1103806175,1437.2,572,1.5,743,11.2,1428,856,171,685,True
,meadow,1103809208,33.6,True,OSM-1103809208,5016.5,1360,0.0,1,3.6,109,1251,1359,108,True
,meadow,1103809214,20.1,True,OSM-1103809214,5075.7,1373,0.0,1,7.7,517,856,1372,516,True
,meadow,1103843667,187.9,True,OSM-1103843667,193.2,251,0.0,1,6.7,355,104,250,354,True
,meadow,1103843668,423.8,True,OSM-1103843668,0.0,1,0.0,1,6.2,288,287,0,287,True
,meadow,1103843670,53.9,True,OSM-1103843670,547.4,347,0.0,1,7.0,395,48,346,394,True
,meadow,1103844755,194.6,True,OSM-1103844755,1863.5,680,10.3,1268,6.0,268,412,588,1000,True
,meadow,1103844759,646.9,True,OSM-1103844759,1876.5,684,1.8,792,10.1,1149,465,108,357,True
,meadow,1103846377,39.7,True,OSM-1103846377,406.6,310,2.8,947,6.7,355,45,637,592,True
,meadow,1103846378,38.1,True,OSM-1103846378,41.4,206,4.1,1071,3.0,84,122,865,987,True
,meadow,1103846379,57.0,True,OSM-1103846379,41.6,207,1.1,689,6.5,327,120,482,362,True
,meadow,1103846380,71.5,True,OSM-1103846380,0.0,1,0.6,632,7.5,475,474,631,157,True
,meadow,1103846381,57.8,True,OSM-1103846381,0.0,1,4.9,1134,15.2,1770,1769,1133,636,True
,meadow,1103846383,51.2,True,OSM-1103846383,154.6,237,20.7,1618,9.2,886,649,1381,732,True
,meadow,1103846384,37.0,True,OSM-1103846384,0.0,1,0.5,611,9.7,1039,1038,610,428,True
,meadow,1103846385,55.9,True,OSM-1103846385,269.0,281,6.7,1208,10.5,1273,992,927,65,True
,meadow,1103846386,40.8,True,OSM-1103846386,0.0,1,0.0,1,9.4,962,961,0,961,True
,meadow,1103846387,54.1,True,OSM-1103846387,277.0,286,18.7,1534,5.7,238,48,1248,1296,True
,meadow,1103846388,27.2,True,OSM-1103846388,677.1,382,441.1,2104,448.3,2120,1738,1722,16,True
,meadow,1103846389,40.4,True,OSM-1103846389,633.4,371,44.2,1747,50.9,1884,1513,1376,137,True
,meadow,1103846390,43.3,True,OSM-1103846390,753.3,400,3.6,1024,7.4,459,59,624,565,True
,meadow,1103847033,22.8,True,OSM-1103847033,2617.0,862,17.5,1454,10.0,1124,262,592,330,True
,meadow,1103847034,33.6,True,OSM-1103847034,2451.8,820,19.7,1585,13.3,1674,854,765,89,True
,meadow,1103859627,25.9,True,OSM-1103859627,6101.2,1586,1.6,765,6.2,288,1298,821,477,True
,meadow,1103941553,46.7,True,OSM-1103941553,83.0,218,0.5,611,10.4,1241,1023,393,630,True
,meadow,1104048748,22.6,True,OSM-1104048748,4458.2,1247,165.9,1909,415.6,2105,858,662,196,True
,meadow,1104048749,23.0,True,OSM-1104048749,4997.1,1355,134.2,1882,414.3,2103,748,527,221,True
,meadow,1104048750,49.1,True,OSM-1104048750,5510.3,1470,419.8,2096,282.4,2032,562,626,64,True
,meadow,1104048753,48.4,True,OSM-1104048753,6090.2,1584,2.0,828,10.7,1319,265,756,491,True
,meadow,1104048755,39.8,True,OSM-1104048755,5895.6,1547,0.0,1,9.0,835,712,1546,834,True
,meadow,1104048757,38.8,True,OSM-1104048757,5165.1,1391,600.0,2198,7.9,553,838,807,1645,True
,meadow,1104048758,29.8,True,OSM-1104048758,5535.3,1473,36.1,1726,30.1,1867,394,253,141,True
,meadow,1104048759,28.3,True,OSM-1104048759,5152.1,1388,18.0,1484,12.1,1565,177,96,81,True
,meadow,1104048760,35.6,True,OSM-1104048760,5459.9,1451,706.8,2239,21.2,1834,383,788,405,True
,meadow,1104402941,24.2,True,OSM-1104402941,2723.0,891,17.9,1475,12.1,1565,674,584,90,True
,meadow,1104402942,38.4,True,OSM-1104402942,2756.7,897,2.4,903,12.3,1592,695,6,689,True
,meadow,1104402943,29.0,True,OSM-1104402943,2801.3,912,16.8,1409,10.5,1273,361,497,136,True
,meadow,1104402958,84.1,True,OSM-1104402958,433.2,319,11.4,1292,9.0,835,516,973,457,True
,meadow,1104402961,172.1,True,OSM-1104402961,1553.9,596,0.2,568,7.9,553,43,28,15,True
,meadow,1104402962,25.2,True,OSM-1104402962,2721.8,889,1.1,689,13.0,1657,768,200,968,True
,meadow,1104409602,24.6,True,OSM-1104409602,10172.4,2002,19.3,1562,18.0,1806,196,440,244,True
,meadow,1104409604,28.5,True,OSM-1104409604,9885.7,1987,2.9,961,8.9,802,1185,1026,159,True
,meadow,1104409607,23.1,True,OSM-1104409607,8933.9,1919,0.0,1,18.6,1812,107,1918,1811,True
,meadow,1104409610,21.0,True,OSM-1104409610,8442.9,1873,2.6,926,10.0,1124,749,947,198,True
,meadow,1104409611,27.4,True,OSM-1104409611,7345.9,1744,2.4,903,9.7,1039,705,841,136,True
,meadow,1104409632,35.6,True,OSM-1104409632,6797.7,1693,18.3,1505,8.6,716,977,188,789,True
,meadow,1104409634,31.3,True,OSM-1104409634,6515.4,1656,4.4,1092,8.2,634,1022,564,458,True
,meadow,1104409638,39.8,True,OSM-1104409638,5554.0,1478,2.1,843,9.2,886,592,635,43,True
,meadow,1104409647,23.9,True,OSM-1104409647,6427.3,1641,1.6,765,9.2,886,755,876,121,True
,meadow,1104640957,20.5,True,OSM-1104640957,9435.8,1959,387.9,2072,324.8,2053,94,113,19,True
,meadow,1104640961,25.4,True,OSM-1104640961,8210.8,1840,274.5,1996,1.8,57,1783,156,1939,True
,meadow,1104640964,43.0,True,OSM-1104640964,7255.0,1738,0.0,1,3.1,89,1649,1737,88,True
,meadow,1104640965,30.6,True,OSM-1104640965,7130.4,1722,110.4,1851,116.4,1919,197,129,68,True
,meadow,1104640980,29.6,True,OSM-1104640980,4271.2,1217,0.3,585,11.2,1428,211,632,843,True
,meadow,1104640981,20.5,True,OSM-1104640981,4792.7,1316,0.8,650,12.1,1565,249,666,915,True
,meadow,1104689104,24.6,True,OSM-1104689104,3278.0,1027,0.9,665,8.5,693,334,362,28,True
,meadow,1104689107,48.6,True,OSM-1104689107,2816.7,917,0.1,558,9.2,886,31,359,328,True
,meadow,1104689108,33.5,True,OSM-1104689108,2672.7,875,1.1,689,10.7,1319,444,186,630,True
,meadow,1104689109,36.8,True,OSM-1104689109,2515.0,839,2.0,828,11.3,1447,608,11,619,True
,meadow,1104944645,75.9,True,OSM-1104944645,17047.5,2287,0.0,1,8.2,634,1653,2286,633,True
,meadow,1104946832,77.7,True,OSM-1104946832,15542.5,2266,0.0,1,9.0,835,1431,2265,834,True
,meadow,1104947984,80.9,True,OSM-1104947984,13159.2,2183,0.6,632,7.4,459,1724,1551,173,True
,meadow,1104947988,44.8,True,OSM-1104947988,12229.8,2139,17.2,1434,6.4,315,1824,705,1119,True
,meadow,1104950627,26.7,True,OSM-1104950627,10944.7,2057,3.4,1005,10.3,1215,842,1052,210,True
,meadow,1104950629,29.7,True,OSM-1104950629,10632.9,2031,2.1,843,9.8,1071,960,1188,228,True
,meadow,1104950630,21.0,True,OSM-1104950630,11273.4,2079,140.8,1892,147.6,1942,137,187,50,True
,meadow,1104950631,24.5,True,OSM-1104950631,11071.7,2067,2.5,914,9.2,886,1181,1153,28,True
,meadow,1104950636,20.6,True,OSM-1104950636,10254.8,2008,33.0,1722,23.3,1847,161,286,125,True
,meadow,1105030808,142.0,True,OSM-1105030808,3887.0,1153,0.0,1,10.7,1319,166,1152,1318,True
,meadow,1105032288,423.1,True,OSM-1105032288,1062.9,477,0.0,1,2.5,66,411,476,65,True
,meadow,1105032293,51.7,True,OSM-1105032293,3142.8,995,1.5,743,9.4,962,33,252,219,True
,meadow,1105032294,33.6,True,OSM-1105032294,1658.5,623,0.0,1,1.9,60,563,622,59,True
,meadow,1105075505,150.1,True,OSM-1105075505,1084.1,480,0.9,665,7.6,494,14,185,171,True
,meadow,1105184395,44.6,True,OSM-1105184395,977.8,456,0.0,1,8.4,680,224,455,679,True
,meadow,1105186139,68.9,True,OSM-1105186139,0.0,1,1.8,792,3.8,119,118,791,673,True
,meadow,1105186953,44.1,True,OSM-1105186953,109.7,226,3.2,986,10.3,1215,989,760,229,True
,meadow,1105248305,111.3,True,OSM-1105248305,0.0,1,1.8,792,2.5,66,65,791,726,True
,meadow,1105322624,41.0,True,OSM-1105322624,0.0,1,15.8,1367,9.9,1099,1098,1366,268,True
,meadow,1105377150,86.5,True,OSM-1105377150,2903.9,944,18.3,1505,3.8,119,825,561,1386,True
,meadow,1105627469,44.0,True,OSM-1105627469,8071.0,1822,39.7,1737,26.8,1858,36,85,121,True
,meadow,1105750581,85.0,True,OSM-1105750581,2789.1,909,0.0,1,1.0,50,859,908,49,True
,meadow,1105750586,20.5,True,OSM-1105750586,4029.0,1179,145.9,1897,151.8,1943,764,718,46,True
,meadow,1105750588,64.8,True,OSM-1105750588,4471.4,1250,411.1,2092,257.1,2010,760,842,82,True
,meadow,1105750589,96.8,True,OSM-1105750589,4419.4,1240,380.8,2067,11.3,1447,207,827,620,True
,meadow,1105753401,99.5,True,OSM-1105753401,6761.5,1686,0.0,1,7.9,553,1133,1685,552,True
,meadow,1105760869,45.7,True,OSM-1105760869,11277.7,2080,37.8,1733,8.8,769,1311,347,964,True
,meadow,1105760870,52.3,True,OSM-1105760870,10749.2,2045,122.5,1872,9.5,985,1060,173,887,True
,meadow,1105807496,42.3,True,OSM-1105807496,11891.5,2116,2.0,828,5.9,261,1855,1288,567,True
,farmland,1105807505,45.1,True,OSM-1105807505,12852.6,2170,0.0,1,13.7,1708,462,2169,1707,True
,meadow,1105810080,64.7,True,OSM-1105810080,13240.7,2186,3.0,971,9.8,1071,1115,1215,100,True
,meadow,1105810088,102.7,True,OSM-1105810088,12119.3,2132,0.0,1,7.1,411,1721,2131,410,True
,meadow,1105810089,52.4,True,OSM-1105810089,13324.1,2190,21.3,1635,19.3,1822,368,555,187,True
,meadow,1105810090,75.9,True,OSM-1105810090,13489.7,2196,260.3,1983,18.6,1812,384,213,171,True
,meadow,1105812059,48.9,True,OSM-1105812059,17613.6,2300,1435.7,2325,1665.0,2345,45,25,20,True
,meadow,1105812060,83.8,True,OSM-1105812060,18148.0,2308,1377.6,2321,1571.3,2344,36,13,23,True
,meadow,1105812061,65.7,True,OSM-1105812061,17080.2,2288,491.9,2131,700.2,2262,26,157,131,True
,meadow,1105812063,29.5,True,OSM-1105812063,16977.2,2285,203.1,1939,331.9,2059,226,346,120,True
,meadow,1105812066,31.4,True,OSM-1105812066,18883.8,2316,2110.4,2345,2295.6,2355,39,29,10,True
,meadow,1105812067,36.4,True,OSM-1105812067,19639.5,2321,2336.9,2348,2318.1,2356,35,27,8,True
,meadow,1105812068,142.9,True,OSM-1105812068,18243.2,2310,1921.3,2341,2153.3,2354,44,31,13,True
,meadow,1105813321,69.9,True,OSM-1105813321,17003.7,2286,808.6,2270,1030.0,2319,33,16,49,True
,meadow,1105817038,34.5,True,OSM-1105817038,14479.7,2232,0.0,1,189.2,1967,265,2231,1966,True
,meadow,1105825306,98.1,True,OSM-1105825306,2767.7,898,0.0,1,2.7,74,824,897,73,True
,meadow,1105825316,69.6,True,OSM-1105825316,238.2,268,0.0,1,7.0,395,127,267,394,True
,meadow,1105825326,29.7,True,OSM-1105825326,1634.9,619,110.1,1849,197.5,1973,1354,1230,124,True
,meadow,1105827115,30.6,True,OSM-1105827115,1811.6,665,0.0,1,1.6,53,612,664,52,True
,meadow,1105923327,22.6,True,OSM-1105923327,19197.1,2319,384.7,2070,547.9,2175,144,249,105,True
,meadow,1106033220,20.2,True,OSM-1106033220,30395.6,2345,547.7,2168,629.7,2220,125,177,52,True
,meadow,1106033226,26.3,True,OSM-1106033226,30246.5,2344,498.2,2134,470.4,2132,212,210,2,True
,meadow,1106033227,37.1,True,OSM-1106033227,29930.8,2343,58.5,1771,44.6,1878,465,572,107,True
,meadow,1106033242,23.5,True,OSM-1106033242,29351.3,2342,463.7,2116,376.5,2080,262,226,36,True
,meadow,1106078242,90.1,True,OSM-1106078242,24520.5,2335,810.1,2271,2.3,63,2272,64,2208,True
,meadow,1106078243,214.6,True,OSM-1106078243,25577.4,2336,560.5,2172,3.4,99,2237,164,2073,True
,meadow,1106078244,258.5,True,OSM-1106078244,27460.3,2338,13.5,1315,4.9,184,2154,1023,1131,True
,meadow,1106078247,67.9,True,OSM-1106078247,23671.0,2334,0.0,1,3.2,93,2241,2333,92,True
,meadow,1106078583,48.4,True,OSM-1106078583,31121.0,2349,1412.3,2324,920.8,2307,42,25,17,True
,meadow,1106078585,30.9,True,OSM-1106078585,31419.7,2351,1796.6,2335,1240.4,2331,20,16,4,True
,meadow,1106078834,58.6,True,OSM-1106078834,31079.7,2348,1602.9,2329,1042.6,2320,28,19,9,True
,meadow,1106078835,56.0,True,OSM-1106078835,31504.9,2352,1983.7,2344,1423.8,2343,9,8,1,True
,meadow,1106079534,42.0,True,OSM-1106079534,30813.1,2346,1290.4,2318,730.0,2271,75,28,47,True
,meadow,1106081268,21.9,True,OSM-1106081268,31600.8,2353,1438.0,2326,1025.3,2317,36,27,9,True
,meadow,1106081269,41.3,True,OSM-1106081269,28201.5,2340,1096.1,2308,8.5,693,1647,32,1615,True
,meadow,1106081270,109.8,True,OSM-1106081270,28834.5,2341,1008.0,2298,2.7,74,2267,43,2224,True
,meadow,1106118997,23.4,True,OSM-1106118997,28086.9,2339,16.4,1388,12.2,1580,759,951,192,True
,meadow,1106121769,43.9,True,OSM-1106121769,32149.3,2355,0.0,1,3.7,114,2241,2354,113,True
,meadow,1106121771,37.4,True,OSM-1106121771,33278.2,2356,580.0,2184,234.5,2002,354,172,182,True
,meadow,1106151300,29.4,True,OSM-1106151300,26898.3,2337,88.4,1815,4.8,174,2163,522,1641,True
,meadow,1106166169,31.1,True,OSM-1106166169,31745.2,2354,299.5,2012,212.3,1984,370,342,28,True
,meadow,1106166175,21.7,True,OSM-1106166175,31179.9,2350,0.0,1,3.6,109,2241,2349,108,True
,meadow,1106169049,28.8,True,OSM-1106169049,31060.1,2347,0.0,1,4.4,151,2196,2346,150,True
,meadow,1106323286,25.5,True,OSM-1106323286,11022.3,2065,188.2,1928,7.3,443,1622,137,1485,True
,meadow,1106423230,274.0,True,OSM-1106423230,17252.0,2292,27.8,1710,5.7,238,2054,582,1472,True
,meadow,1106423237,66.5,True,OSM-1106423237,18666.0,2314,12.8,1308,7.6,494,1820,1006,814,True
,meadow,1106423247,20.9,True,OSM-1106423247,17279.8,2293,302.1,2016,230.2,1998,295,277,18,True
,meadow,1106454531,29.5,True,OSM-1106454531,18163.0,2309,191.6,1931,2.8,80,2229,378,1851,True
,meadow,1106454532,20.4,True,OSM-1106454532,17479.6,2296,667.0,2224,1.7,56,2240,72,2168,True
,meadow,1106454534,30.7,True,OSM-1106454534,17693.0,2302,91.6,1821,6.1,279,2023,481,1542,True
,meadow,1106457484,31.4,True,OSM-1106457484,14294.4,2229,369.7,2055,442.6,2117,112,174,62,True
,meadow,1106627390,173.6,True,OSM-1106627390,3048.1,976,0.0,1,9.7,1039,63,975,1038,True
,meadow,1106627391,115.9,True,OSM-1106627391,2474.9,828,407.8,2090,7.1,411,417,1262,1679,True
,meadow,1106627392,29.6,True,OSM-1106627392,2367.7,789,0.0,1,8.6,716,73,788,715,True
,meadow,1106627395,64.1,True,OSM-1106627395,1387.8,556,0.0,1,8.8,769,213,555,768,True
,meadow,1106627396,85.4,True,OSM-1106627396,1915.5,694,2.1,843,6.3,305,389,149,538,True
,meadow,1106627397,58.8,True,OSM-1106627397,3951.2,1166,6.6,1205,13.3,1674,508,39,469,True
,meadow,1106627398,71.3,True,OSM-1106627398,3645.0,1110,6.6,1205,13.3,1674,564,95,469,True
,meadow,1106627400,65.8,True,OSM-1106627400,2941.1,954,264.1,1987,11.3,1447,493,1033,540,True
,meadow,1106627401,35.6,True,OSM-1106627401,2874.1,931,12.0,1302,18.9,1818,887,371,516,True
,meadow,1106627402,126.6,True,OSM-1106627402,1999.0,712,465.5,2118,500.1,2150,1438,1406,32,True
,meadow,1106627404,30.8,True,OSM-1106627404,2896.7,941,36.6,1728,10.7,1319,378,787,409,True
,meadow,1106627406,61.9,True,OSM-1106627406,3602.7,1100,97.5,1831,7.1,411,689,731,1420,True
,meadow,1106627409,20.6,True,OSM-1106627409,1898.7,688,138.0,1889,147.0,1941,1253,1201,52,True
,meadow,1106628386,36.2,True,OSM-1106628386,6718.9,1682,795.6,2261,4.3,145,1537,579,2116,True
,meadow,1106628387,45.5,True,OSM-1106628387,5964.8,1558,1890.8,2339,22.0,1842,284,781,497,True
,meadow,1106628388,49.6,True,OSM-1106628388,5926.2,1552,1736.3,2334,440.9,2116,564,782,218,True
,meadow,1106701765,39.4,True,OSM-1106701765,18853.4,2315,0.0,1,4.0,129,2186,2314,128,True
,meadow,1106701767,63.0,True,OSM-1106701767,19196.4,2318,398.3,2081,257.6,2011,307,237,70,True
,meadow,1106701768,27.9,True,OSM-1106701768,19795.6,2324,543.0,2164,284.2,2033,291,160,131,True
,meadow,1106701776,46.5,True,OSM-1106701776,19804.5,2325,688.8,2230,685.5,2255,70,95,25,True
,meadow,1106701778,50.7,True,OSM-1106701778,20275.7,2329,686.2,2229,768.5,2279,50,100,50,True
,meadow,1106701779,28.3,True,OSM-1106701779,20975.4,2330,704.6,2237,1266.9,2334,4,93,97,True
,meadow,1106701808,91.9,True,OSM-1106701808,19966.1,2327,798.6,2264,493.7,2144,183,63,120,True
,meadow,1106701809,20.1,True,OSM-1106701809,19694.0,2322,802.1,2266,447.9,2119,203,56,147,True
,meadow,1106701826,43.3,True,OSM-1106701826,19516.9,2320,440.7,2103,3.5,103,2217,217,2000,True
,meadow,1106799015,101.3,True,OSM-1106799015,11288.5,2081,1819.4,2337,1815.7,2349,268,256,12,True
,meadow,1106805082,45.1,True,OSM-1106805082,11718.2,2110,1005.0,2297,840.7,2292,182,187,5,True
,meadow,1106805107,171.2,True,OSM-1106805107,11716.9,2109,0.0,1,6.3,305,1804,2108,304,True
,meadow,1106805122,24.1,True,OSM-1106805122,12682.1,2159,100.1,1835,7.3,443,1716,324,1392,True
,meadow,1106805123,49.9,True,OSM-1106805123,10791.3,2050,1010.2,2299,718.6,2266,216,249,33,True
,meadow,1106805126,32.2,True,OSM-1106805126,14011.6,2218,54.0,1765,14.7,1753,465,453,12,True
,meadow,1106805132,24.1,True,OSM-1106805132,13874.0,2207,0.0,1,7.1,411,1796,2206,410,True
,meadow,1106833202,77.7,True,OSM-1106833202,8537.9,1883,16.6,1397,114.7,1917,34,486,520,True
,meadow,1106893513,144.5,True,OSM-1106893513,9696.8,1975,0.5,611,5.5,221,1754,1364,390,True
,meadow,1106893514,150.7,True,OSM-1106893514,11486.3,2093,1.3,712,8.7,747,1346,1381,35,True
,meadow,1106893516,112.1,True,OSM-1106893516,14254.7,2227,0.2,568,8.1,608,1619,1659,40,True
,meadow,1106893517,110.1,True,OSM-1106893517,15398.4,2263,0.7,639,11.0,1387,876,1624,748,True
,meadow,1106893518,93.3,True,OSM-1106893518,17086.5,2289,1.3,712,5.3,211,2078,1577,501,True
,meadow,1106893519,59.0,True,OSM-1106893519,15362.9,2259,642.0,2214,632.0,2221,38,45,7,True
,meadow,1106893520,32.1,True,OSM-1106893520,18558.2,2311,245.8,1973,205.0,1977,334,338,4,True
,meadow,1106893521,32.9,True,OSM-1106893521,19173.8,2317,663.2,2222,117.8,1920,397,95,302,True
,meadow,1106893522,22.5,True,OSM-1106893522,19749.3,2323,1153.4,2313,0.3,46,2277,10,2267,True
,meadow,1106893525,36.7,True,OSM-1106893525,17130.5,2291,0.0,1,8.8,769,1522,2290,768,True
,meadow,1106893529,214.2,True,OSM-1106893529,18601.2,2312,0.0,1,0.0,1,2311,2311,0,True
,meadow,1106893534,31.7,True,OSM-1106893534,15539.3,2265,13.3,1314,4.8,174,2091,951,1140,True
,meadow,1106896735,24.1,True,OSM-1106896735,7171.7,1727,580.2,2185,661.0,2245,518,458,60,True
,meadow,1106896736,20.6,True,OSM-1106896736,8211.4,1841,1.5,743,58.0,1888,47,1098,1145,True
,meadow,1106896737,68.6,True,OSM-1106896737,9562.7,1966,0.8,650,38.1,1876,90,1316,1226,True
,meadow,1106896738,312.2,True,OSM-1106896738,10420.2,2018,0.0,1,0.0,1,2017,2017,0,True
,meadow,1106896740,25.5,True,OSM-1106896740,8265.1,1850,608.0,2202,693.4,2260,410,352,58,True
,meadow,1106896744,89.3,True,OSM-1106896744,5910.2,1549,18.1,1491,15.8,1786,237,58,295,True
,meadow,1106896748,167.5,True,OSM-1106896748,3887.9,1154,2.3,883,5.0,189,965,271,694,True
,meadow,1106936686,21.7,True,OSM-1106936686,3747.3,1126,0.0,1,195.3,1972,846,1125,1971,True
,meadow,1107086843,24.2,True,OSM-1107086843,11526.9,2096,135.5,1884,102.4,1909,187,212,25,True
,meadow,1107086847,27.0,True,OSM-1107086847,14004.6,2217,508.2,2144,20.9,1833,384,73,311,True
,meadow,1107086848,49.8,True,OSM-1107086848,14222.5,2225,1.1,689,9.5,985,1240,1536,296,True
,meadow,1107087720,56.7,True,OSM-1107087720,13892.1,2210,3.2,986,7.1,411,1799,1224,575,True
,meadow,1107087730,39.0,True,OSM-1107087730,14118.4,2222,88.0,1814,525.3,2160,62,408,346,True
,meadow,1107087731,42.2,True,OSM-1107087731,13655.3,2202,9.4,1256,9.2,886,1316,946,370,True
,meadow,1107087733,41.7,True,OSM-1107087733,12902.1,2173,10.4,1273,4.8,174,1999,900,1099,True
,meadow,1107087740,22.7,True,OSM-1107087740,12040.3,2127,4.8,1122,8.8,769,1358,1005,353,True
,meadow,1107203598,294.7,True,OSM-1107203598,13997.9,2216,7.5,1226,0.0,1,2215,990,1225,True
,meadow,1107203602,140.4,True,OSM-1107203602,18609.9,2313,203.7,1941,127.0,1924,389,372,17,True
,meadow,1107211402,36.9,True,OSM-1107211402,16696.0,2282,0.4,595,9.2,886,1396,1687,291,True
,meadow,1107211405,28.6,True,OSM-1107211405,15851.4,2272,0.0,1,4.3,145,2127,2271,144,True
,meadow,1107211406,27.3,True,OSM-1107211406,16136.1,2276,22.5,1671,14.8,1754,522,605,83,True
,meadow,1107391469,70.8,True,OSM-1107391469,13049.3,2178,0.5,611,5.8,251,1927,1567,360,True
,meadow,1107391470,76.1,True,OSM-1107391470,13115.4,2181,545.8,2166,11.4,1469,712,15,697,True
,meadow,1107391471,55.5,True,OSM-1107391471,12306.8,2143,20.1,1598,8.6,716,1427,545,882,True
,meadow,1107391472,35.0,True,OSM-1107391472,11605.2,2100,3.0,971,10.0,1124,976,1129,153,True
,meadow,1107391473,64.0,True,OSM-1107391473,10637.2,2033,0.0,1,21.8,1840,193,2032,1839,True
,meadow,1107391474,37.4,True,OSM-1107391474,11142.3,2070,0.0,1,11.3,1447,623,2069,1446,True
,meadow,1107391478,113.5,True,OSM-1107391478,11170.2,2071,11.2,1289,8.3,663,1408,782,626,True
,meadow,1107391480,25.4,True,OSM-1107391480,10975.8,2061,16.1,1376,10.0,1124,937,685,252,True
,meadow,1107391481,49.3,True,OSM-1107391481,10780.1,2047,0.0,1,5.7,238,1809,2046,237,True
,meadow,1107399147,22.2,True,OSM-1107399147,8757.5,1907,31.1,1719,23.8,1849,58,188,130,True
,meadow,1107443280,45.3,True,OSM-1107443280,12182.0,2136,365.3,2053,0.0,1,2135,83,2052,True
,meadow,1107443281,31.1,True,OSM-1107443281,10659.9,2035,721.0,2243,10.8,1345,690,208,898,True
,meadow,1107443284,27.4,True,OSM-1107443284,9861.6,1984,19.6,1576,10.7,1319,665,408,257,True
,meadow,1107443285,79.5,True,OSM-1107443285,9103.8,1936,0.0,1,8.6,716,1220,1935,715,True
,meadow,1107443286,61.1,True,OSM-1107443286,9068.4,1933,9.0,1248,9.5,985,948,685,263,True
,meadow,1107443287,65.1,True,OSM-1107443287,8230.1,1847,1.4,725,8.7,747,1100,1122,22,True
,meadow,1107443289,26.3,True,OSM-1107443289,7831.0,1798,16.1,1376,10.4,1241,557,422,135,True
,meadow,1107444264,60.6,True,OSM-1107444264,7037.1,1712,0.0,1,9.6,1011,701,1711,1010,True
,meadow,1107444265,23.8,True,OSM-1107444265,7981.0,1814,9.2,1253,16.6,1794,20,561,541,True
,meadow,1107444269,33.5,True,OSM-1107444269,8397.4,1863,0.0,1,9.2,886,977,1862,885,True
,meadow,1107445935,83.9,True,OSM-1107445935,11941.7,2121,0.0,1,67.2,1892,229,2120,1891,True
,meadow,1107584568,37.3,True,OSM-1107584568,19821.8,2326,64.4,1787,3.4,99,2227,539,1688,True
,meadow,1107584575,35.7,True,OSM-1107584575,20013.5,2328,2.2,861,5.1,198,2130,1467,663,True
,meadow,1107707986,27.0,True,OSM-1107707986,8468.9,1876,0.0,1,18.7,1816,60,1875,1815,True
,meadow,1112683339,25.2,True,OSM-1112683339,3230.7,1018,0.7,639,5.5,221,797,379,418,True
,meadow,1112683340,93.7,True,OSM-1112683340,3376.7,1050,0.4,595,7.1,411,639,455,184,True
,meadow,1115206447,36.8,True,OSM-1115206447,14761.4,2243,0.0,1,5.9,261,1982,2242,260,True
,meadow,1115575538,36.2,True,OSM-1115575538,10427.7,2020,17.9,1475,12.5,1613,407,545,138,True
,farmland,1124881277,49.8,True,OSM-1124881277,5076.4,1375,3.5,1016,20.1,1828,453,359,812,True
,farmland,1176699043,113.6,True,OSM-1176699043,2369.9,791,0.0,1,4.6,164,627,790,163,True
,meadow,1221896585,66.9,True,OSM-1221896585,4755.2,1309,6.3,1192,0.0,1,1308,117,1191,True
,farmland,1375323189,72.2,True,OSM-1375323189,0.0,1,0.0,1,0.0,1,0,0,0,False
,farmland,1375323190,27.7,True,OSM-1375323190,175.7,244,19.3,1562,9.2,886,642,1318,676,True
,farmland,1379870338,21.8,True,OSM-1379870338,5985.2,1565,6.1,1183,15.5,1776,211,382,593,True
,farmland,1379870339,24.4,True,OSM-1379870339,6377.8,1632,483.7,2126,492.5,2142,510,494,16,True
,farmland,1419668701,93.6,True,OSM-1419668701,4560.1,1273,41.5,1740,45.6,1880,607,467,140,True
,farmland,1419668702,42.6,True,OSM-1419668702,3362.5,1047,102.3,1838,31.7,1870,823,791,32,True
,farmland,1419668708,42.5,True,OSM-1419668708,4284.5,1220,1.0,679,14.5,1747,527,541,1068,True
,farmland,1419668711,24.9,True,OSM-1419668711,371.7,304,376.0,2062,384.2,2086,1782,1758,24,True
,farmland,1419668719,71.3,True,OSM-1419668719,2396.9,796,302.2,2017,2.5,66,730,1221,1951,True
,farmland,1419668746,28.1,True,OSM-1419668746,10.7,189,472.4,2121,481.2,2136,1947,1932,15,True
,farmland,1419668751,72.2,True,OSM-1419668751,13654.8,2201,488.4,2130,45.8,1882,319,71,248,True
,farmland,1419668753,64.2,True,OSM-1419668753,12964.4,2175,8.0,1238,16.8,1798,377,937,560,True
,farmland,1419668754,71.2,True,OSM-1419668754,12757.3,2166,24.5,1697,33.2,1873,293,469,176,True
,farmland,1419668757,95.7,True,OSM-1419668757,11610.6,2102,26.6,1708,33.0,1871,231,394,163,True
,farmland,1419668758,84.1,True,OSM-1419668758,11255.3,2076,116.3,1860,82.5,1898,178,216,38,True
,farmland,1419668759,92.2,True,OSM-1419668759,10503.6,2023,36.8,1730,45.6,1880,143,293,150,True
,farmland,1419668760,66.7,True,OSM-1419668760,9586.2,1968,24.9,1700,33.1,1872,96,268,172,True
,farmland,144175434,47.7,True,OSM-144175434,2787.7,907,796.6,2262,9.5,985,78,1355,1277,True
,meadow,1442514369,44.0,True,OSM-1442514369,12468.6,2151,2.5,914,7.8,538,1613,1237,376,True
,meadow,1453758016,139.9,True,OSM-1453758016,3085.7,987,4.7,1109,6.2,288,699,122,821,True
,meadow,1467679634,87.0,True,OSM-1467679634,3154.3,998,0.8,650,3.5,103,895,348,547,True
,meadow,1467679635,39.2,True,OSM-1467679635,3557.4,1091,21.2,1630,104.9,1911,820,539,281,True
,meadow,1467679636,76.9,True,OSM-1467679636,3490.3,1083,0.0,1,3.8,119,964,1082,118,True
,meadow,1467881019,25.3,True,OSM-1467881019,9968.6,1991,33.7,1723,31.1,1869,122,268,146,True
,meadow,1467881020,24.2,True,OSM-1467881020,10369.2,2015,380.4,2066,389.2,2090,75,51,24,True
,meadow,1467881021,21.6,True,OSM-1467881021,8685.3,1897,21.3,1635,23.2,1846,51,262,211,True
,meadow,1467881022,49.3,True,OSM-1467881022,8664.9,1894,20.1,1598,12.3,1592,302,296,6,True
,meadow,1467881023,40.0,True,OSM-1467881023,9066.6,1932,0.0,1,9.0,835,1097,1931,834,True
,meadow,1467881024,49.0,True,OSM-1467881024,9879.9,1986,0.0,1,3.9,127,1859,1985,126,True
,meadow,1468063750,32.0,True,OSM-1468063750,1778.9,659,16.2,1380,7.2,434,225,721,946,True
,meadow,1468063751,76.4,True,OSM-1468063751,123.1,230,18.1,1491,9.2,886,656,1261,605,True
,meadow,1468063758,27.0,True,OSM-1468063758,963.3,451,0.0,1,14.5,1747,1296,450,1746,True
,meadow,1468449500,121.8,True,OSM-1468449500,4990.2,1353,2.9,961,6.8,367,986,392,594,True
,meadow,1468449501,40.0,True,OSM-1468449501,4115.1,1193,52.4,1763,9.2,886,307,570,877,True
,meadow,1468449503,70.2,True,OSM-1468449503,5330.0,1424,24.3,1694,16.6,1794,370,270,100,True
,meadow,1468449517,22.5,True,OSM-1468449517,6993.9,1708,0.0,1,13.4,1687,21,1707,1686,True
,meadow,1468449520,176.4,True,OSM-1468449520,6215.4,1607,2.4,903,9.6,1011,596,704,108,True
,meadow,1468449528,47.9,True,OSM-1468449528,5997.8,1568,14.0,1325,498.3,2149,581,243,824,True
,meadow,1468449531,229.0,True,OSM-1468449531,6936.3,1705,0.0,1,8.5,693,1012,1704,692,True
,meadow,1468449556,26.9,True,OSM-1468449556,7923.7,1808,19.0,1551,7.1,411,1397,257,1140,True
,meadow,1468790281,52.5,True,OSM-1468790281,2678.0,878,24.5,1697,11.9,1542,664,819,155,True
,meadow,1468790282,52.6,True,OSM-1468790282,2195.8,750,18.2,1501,8.6,716,34,751,785,True
,meadow,1468790283,60.3,True,OSM-1468790283,1862.9,679,1.0,679,10.6,1303,624,0,624,True
,meadow,1468790284,100.7,True,OSM-1468790284,1488.8,584,0.6,632,10.5,1273,689,48,641,True
,meadow,1468790287,34.0,True,OSM-1468790287,1301.3,535,2.2,861,9.8,1071,536,326,210,True
,meadow,1468790290,131.8,True,OSM-1468790290,1421.0,569,0.0,1,0.0,1,568,568,0,True
,meadow,1468790293,68.9,True,OSM-1468790293,1789.3,662,0.0,1,15.6,1781,1119,661,1780,True
,meadow,1468790294,20.6,True,OSM-1468790294,2856.8,928,2.7,935,14.9,1755,827,7,820,True
,meadow,1468790295,26.0,True,OSM-1468790295,2990.2,965,0.0,1,11.1,1407,442,964,1406,True
,meadow,1468790314,56.5,True,OSM-1468790314,3339.3,1039,19.3,1562,3.1,89,950,523,1473,True
,meadow,1468790316,22.0,True,OSM-1468790316,4468.9,1249,8.4,1240,0.0,1,1248,9,1239,True
,meadow,1468878948,62.3,True,OSM-1468878948,6030.6,1576,8.9,1247,1332.1,2338,762,329,1091,True
,meadow,1468878953,166.9,True,OSM-1468878953,6627.6,1669,0.0,1,2.9,81,1588,1668,80,True
,meadow,1468878954,25.4,True,OSM-1468878954,6868.9,1697,141.4,1893,208.8,1981,284,196,88,True
,meadow,1468878955,29.8,True,OSM-1468878955,6224.0,1609,13.5,1315,11.0,1387,222,294,72,True
,meadow,1468878956,77.5,True,OSM-1468878956,5503.1,1465,2.4,903,10.0,1124,341,562,221,True
,meadow,1468878957,423.9,True,OSM-1468878957,5995.7,1567,0.0,1,778.3,2282,715,1566,2281,True
,meadow,1468878965,59.3,True,OSM-1468878965,6879.0,1699,212.1,1949,437.1,2114,415,250,165,True
,meadow,1468878967,66.8,True,OSM-1468878967,6903.6,1701,222.7,1958,320.6,2052,351,257,94,True
,meadow,1468953812,26.4,True,OSM-1468953812,6510.9,1655,137.9,1888,1185.5,2324,669,233,436,True
,meadow,1468953814,95.1,True,OSM-1468953814,7167.9,1726,2.0,828,12.6,1628,98,898,800,True
,meadow,1468953821,88.7,True,OSM-1468953821,6213.0,1605,4.4,1092,14.5,1747,142,513,655,True
,meadow,1468953822,26.2,True,OSM-1468953822,6357.4,1625,37.1,1731,115.9,1918,293,106,187,True
,meadow,1468953824,22.5,True,OSM-1468953824,6531.4,1660,387.9,2072,452.2,2121,461,412,49,True
,meadow,1468953827,21.9,True,OSM-1468953827,7021.1,1710,3.8,1042,19.5,1824,114,668,782,True
,meadow,1468953829,65.6,True,OSM-1468953829,6701.5,1680,0.0,1,747.6,2276,596,1679,2275,True
,meadow,1468953830,86.8,True,OSM-1468953830,6429.6,1642,314.1,2023,275.4,2025,383,381,2,True
,meadow,1468953831,70.5,True,OSM-1468953831,6495.2,1653,526.7,2154,591.3,2201,548,501,47,True
,meadow,1468953832,82.9,True,OSM-1468953832,8485.7,1878,0.0,1,20.2,1830,48,1877,1829,True
,meadow,1468953833,62.5,True,OSM-1468953833,8601.8,1888,20.6,1613,553.9,2177,289,275,564,True
,meadow,1468953834,29.6,True,OSM-1468953834,8352.1,1857,56.4,1770,870.7,2300,443,87,530,True
,meadow,1468953836,39.0,True,OSM-1468953836,8151.8,1831,103.3,1841,382.3,2083,252,10,242,True
,meadow,1468953837,103.4,True,OSM-1468953837,8698.1,1900,0.0,1,373.6,2075,175,1899,2074,True
,meadow,1469181660,182.1,True,OSM-1469181660,3008.9,969,0.0,1,8.6,716,253,968,715,True
,meadow,1469181661,98.5,True,OSM-1469181661,4387.1,1236,0.0,1,8.3,663,573,1235,662,True
,meadow,1469181662,181.0,True,OSM-1469181662,4555.2,1271,0.0,1,10.6,1303,32,1270,1302,True
,meadow,1469181674,25.9,True,OSM-1469181674,6541.5,1663,18.6,1527,11.3,1447,216,136,80,True
,meadow,1469181675,55.5,True,OSM-1469181675,6121.7,1589,7.4,1224,14.0,1725,136,365,501,True
,meadow,1469181677,25.7,True,OSM-1469181677,5825.8,1528,4.8,1122,14.4,1745,217,406,623,True
,meadow,1469181684,79.0,True,OSM-1469181684,4175.6,1203,2.5,914,9.1,863,340,289,51,True
,meadow,1469181685,40.9,True,OSM-1469181685,4838.9,1325,21.3,1635,12.6,1628,303,310,7,True
,meadow,1469181690,81.9,True,OSM-1469181690,4488.6,1255,17.0,1415,6.2,288,967,160,1127,True
,meadow,1469181691,56.5,True,OSM-1469181691,5498.1,1464,0.0,1,4.0,129,1335,1463,128,True
,meadow,1469181693,32.8,True,OSM-1469181693,6394.6,1635,48.6,1759,55.7,1887,252,124,128,True
,meadow,1469181695,22.9,True,OSM-1469181695,5580.9,1484,317.2,2025,4.9,184,1300,541,1841,True
,meadow,1469233848,116.1,True,OSM-1469233848,4448.1,1244,2.6,926,9.2,886,358,318,40,True
,meadow,1469233856,23.7,True,OSM-1469233856,5290.2,1417,154.9,1900,162.5,1948,531,483,48,True
,meadow,1469233857,21.6,True,OSM-1469233857,5460.0,1452,222.6,1957,229.4,1996,544,505,39,True
,meadow,1469233880,26.9,True,OSM-1469233880,6410.8,1639,4.3,1081,9.9,1099,540,558,18,True
,meadow,1469233885,60.2,True,OSM-1469233885,6202.8,1604,16.8,1409,10.0,1124,480,195,285,True
,meadow,1469233898,31.8,True,OSM-1469233898,6688.2,1676,24.3,1694,16.4,1793,117,18,99,True
,meadow,1469233901,29.4,True,OSM-1469233901,6280.6,1614,561.1,2173,601.6,2205,591,559,32,True
,meadow,1469233902,32.3,True,OSM-1469233902,6439.0,1644,255.9,1981,225.1,1991,347,337,10,True
,meadow,1469233904,32.6,True,OSM-1469233904,6441.7,1645,0.0,1,6.8,367,1278,1644,366,True
,meadow,1469233912,40.1,True,OSM-1469233912,6370.7,1630,18.9,1546,9.0,835,795,84,711,True
,meadow,1469233913,54.1,True,OSM-1469233913,5712.3,1509,14.9,1343,6.0,268,1241,166,1075,True
,meadow,1469233920,68.3,True,OSM-1469233920,5780.2,1519,0.0,1,6.8,367,1152,1518,366,True
,meadow,1469233924,38.5,True,OSM-1469233924,4868.0,1333,196.2,1935,205.1,1978,645,602,43,True
,meadow,1469310871,28.0,True,OSM-1469310871,705.5,390,1.4,725,8.2,634,244,335,91,True
,meadow,1469310892,28.3,True,OSM-1469310892,318.9,294,89.0,1816,153.1,1944,1650,1522,128,True
,meadow,1469598565,20.2,True,OSM-1469598565,323.2,296,5.2,1153,13.3,1674,1378,857,521,True
,meadow,1469598606,27.7,True,OSM-1469598606,1292.5,532,4.3,1081,12.1,1565,1033,549,484,True
,meadow,1469598607,25.4,True,OSM-1469598607,1167.5,503,15.4,1355,7.0,395,108,852,960,True
,meadow,1469598649,20.8,True,OSM-1469598649,2500.6,831,463.0,2115,694.0,2261,1430,1284,146,True
,meadow,1469599341,31.5,True,OSM-1469599341,1760.9,652,541.0,2162,532.5,2165,1513,1510,3,True
,meadow,1469599342,20.9,True,OSM-1469599342,2123.8,734,380.0,2065,633.5,2222,1488,1331,157,True
,meadow,1471485133,226.7,True,OSM-1471485133,4274.8,1218,4.7,1109,6.6,339,879,109,770,True
,meadow,1471485134,44.5,True,OSM-1471485134,5507.0,1467,319.4,2027,12.2,1580,113,560,447,True
,meadow,1471485138,59.3,True,OSM-1471485138,5651.3,1499,86.6,1811,15.9,1789,290,312,22,True
,meadow,1471485143,151.8,True,OSM-1471485143,4225.4,1211,24.0,1691,7.1,411,800,480,1280,True
,meadow,1471485165,162.0,True,OSM-1471485165,3914.8,1159,1.9,814,10.6,1303,144,345,489,True
,meadow,1471485167,20.3,True,OSM-1471485167,5033.5,1364,0.0,1,10.0,1124,240,1363,1123,True
,meadow,1471485168,107.3,True,OSM-1471485168,3823.9,1138,0.0,1,10.0,1124,14,1137,1123,True
,meadow,1471485182,51.3,True,OSM-1471485182,2983.8,963,103.3,1841,7.2,434,529,878,1407,True
,meadow,1472735058,60.4,True,OSM-1472735058,3004.2,967,0.0,1,11.2,1428,461,966,1427,True
,meadow,1472735059,25.9,True,OSM-1472735059,2711.8,885,4.9,1134,10.2,1180,295,249,46,True
,meadow,1472735060,44.7,True,OSM-1472735060,3210.2,1013,0.0,1,11.1,1407,394,1012,1406,True
,meadow,1472735090,27.6,True,OSM-1472735090,2239.4,757,462.8,2114,513.5,2151,1394,1357,37,True
,meadow,1472735093,59.8,True,OSM-1472735093,2364.0,787,164.7,1908,809.5,2288,1501,1121,380,True
,meadow,1472735094,24.0,True,OSM-1472735094,3008.1,968,50.3,1760,418.0,2108,1140,792,348,True
,meadow,1472735117,38.5,True,OSM-1472735117,1943.3,702,0.8,650,10.5,1273,571,52,623,True
,meadow,1472735121,38.0,True,OSM-1472735121,2033.6,717,394.2,2076,11.4,1469,752,1359,607,True
,meadow,1472957182,110.5,True,OSM-1472957182,10826.8,2052,253.2,1979,458.8,2126,74,73,147,True
,meadow,1472957183,94.6,True,OSM-1472957183,10995.5,2062,984.9,2295,1192.0,2326,264,233,31,True
,meadow,1472957185,94.6,True,OSM-1472957185,10626.4,2030,1540.9,2328,1878.4,2351,321,298,23,True
,meadow,1472967806,169.3,True,OSM-1472967806,9919.6,1989,1866.8,2338,2140.1,2353,364,349,15,True
,meadow,1475621014,141.6,True,OSM-1475621014,9044.4,1929,672.7,2227,1366.3,2341,412,298,114,True
,meadow,1475621015,26.5,True,OSM-1475621015,9044.7,1930,597.4,2196,1366.2,2340,410,266,144,True
,meadow,1476583873,22.3,True,OSM-1476583873,12724.7,2162,258.7,1982,261.4,2012,150,180,30,True
,meadow,1476583874,34.3,True,OSM-1476583874,13209.0,2184,297.8,2011,298.5,2040,144,173,29,True
,meadow,1476583878,20.9,True,OSM-1476583878,14065.6,2220,0.0,1,7.2,434,1786,2219,433,True
,meadow,1477825543,36.6,True,OSM-1477825543,3592.3,1097,3.4,1005,10.5,1273,176,92,268,True
,meadow,1477825545,33.0,True,OSM-1477825545,2917.6,948,26.5,1707,17.9,1805,857,759,98,True
,meadow,1477825552,26.5,True,OSM-1477825552,2885.0,936,3.1,980,12.2,1580,644,44,600,True
,meadow,1477825553,214.8,True,OSM-1477825553,1331.8,546,2.8,947,11.8,1537,991,401,590,True
,meadow,1477825554,47.1,True,OSM-1477825554,2158.9,742,33.7,1723,25.5,1853,1111,981,130,True
,meadow,1477825555,38.0,True,OSM-1477825555,1570.0,601,4.8,1122,14.2,1736,1135,521,614,True
,meadow,1477825556,36.6,True,OSM-1477825556,1288.8,529,4.9,1134,14.1,1728,1199,605,594,True
,meadow,1477825574,87.9,True,OSM-1477825574,2634.9,869,1.9,814,8.8,769,100,55,45,True
,meadow,1477825575,82.5,True,OSM-1477825575,1823.2,667,1.6,765,10.2,1180,513,98,415,True
,meadow,1477825584,102.8,True,OSM-1477825584,3258.6,1025,3.6,1024,8.3,663,362,1,361,True
,meadow,1477825586,30.5,True,OSM-1477825586,2534.4,843,351.8,2050,310.2,2046,1203,1207,4,True
,meadow,1477825592,53.8,True,OSM-1477825592,588.8,360,1063.1,2304,1982.2,2352,1992,1944,48,True
,meadow,1477825593,61.3,True,OSM-1477825593,0.0,1,554.0,2169,1827.6,2350,2349,2168,181,True
,meadow,1477825594,72.8,True,OSM-1477825594,88.1,221,71.8,1795,1259.8,2332,2111,1574,537,True
,meadow,1477825600,121.8,True,OSM-1477825600,568.9,353,116.3,1860,983.2,2314,1961,1507,454,True
,meadow,1477825604,63.3,True,OSM-1477825604,45.5,208,180.7,1923,956.6,2311,2103,1715,388,True
,meadow,1477829131,52.0,True,OSM-1477829131,119.7,229,120.1,1865,133.6,1929,1700,1636,64,True
,meadow,1477829133,140.2,True,OSM-1477829133,0.0,1,1.8,792,27.9,1861,1860,791,1069,True
,meadow,1478574283,55.2,True,OSM-1478574283,912.6,437,10.8,1281,16.7,1796,1359,844,515,True
,meadow,1478574290,20.2,True,OSM-1478574290,635.4,372,22.9,1679,11.9,1542,1170,1307,137,True
,meadow,1478574308,26.1,True,OSM-1478574308,1342.0,548,4.2,1076,11.3,1447,899,528,371,True
,meadow,1478574328,20.2,True,OSM-1478574328,0.0,1,288.1,2009,14.1,1728,1727,2008,281,True
,meadow,1478574329,32.0,True,OSM-1478574329,179.5,245,114.2,1857,7.6,494,249,1612,1363,True
,meadow,1478574330,25.6,True,OSM-1478574330,186.5,249,6.3,1192,3.1,89,160,943,1103,True
,meadow,1478574332,25.9,True,OSM-1478574332,658.1,377,2.3,883,5.7,238,139,506,645,True
,meadow,1478574333,33.2,True,OSM-1478574333,644.2,374,28.8,1714,471.5,2134,1760,1340,420,True
,meadow,1478574334,74.4,True,OSM-1478574334,1034.0,472,2.0,828,864.7,2298,1826,356,1470,True
,meadow,1478574335,82.8,True,OSM-1478574335,552.7,348,2.0,828,568.7,2188,1840,480,1360,True
,meadow,1478574336,52.9,True,OSM-1478574336,137.4,232,0.0,1,127.7,1925,1693,231,1924,True
,meadow,1478574337,31.6,True,OSM-1478574337,726.7,397,0.0,1,584.1,2199,1802,396,2198,True
,meadow,1478574358,79.7,True,OSM-1478574358,1094.6,483,0.8,650,7.1,411,72,167,239,True
,meadow,1478574369,33.1,True,OSM-1478574369,1852.4,676,16.1,1376,8.4,680,4,700,696,True
,meadow,1478574370,50.5,True,OSM-1478574370,1758.4,651,0.0,1,8.1,608,43,650,607,True
,meadow,1478666605,105.7,True,OSM-1478666605,646.3,375,6.9,1213,15.5,1776,1401,838,563,True
,meadow,1478666610,226.7,True,OSM-1478666610,0.0,1,4.1,1071,13.0,1657,1656,1070,586,True
,meadow,1478666613,66.7,True,OSM-1478666613,685.5,384,143.0,1894,406.1,2096,1712,1510,202,True
,meadow,1478666614,517.9,True,OSM-1478666614,561.9,351,17.3,1442,7.8,538,187,1091,904,True
,meadow,1478666615,33.8,True,OSM-1478666615,895.3,432,30.0,1717,21.8,1840,1408,1285,123,True
,meadow,1478666616,56.0,True,OSM-1478666616,226.8,261,0.0,1,9.0,835,574,260,834,True
,meadow,1478666617,29.2,True,OSM-1478666617,922.9,440,0.2,568,8.9,802,362,128,234,True
,meadow,1478666619,22.5,True,OSM-1478666619,943.8,447,272.0,1993,280.7,2027,1580,1546,34,True
,meadow,1478666620,64.3,True,OSM-1478666620,1370.4,553,0.2,568,8.9,802,249,15,234,True
,meadow,1478666622,25.0,True,OSM-1478666622,2995.5,966,2.0,828,9.2,886,80,138,58,True
,meadow,1478666624,22.3,True,OSM-1478666624,1553.1,595,97.4,1830,88.6,1901,1306,1235,71,True
,meadow,1478666625,21.5,True,OSM-1478666625,2102.2,732,59.3,1773,20.1,1828,1096,1041,55,True
,meadow,1478666626,21.0,True,OSM-1478666626,2592.2,859,377.0,2063,19.3,1822,963,1204,241,True
,meadow,1478666627,20.7,True,OSM-1478666627,2536.4,844,760.0,2253,17.1,1800,956,1409,453,True
,meadow,1478666628,22.4,True,OSM-1478666628,1944.2,703,808.5,2269,17.1,1800,1097,1566,469,True
,meadow,1478666629,42.5,True,OSM-1478666629,568.1,352,706.8,2239,8.0,584,232,1887,1655,True
,meadow,1478666631,541.6,True,OSM-1478666631,0.0,1,0.0,1,6.0,268,267,0,267,True
,meadow,1478666632,143.5,True,OSM-1478666632,673.9,379,0.0,1,6.3,305,74,378,304,True
,meadow,1478669141,22.4,True,OSM-1478669141,11399.2,2088,382.5,2068,1320.9,2337,249,20,269,True
,meadow,1478715347,38.6,True,OSM-1478715347,3473.0,1081,20.1,1598,10.3,1215,134,517,383,True
,meadow,1478837492,27.8,True,OSM-1478837492,7262.9,1739,0.0,1,7.9,553,1186,1738,552,True
,meadow,1478837513,21.7,True,OSM-1478837513,9379.8,1956,15.4,1355,7.8,538,1418,601,817,True
,farmland,1478837514,22.3,True,OSM-1478837514,10691.0,2038,0.0,1,5.7,238,1800,2037,237,True
,meadow,1478837519,25.4,True,OSM-1478837519,11941.9,2122,64.7,1788,73.5,1893,229,334,105,True
,meadow,1478895067,30.0,True,OSM-1478895067,11921.2,2120,18.8,1542,392.1,2092,28,578,550,True
,meadow,1478895068,29.7,True,OSM-1478895068,11851.3,2113,1.7,781,6.5,327,1786,1332,454,True
,meadow,1478895070,28.2,True,OSM-1478895070,12255.1,2142,8.7,1243,14.3,1741,401,899,498,True
,meadow,1478895075,46.0,True,OSM-1478895075,10957.0,2059,1.9,814,8.5,693,1366,1245,121,True
,meadow,1478895076,50.9,True,OSM-1478895076,11031.5,2066,0.0,1,8.5,693,1373,2065,692,True
,meadow,1478904420,77.0,True,OSM-1478904420,0.0,1,156.6,1902,15.5,1776,1775,1901,126,True
,meadow,1478904427,42.1,True,OSM-1478904427,0.0,1,122.2,1870,12.3,1592,1591,1869,278,True
,meadow,1478904451,27.4,True,OSM-1478904451,4021.1,1176,563.8,2177,376.8,2081,905,1001,96,True
,meadow,1478904452,33.9,True,OSM-1478904452,4178.6,1206,535.4,2159,19.6,1825,619,953,334,True
,meadow,1478904453,30.9,True,OSM-1478904453,4697.9,1303,21.3,1635,19.6,1825,522,332,190,True
,meadow,1478904454,26.3,True,OSM-1478904454,4384.1,1234,199.1,1937,17.8,1804,570,703,133,True
,meadow,1478904455,53.6,True,OSM-1478904455,3601.2,1099,6.6,1205,14.4,1745,646,106,540,True
,meadow,1478904463,35.3,True,OSM-1478904463,1723.3,641,6.2,1189,14.1,1728,1087,548,539,True
,meadow,1478994810,20.9,True,OSM-1478994810,3855.4,1144,19.4,1566,12.8,1647,503,422,81,True
,meadow,1478994812,20.1,True,OSM-1478994812,3873.8,1151,280.0,2002,287.7,2035,884,851,33,True
,meadow,1478994814,105.6,True,OSM-1478994814,3391.3,1056,7.0,1216,11.6,1505,449,160,289,True
,meadow,1478994815,30.4,True,OSM-1478994815,3444.4,1070,4.3,1081,11.4,1469,399,11,388,True
,meadow,1478994818,35.7,True,OSM-1478994818,2626.0,867,19.0,1551,11.4,1469,602,684,82,True
,meadow,1478994819,141.9,True,OSM-1478994819,1910.3,692,19.9,1592,9.8,1071,379,900,521,True
,meadow,1478994820,60.2,True,OSM-1478994820,2380.5,795,18.4,1516,11.1,1407,612,721,109,True
,meadow,1478994821,35.2,True,OSM-1478994821,4079.4,1188,0.0,1,6.0,268,920,1187,267,True
,meadow,1478994825,33.6,True,OSM-1478994825,4438.8,1243,50.5,1762,58.4,1889,646,519,127,True
,meadow,1478994828,24.8,True,OSM-1478994828,4674.4,1292,563.7,2176,571.5,2192,900,884,16,True
,meadow,1478994829,25.2,True,OSM-1478994829,5138.0,1385,271.5,1992,279.4,2026,641,607,34,True
,meadow,1478994830,26.5,True,OSM-1478994830,4813.6,1324,2.1,843,10.2,1180,144,481,337,True
,meadow,1478994832,43.6,True,OSM-1478994832,4859.9,1329,4.3,1081,11.0,1387,58,248,306,True
,meadow,1478994834,25.9,True,OSM-1478994834,5355.8,1434,10.9,1286,11.9,1542,108,148,256,True
,meadow,1478994836,90.6,True,OSM-1478994836,5508.5,1469,10.2,1266,10.9,1370,99,203,104,True
,meadow,1478994847,118.2,True,OSM-1478994847,6432.8,1643,8.8,1246,10.8,1345,298,397,99,True
,meadow,1478994857,138.1,True,OSM-1478994857,5770.0,1518,152.8,1899,166.8,1951,433,381,52,True
,meadow,1479035326,116.5,True,OSM-1479035326,0.0,1,1.6,765,9.9,1099,1098,764,334,True
,meadow,1479035329,64.1,True,OSM-1479035329,0.0,1,4.3,1081,11.3,1447,1446,1080,366,True
,meadow,1479035333,48.0,True,OSM-1479035333,0.0,1,125.0,1874,131.9,1928,1927,1873,54,True
,meadow,1479035334,70.7,True,OSM-1479035334,0.0,1,262.6,1985,13.5,1695,1694,1984,290,True
,meadow,1479035339,33.3,True,OSM-1479035339,1026.6,467,17.1,1421,11.0,1387,920,954,34,True
,meadow,1479035340,24.5,True,OSM-1479035340,1659.2,625,80.6,1803,74.8,1895,1270,1178,92,True
,meadow,1479035341,20.0,True,OSM-1479035341,2100.0,731,143.8,1895,137.3,1934,1203,1164,39,True
,meadow,1479035347,62.4,True,OSM-1479035347,2073.1,726,0.0,1,8.8,769,43,725,768,True
,meadow,1479035348,41.9,True,OSM-1479035348,3201.2,1009,6.5,1202,13.2,1669,660,193,467,True
,meadow,1479035349,35.7,True,OSM-1479035349,3542.9,1090,106.9,1846,18.1,1807,717,756,39,True
,meadow,1479035354,47.0,True,OSM-1479035354,4242.8,1214,11.4,1292,18.3,1809,595,78,517,True
,meadow,1479035355,38.3,True,OSM-1479035355,4101.6,1191,19.0,1551,12.2,1580,389,360,29,True
,meadow,1479035356,29.1,True,OSM-1479035356,4553.9,1270,4.5,1095,12.2,1580,310,175,485,True
,meadow,1479035358,143.9,True,OSM-1479035358,5046.4,1365,23.0,1682,13.4,1687,322,317,5,True
,meadow,1479035359,106.1,True,OSM-1479035359,5019.0,1361,3.2,986,45.5,1879,518,375,893,True
,meadow,1479035376,60.8,True,OSM-1479035376,4532.5,1265,0.0,1,11.6,1505,240,1264,1504,True
,meadow,1479036578,49.5,True,OSM-1479036578,4028.2,1178,19.3,1562,11.5,1488,310,384,74,True
,meadow,1479036579,50.7,True,OSM-1479036579,3677.5,1117,16.5,1393,412.3,2102,985,276,709,True
,meadow,1479036580,28.8,True,OSM-1479036580,3316.8,1036,4.7,1109,13.3,1674,638,73,565,True
,meadow,1479036599,66.3,True,OSM-1479036599,2903.2,943,0.0,1,15.0,1762,819,942,1761,True
,meadow,1479036600,45.2,True,OSM-1479036600,1974.6,709,151.9,1898,804.3,2287,1578,1189,389,True
,meadow,1479068609,30.8,True,OSM-1479068609,5564.4,1480,102.5,1839,10.4,1241,239,359,598,True
,meadow,1479068619,42.3,True,OSM-1479068619,5445.7,1449,104.1,1843,12.2,1580,131,394,263,True
,meadow,1479068621,27.0,True,OSM-1479068621,7197.0,1729,17.9,1475,11.0,1387,342,254,88,True
,meadow,1479068622,20.4,True,OSM-1479068622,6829.0,1695,7.7,1228,15.0,1762,67,467,534,True
,meadow,1479068623,21.3,True,OSM-1479068623,6520.5,1659,0.0,1,10.9,1370,289,1658,1369,True
,meadow,1479068630,24.3,True,OSM-1479068630,7277.2,1740,16.0,1371,8.9,802,938,369,569,True
,meadow,1479068636,42.6,True,OSM-1479068636,8228.7,1846,7.0,1216,14.2,1736,110,630,520,True
,meadow,1479068637,23.7,True,OSM-1479068637,8751.5,1906,566.3,2179,573.8,2193,287,273,14,True
,meadow,1479068639,24.4,True,OSM-1479068639,9569.1,1967,0.0,1,486.6,2137,170,1966,2136,True
,meadow,1479068640,32.7,True,OSM-1479068640,12101.1,2131,1156.4,2314,12.0,1553,578,183,761,True
,meadow,1479068648,25.2,True,OSM-1479068648,11257.6,2077,19.8,1589,8.2,634,1443,488,955,True
,meadow,1479068649,28.5,True,OSM-1479068649,11181.9,2072,100.0,1834,6.1,279,1793,238,1555,True
,meadow,1479068650,58.4,True,OSM-1479068650,11558.6,2097,42.6,1743,15.5,1776,321,354,33,True
,meadow,1481251133,113.4,True,OSM-1481251133,15.9,197,0.5,611,7.4,459,262,414,152,True
,meadow,1481254761,36.5,True,OSM-1481254761,5.0,183,17.3,1442,5.7,238,55,1259,1204,True
,meadow,1481254822,156.0,True,OSM-1481254822,9.3,186,0.0,1,8.2,634,448,185,633,True
,meadow,1481261496,137.1,True,OSM-1481261496,428.5,318,0.2,568,7.0,395,77,250,173,True
,meadow,1481287512,116.6,True,OSM-1481287512,14.8,195,2.4,903,4.3,145,50,708,758,True
,meadow,1481444012,52.2,True,OSM-1481444012,21394.1,2331,285.0,2005,25.1,1852,479,326,153,True
,meadow,1481444013,39.9,True,OSM-1481444013,22520.9,2332,238.5,1969,6.1,279,2053,363,1690,True
,meadow,1481444014,115.8,True,OSM-1481444014,23439.0,2333,510.3,2145,4.5,155,2178,188,1990,True
,meadow,1481553192,20.6,True,OSM-1481553192,13886.1,2209,1464.7,2327,0.0,1,2208,118,2326,True
,meadow,1481553195,44.7,True,OSM-1481553195,14816.0,2244,884.5,2281,10.9,1370,874,37,911,True
,meadow,1481574605,28.9,True,OSM-1481574605,14512.9,2235,842.2,2275,3.4,99,2136,40,2176,True
,meadow,1481574608,24.0,True,OSM-1481574608,14569.4,2240,502.9,2139,3.6,109,2131,101,2030,True
,meadow,1481574610,49.3,True,OSM-1481574610,13409.9,2192,1397.9,2322,298.3,2039,153,130,283,True
,meadow,1481574611,36.3,True,OSM-1481574611,13991.5,2215,1020.2,2300,5.5,221,1994,85,2079,True
,meadow,1481574636,149.2,True,OSM-1481574636,15340.6,2257,301.1,2015,330.4,2056,201,242,41,True
,meadow,1481574637,133.0,True,OSM-1481574637,11985.9,2125,0.0,1,1.6,53,2072,2124,52,True
,meadow,1481740891,20.6,True,OSM-1481740891,13145.1,2182,667.4,2225,674.8,2251,69,43,26,True
,meadow,1481740893,77.0,True,OSM-1481740893,8520.9,1882,62.8,1780,4.5,155,1727,102,1625,True
,meadow,1481984409,77.4,True,OSM-1481984409,3056.0,978,0.0,1,4.4,151,827,977,150,True
,meadow,1481984414,175.0,True,OSM-1481984414,4193.3,1207,114.8,1858,3.0,84,1123,651,1774,True
,meadow,1481984415,59.3,True,OSM-1481984415,3294.2,1032,326.7,2033,2.6,72,960,1001,1961,True
,meadow,1481984417,127.5,True,OSM-1481984417,5636.0,1496,11.3,1290,2.5,66,1430,206,1224,True
,meadow,1481984418,240.2,True,OSM-1481984418,6503.3,1654,12.9,1310,1.5,52,1602,344,1258,True
,meadow,1481990954,31.0,True,OSM-1481990954,3617.1,1103,117.6,1863,14.2,1736,633,760,127,True
,meadow,1481990960,33.9,True,OSM-1481990960,5056.6,1369,16.7,1403,8.5,693,676,34,710,True
,meadow,1482243089,68.1,True,OSM-1482243089,5519.8,1472,86.3,1810,375.7,2079,607,338,269,True
,meadow,1482243091,29.1,True,OSM-1482243091,5815.3,1526,877.9,2280,887.9,2302,776,754,22,True
,meadow,1482243092,38.7,True,OSM-1482243092,5465.6,1453,1119.8,2309,880.7,2301,848,856,8,True
,meadow,1482243093,56.7,True,OSM-1482243093,4951.2,1347,600.2,2200,566.9,2185,838,853,15,True
,meadow,1482243094,292.1,True,OSM-1482243094,5629.9,1495,29.9,1716,39.9,1877,382,221,161,True
,meadow,1482342810,64.7,True,OSM-1482342810,11608.2,2101,0.0,1,6.6,339,1762,2100,338,True
,meadow,1482342817,49.2,True,OSM-1482342817,11354.2,2083,720.2,2242,280.9,2028,55,159,214,True
,meadow,1482342833,63.7,True,OSM-1482342833,11463.6,2092,696.3,2235,133.6,1929,163,143,306,True
,meadow,1482342836,34.5,True,OSM-1482342836,10757.9,2046,945.3,2294,634.4,2225,179,248,69,True
,meadow,1482342837,61.4,True,OSM-1482342837,10212.8,2006,647.8,2216,685.8,2256,250,210,40,True
,meadow,1482342838,21.8,True,OSM-1482342838,10183.0,2004,177.0,1919,167.7,1952,52,85,33,True
,meadow,1482342841,21.7,True,OSM-1482342841,8033.0,1820,494.8,2133,870.5,2299,479,313,166,True
,meadow,1482342847,70.9,True,OSM-1482342847,10409.5,2017,2524.6,2349,1405.4,2342,325,332,7,True
,meadow,1482527572,50.8,True,OSM-1482527572,3151.6,997,0.0,1,3.0,84,913,996,83,True
,meadow,1482527574,39.8,True,OSM-1482527574,2987.4,964,0.0,1,370.4,2074,1110,963,2073,True
,meadow,1482527582,43.3,True,OSM-1482527582,2643.4,870,0.0,1,425.1,2112,1242,869,2111,True
,meadow,1482582689,113.3,True,OSM-1482582689,0.0,1,0.0,1,10.0,1124,1123,0,1123,True
,meadow,1482582700,583.0,True,OSM-1482582700,0.0,1,0.0,1,3.3,97,96,0,96,True
,meadow,1482582703,27.5,True,OSM-1482582703,90.3,222,245.6,1972,237.3,2004,1782,1750,32,True
,meadow,1482582704,65.7,True,OSM-1482582704,0.0,1,18.6,1527,9.2,886,885,1526,641,True
,meadow,1482582709,28.3,True,OSM-1482582709,0.0,1,5.1,1148,8.5,693,692,1147,455,True
,meadow,1482687321,160.5,True,OSM-1482687321,10562.4,2027,3.5,1016,6.3,305,1722,1011,711,True
,meadow,1482687333,22.8,True,OSM-1482687333,12627.0,2156,46.4,1752,300.9,2041,115,404,289,True
,meadow,1482687337,22.6,True,OSM-1482687337,11390.6,2087,244.4,1971,10.0,1124,963,116,847,True
,meadow,1482687339,46.8,True,OSM-1482687339,10784.3,2048,618.9,2204,10.0,1124,924,156,1080,True
,meadow,1482687340,96.0,True,OSM-1482687340,10036.6,1995,0.0,1,13.4,1687,308,1994,1686,True
,meadow,1482687341,30.0,True,OSM-1482687341,11955.5,2124,0.0,1,12.1,1565,559,2123,1564,True
,meadow,1482687342,36.2,True,OSM-1482687342,12735.6,2164,286.4,2007,823.3,2290,126,157,283,True
,meadow,1482687343,25.9,True,OSM-1482687343,12414.5,2148,43.4,1744,466.8,2130,18,404,386,True
,meadow,1482687358,83.2,True,OSM-1482687358,14286.0,2228,11.8,1299,7.9,553,1675,929,746,True
,meadow,1482687373,24.3,True,OSM-1482687373,14178.5,2224,371.5,2057,12.4,1601,623,167,456,True
,meadow,1482732530,30.1,True,OSM-1482732530,982.3,458,12.2,1305,8.6,716,258,847,589,True
,meadow,1482732531,87.7,True,OSM-1482732531,1789.5,663,117.2,1862,8.9,802,139,1199,1060,True
,meadow,1482732532,42.2,True,OSM-1482732532,2280.3,769,17.4,1447,10.2,1180,411,678,267,True
,meadow,1482732535,23.4,True,OSM-1482732535,490.8,336,9.1,1252,14.1,1728,1392,916,476,True
,meadow,1482732536,21.7,True,OSM-1482732536,1429.4,570,234.3,1966,9.4,962,392,1396,1004,True
,meadow,1482901368,230.8,True,OSM-1482901368,0.0,1,3.2,986,10.4,1241,1240,985,255,True
,meadow,1482901373,97.4,True,OSM-1482901373,1461.2,577,0.0,1,8.0,584,7,576,583,True
,meadow,1482972844,109.8,True,OSM-1482972844,5092.1,1378,4.8,1122,7.3,443,935,256,679,True
,meadow,1482972845,103.5,True,OSM-1482972845,3455.7,1078,0.4,595,13.7,1708,630,483,1113,True
,meadow,1482972849,20.1,True,OSM-1482972849,3097.7,989,0.0,1,178.7,1959,970,988,1958,True
,meadow,1482972850,24.7,True,OSM-1482972850,2509.9,837,46.5,1754,106.2,1913,1076,917,159,True
,meadow,1482972851,20.1,True,OSM-1482972851,2500.6,831,93.8,1822,525.0,2159,1328,991,337,True
,meadow,1482972853,23.5,True,OSM-1482972853,2491.0,830,403.8,2086,852.7,2294,1464,1256,208,True
,meadow,1482972857,26.9,True,OSM-1482972857,4222.3,1210,5.2,1153,10.5,1273,63,57,120,True
,meadow,1482972861,58.7,True,OSM-1482972861,5072.0,1372,13.5,1315,7.9,553,819,57,762,True
,meadow,1482972863,53.5,True,OSM-1482972863,6141.9,1591,32.1,1721,9.3,926,665,130,795,True
,meadow,1482972864,30.7,True,OSM-1482972864,6664.1,1672,592.9,2192,581.8,2198,526,520,6,True
,meadow,1482972865,136.6,True,OSM-1482972865,5852.5,1535,0.0,1,5.0,189,1346,1534,188,True
,meadow,1482972869,89.7,True,OSM-1482972869,7244.9,1736,7.9,1236,12.8,1647,89,500,411,True
,meadow,1482972870,71.5,True,OSM-1482972870,7757.2,1788,20.4,1608,13.3,1674,114,180,66,True
,meadow,1482972881,46.7,True,OSM-1482972881,8286.5,1851,11.9,1301,10.4,1241,610,550,60,True
,meadow,1482972884,76.2,True,OSM-1482972884,7777.8,1791,10.8,1281,17.4,1803,12,510,522,True
,meadow,1483067105,74.5,True,OSM-1483067105,3377.4,1051,0.0,1,3.2,93,958,1050,92,True
,meadow,1483067106,47.1,True,OSM-1483067106,3953.9,1167,0.0,1,8.6,716,451,1166,715,True
,meadow,1483067107,69.7,True,OSM-1483067107,4168.3,1202,0.8,650,7.9,553,649,552,97,True
,meadow,1483067132,29.8,True,OSM-1483067132,3512.7,1087,482.1,2124,488.6,2138,1051,1037,14,True
,meadow,1483068355,48.3,True,OSM-1483068355,4560.0,1272,5.5,1162,11.0,1387,115,110,225,True
,meadow,1483068356,23.6,True,OSM-1483068356,3819.2,1137,5.8,1172,11.5,1488,351,35,316,True
,meadow,1483068358,47.1,True,OSM-1483068358,3840.7,1142,23.7,1686,15.8,1786,644,544,100,True
,meadow,1483068359,75.6,True,OSM-1483068359,3034.3,974,23.8,1687,15.8,1786,812,713,99,True
,meadow,1483068373,22.3,True,OSM-1483068373,393.8,309,240.5,1970,232.0,1999,1690,1661,29,True
,meadow,1483068378,20.1,True,OSM-1483068378,1081.4,479,325.5,2032,232.0,1999,1520,1553,33,True
,meadow,1483404642,34.8,True,OSM-1483404642,7986.4,1815,0.0,1,7.0,395,1420,1814,394,True
,meadow,1483475313,70.5,True,OSM-1483475313,2586.1,855,2.6,926,10.2,1180,325,71,254,True
,meadow,1483475314,20.1,True,OSM-1483475314,2178.2,748,277.7,1999,8.0,584,164,1251,1415,True
,meadow,1483475320,27.7,True,OSM-1483475320,1738.0,644,99.7,1833,310.8,2047,1403,1189,214,True
,meadow,1483475321,39.9,True,OSM-1483475321,582.7,359,158.4,1905,661.1,2246,1887,1546,341,True
,meadow,1483475324,34.7,True,OSM-1483475324,1122.8,490,3.9,1056,13.0,1657,1167,566,601,True
,meadow,1483475328,41.1,True,OSM-1483475328,1735.1,643,0.0,1,12.0,1553,910,642,1552,True
,meadow,1483475339,39.2,True,OSM-1483475339,518.1,341,2.0,828,9.1,863,522,487,35,True
,meadow,1483475343,21.7,True,OSM-1483475343,1583.2,603,123.0,1873,273.1,2023,1420,1270,150,True
,meadow,1483492555,23.7,True,OSM-1483492555,3715.3,1120,526.2,2153,519.1,2155,1035,1033,2,True
,meadow,1483492558,25.8,True,OSM-1483492558,5542.6,1474,20.9,1621,13.1,1662,188,147,41,True
,meadow,1483589768,20.4,True,OSM-1483589768,5322.2,1422,9.4,1256,13.8,1716,294,166,460,True
,meadow,1483589776,40.2,True,OSM-1483589776,3663.8,1113,179.3,1921,11.4,1469,356,808,452,True
,meadow,1483589777,24.5,True,OSM-1483589777,3652.4,1112,191.8,1932,10.3,1215,103,820,717,True
,meadow,1483589778,91.5,True,OSM-1483589778,4088.7,1190,17.9,1475,9.8,1071,119,285,404,True
,meadow,1483589779,31.4,True,OSM-1483589779,3389.9,1053,0.0,1,10.2,1180,127,1052,1179,True
,meadow,1483634791,24.0,True,OSM-1483634791,5106.0,1379,0.0,1,8.6,716,663,1378,715,True
,meadow,1483634799,32.4,True,OSM-1483634799,4473.1,1251,22.7,1677,8.7,747,504,426,930,True
,meadow,1483634805,97.8,True,OSM-1483634805,3720.2,1121,0.0,1,9.3,926,195,1120,925,True
,meadow,1483880063,59.5,True,OSM-1483880063,5519.1,1471,3.8,1042,10.8,1345,126,429,303,True
,meadow,1483880064,33.3,True,OSM-1483880064,5665.9,1500,187.9,1927,15.4,1774,274,427,153,True
,meadow,1483880065,22.2,True,OSM-1483880065,6172.8,1598,6.1,1183,12.5,1613,15,415,430,True
,meadow,1483880070,118.5,True,OSM-1483880070,5790.9,1521,1.4,725,7.3,443,1078,796,282,True
,meadow,1483881013,84.4,True,OSM-1483881013,5971.1,1560,0.0,1,9.5,985,575,1559,984,True
,meadow,1483881014,77.6,True,OSM-1483881014,5374.5,1438,0.4,595,9.7,1039,399,843,444,True
,meadow,1483881015,148.1,True,OSM-1483881015,5190.2,1396,0.2,568,5.6,232,1164,828,336,True
,meadow,1483881016,21.4,True,OSM-1483881016,6604.7,1666,4.6,1101,12.8,1647,19,565,546,True
,meadow,1483881017,89.2,True,OSM-1483881017,5353.3,1431,0.0,1,7.8,538,893,1430,537,True
,meadow,1483881023,246.1,True,OSM-1483881023,5604.6,1492,0.0,1,8.3,663,829,1491,662,True
,meadow,1483922186,34.8,True,OSM-1483922186,6157.6,1596,75.1,1798,610.2,2210,614,202,412,True
,meadow,1483922187,81.0,True,OSM-1483922187,5747.5,1512,0.0,1,10.3,1215,297,1511,1214,True
,meadow,1483922190,35.3,True,OSM-1483922190,5589.0,1489,6.8,1211,8.2,634,855,278,577,True
,meadow,1483922201,27.8,True,OSM-1483922201,5865.8,1540,47.1,1756,8.8,769,771,216,987,True
,meadow,1483922202,156.1,True,OSM-1483922202,5960.4,1556,0.0,1,10.7,1319,237,1555,1318,True
,meadow,1483922209,468.5,True,OSM-1483922209,2893.3,940,8.1,1239,12.9,1655,715,299,416,True
,meadow,1483922210,72.5,True,OSM-1483922210,4059.9,1186,15.2,1348,3.8,119,1067,162,1229,True
,meadow,1483922212,49.0,True,OSM-1483922212,3209.8,1012,95.5,1825,264.1,2016,1004,813,191,True
,meadow,1483922213,50.9,True,OSM-1483922213,3576.0,1094,0.0,1,10.8,1345,251,1093,1344,True
,meadow,1483922215,43.8,True,OSM-1483922215,2712.4,886,3.5,1016,10.8,1345,459,130,329,True
,meadow,1483922233,62.8,True,OSM-1483922233,1174.8,508,137.3,1887,15.2,1770,1262,1379,117,True
,meadow,1483922234,123.5,True,OSM-1483922234,0.0,1,0.2,568,5.7,238,237,567,330,True
,meadow,1483924091,86.5,True,OSM-1483924091,4805.9,1320,3.6,1024,11.3,1447,127,296,423,True
,meadow,1483924092,129.2,True,OSM-1483924092,3448.1,1071,0.0,1,9.0,835,236,1070,834,True
,meadow,1483924097,64.6,True,OSM-1483924097,2630.5,868,0.0,1,5.2,201,667,867,200,True
,meadow,1483924098,116.2,True,OSM-1483924098,3903.9,1158,0.0,1,10.8,1345,187,1157,1344,True
,meadow,1483924104,56.8,True,OSM-1483924104,3168.4,1004,0.0,1,10.6,1303,299,1003,1302,True
,meadow,1483924105,62.2,True,OSM-1483924105,0.0,1,22.9,1679,15.5,1776,1775,1678,97,True
,meadow,1483924106,355.6,True,OSM-1483924106,0.0,1,1.5,743,9.3,926,925,742,183,True
,farmland,1484710924,20.0,True,OSM-1484710924,3513.9,1088,1.8,792,9.9,1099,11,296,307,True
,farmland,1484710925,21.2,True,OSM-1484710925,3208.6,1011,1.8,792,9.9,1099,88,219,307,True
,meadow,1484710929,40.7,True,OSM-1484710929,2158.9,742,18.5,1522,9.9,1099,357,780,423,True
,meadow,1484710930,43.4,True,OSM-1484710930,2270.2,767,6.3,1192,9.4,962,195,425,230,True
,meadow,1484710931,117.5,True,OSM-1484710931,677.1,382,0.0,1,10.2,1180,798,381,1179,True
,meadow,1484710933,42.6,True,OSM-1484710933,723.9,395,0.0,1,10.2,1180,785,394,1179,True
,farmland,1484710935,35.7,True,OSM-1484710935,1256.2,520,6.2,1189,13.7,1708,1188,669,519,True
,farmland,1484710936,30.0,True,OSM-1484710936,1219.4,512,3.8,1042,9.3,926,414,530,116,True
,meadow,1484710948,48.1,True,OSM-1484710948,0.0,1,0.0,1,10.0,1124,1123,0,1123,True
,farmland,1484710960,29.9,True,OSM-1484710960,1615.8,611,4.7,1109,11.7,1519,908,498,410,True
,meadow,1484710961,25.3,True,OSM-1484710961,2132.3,735,131.0,1880,5.4,217,518,1145,1663,True
,meadow,1484710971,28.6,True,OSM-1484710971,3934.7,1162,389.6,2075,382.1,2082,920,913,7,True
,meadow,1484710972,40.6,True,OSM-1484710972,3667.8,1115,0.8,650,12.5,1613,498,465,963,True
,meadow,1485384528,83.9,True,OSM-1485384528,1658.5,623,1314.5,2320,636.1,2227,1604,1697,93,True
,meadow,1485384529,65.3,True,OSM-1485384529,1664.4,626,1221.2,2317,271.7,2022,1396,1691,295,True
,meadow,1485384530,56.1,True,OSM-1485384530,1669.1,629,592.5,2191,234.4,2001,1372,1562,190,True
,meadow,1485384534,195.3,True,OSM-1485384534,83.1,219,203.1,1939,0.0,1,218,1720,1938,True
,farmland,1487884563,27.3,True,OSM-1487884563,8.6,184,26.1,1706,15.1,1765,1581,1522,59,True
,farmland,1487884565,25.1,True,OSM-1487884565,1018.2,464,10.5,1277,20.7,1832,1368,813,555,True
,farmland,1487884574,36.1,True,OSM-1487884574,207.9,257,18.5,1522,10.3,1215,958,1265,307,True
,meadow,1488943152,80.2,True,OSM-1488943152,1244.7,516,17.2,1434,9.1,863,347,918,571,True
,meadow,1488943155,27.5,True,OSM-1488943155,687.1,385,2.1,843,10.8,1345,960,458,502,True
,meadow,1488943156,30.5,True,OSM-1488943156,0.0,1,13.9,1324,21.6,1837,1836,1323,513,True
,meadow,1488943157,145.5,True,OSM-1488943157,0.0,1,7.4,1224,7.7,517,516,1223,707,True
,meadow,1488944103,85.4,True,OSM-1488944103,4674.8,1294,89.2,1817,96.0,1907,613,523,90,True
,meadow,1488944106,28.9,True,OSM-1488944106,4281.8,1219,0.0,1,8.6,716,503,1218,715,True
,meadow,1489167218,79.4,True,OSM-1489167218,1053.7,476,3.9,1056,13.4,1687,1211,580,631,True
,meadow,1489167232,47.9,True,OSM-1489167232,1321.8,543,2.1,843,11.9,1542,999,300,699,True
,meadow,1489167245,83.3,True,OSM-1489167245,198.5,255,20.0,1596,12.3,1592,1337,1341,4,True
,farmland,1489167253,31.9,True,OSM-1489167253,1001.0,461,1.8,792,9.8,1071,610,331,279,True
,meadow,1489167271,58.6,True,OSM-1489167271,146.4,235,4.6,1101,10.6,1303,1068,866,202,True
,meadow,1489168297,27.6,True,OSM-1489168297,10.6,188,3.4,1005,11.0,1387,1199,817,382,True
,meadow,1489168298,53.4,True,OSM-1489168298,0.0,1,4.7,1109,11.7,1519,1518,1108,410,True
,meadow,1489168299,76.4,True,OSM-1489168299,0.0,1,307.8,2021,410.3,2100,2099,2020,79,True
,meadow,1489168766,55.4,True,OSM-1489168766,0.0,1,20.1,1598,12.5,1613,1612,1597,15,True
,meadow,1489168767,56.6,True,OSM-1489168767,0.0,1,459.4,2113,428.3,2113,2112,2112,0,True
,meadow,1489255538,35.1,True,OSM-1489255538,4771.4,1312,313.2,2022,301.0,2042,730,710,20,True
,meadow,1489255539,35.9,True,OSM-1489255539,4927.0,1343,641.5,2213,633.8,2224,881,870,11,True
,meadow,1489255540,90.3,True,OSM-1489255540,4876.9,1335,22.2,1666,12.4,1601,266,331,65,True
,meadow,1489255541,61.2,True,OSM-1489255541,5705.0,1508,19.7,1585,11.7,1519,11,77,66,True
,meadow,1489255544,61.5,True,OSM-1489255544,5029.2,1362,24.6,1699,10.3,1215,147,337,484,True
,meadow,1489255545,23.5,True,OSM-1489255545,5344.9,1427,0.7,639,9.3,926,501,788,287,True
,meadow,1489255549,20.2,True,OSM-1489255549,4576.8,1278,923.4,2290,649.5,2238,960,1012,52,True
,meadow,1489255551,33.5,True,OSM-1489255551,3531.6,1089,8.4,1240,13.5,1695,606,151,455,True
,meadow,1489459182,34.1,True,OSM-1489459182,1768.4,656,5.1,1148,9.7,1039,383,492,109,True
,farmland,1489459199,38.7,True,OSM-1489459199,464.1,327,0.8,650,10.8,1345,1018,323,695,True
,meadow,1489459200,75.7,True,OSM-1489459200,257.9,278,0.0,1,7.7,517,239,277,516,True
,meadow,1489459203,28.5,True,OSM-1489459203,0.0,1,0.0,1,9.9,1099,1098,0,1098,True
,farmland,149051376,130.3,True,OSM-149051376,162.3,240,3170.9,2354,0.0,1,239,2114,2353,True
,meadow,1497561570,22.6,True,OSM-1497561570,1172.8,506,19.4,1566,27.7,1860,1354,1060,294,True
,meadow,1497561644,67.3,True,OSM-1497561644,0.0,1,6.4,1199,8.7,747,746,1198,452,True
,meadow,1497561645,63.9,True,OSM-1497561645,158.5,239,6.1,1183,9.1,863,624,944,320,True
,meadow,1497596541,94.0,True,OSM-1497596541,40.5,205,2.8,947,9.4,962,757,742,15,True
,meadow,1510044360,96.6,True,OSM-1510044360,4621.8,1283,1.0,679,8.6,716,567,604,37,True
,meadow,1510044361,52.2,True,OSM-1510044361,3792.6,1133,4.6,1101,10.7,1319,186,32,218,True
,meadow,1510044362,54.4,True,OSM-1510044362,3399.5,1058,0.0,1,7.5,475,583,1057,474,True
,orchard,151815472,48.5,True,OSM-151815472,0.0,1,21.4,1640,0.0,1,0,1639,1639,False
,meadow,1526369521,308.8,True,OSM-1526369521,4.6,182,15.4,1355,4.6,164,18,1173,1191,True
,vineyard,230911462,24.0,True,OSM-230911462,8385.8,1860,0.0,1,0.0,1,1859,1859,0,True
grape,vineyard,230911467,29.4,True,OSM-230911467,6900.4,1700,2999.6,2353,65.5,1891,191,653,462,True
grape,vineyard,230911476,44.5,True,OSM-230911476,3459.9,1080,0.0,1,5.2,201,879,1079,200,True
grape,vineyard,230911480,164.9,True,OSM-230911480,2361.4,786,10.3,1268,14.0,1725,939,482,457,True
grape,vineyard,230911486,46.3,True,OSM-230911486,5224.8,1405,17.8,1471,9.2,886,519,66,585,True
grape,vineyard,230911489,55.0,True,OSM-230911489,4600.8,1281,11.4,1292,12.6,1628,347,11,336,True
grape,vineyard,230911490,131.2,True,OSM-230911490,1668.9,628,2.4,903,22.6,1843,1215,275,940,True
grape,vineyard,230911494,40.8,True,OSM-230911494,2585.1,854,44.0,1746,0.0,1,853,892,1745,True
,orchard,230911496,74.0,True,OSM-230911496,0.0,1,0.0,1,0.0,1,0,0,0,False
grape,vineyard,230911497,67.0,True,OSM-230911497,0.0,1,0.0,1,12.7,1635,1634,0,1634,True
grape,vineyard,230911498,23.5,True,OSM-230911498,39.4,204,73.3,1797,13.9,1721,1517,1593,76,True
grape,vineyard,230911499,58.9,True,OSM-230911499,2224.7,753,0.0,1,0.0,1,752,752,0,True
,meadow,232012049,21.1,True,OSM-232012049,2078.9,728,483.3,2125,472.6,2135,1407,1397,10,True
,farmland,254602767,122.8,True,OSM-254602767,2850.2,926,5.7,1166,14.3,1741,815,240,575,True
,farmland,302171401,33.2,True,OSM-302171401,294.2,289,0.0,1,15.6,1781,1492,288,1780,True
,meadow,302172036,52.7,True,OSM-302172036,291.6,288,3.7,1031,9.4,962,674,743,69,True
,farmland,302172037,127.5,True,OSM-302172037,0.0,1,0.3,585,6.7,355,354,584,230,True
,farmland,302195492,46.8,True,OSM-302195492,860.9,425,0.0,1,6.7,355,70,424,354,True
,meadow,399366335,69.7,True,OSM-399366335,8236.7,1848,126.4,1876,190.1,1968,120,28,92,True
,meadow,399366338,64.6,True,OSM-399366338,7054.6,1716,36.3,1727,103.6,1910,194,11,183,True
,orchard,408817051,66.7,True,OSM-408817051,185.0,247,70.7,1794,8.2,634,387,1547,1160,True
,farmland,409724707,104.2,True,OSM-409724707,4325.0,1226,21.5,1643,28.4,1864,638,417,221,True
,farmland,409724708,141.8,True,OSM-409724708,3260.0,1026,0.0,1,12.5,1613,587,1025,1612,True
,meadow,410471695,170.2,True,OSM-410471695,2866.9,929,26.6,1708,23.1,1845,916,779,137,True
,meadow,410471696,44.3,True,OSM-410471696,2485.1,829,20.1,1598,15.4,1774,945,769,176,True
,meadow,410478204,214.6,True,OSM-410478204,2086.8,730,0.2,568,6.5,327,403,162,241,True
,meadow,410478208,185.5,True,OSM-410478208,1944.9,704,0.0,1,10.4,1241,537,703,1240,True
,meadow,410478212,41.5,True,OSM-410478212,1876.3,683,24.4,1696,17.1,1800,1117,1013,104,True
,farmland,472448496,103.7,True,OSM-472448496,4674.7,1293,3277.8,2355,0.0,1,1292,1062,2354,True
,farmland,472454416,50.3,True,OSM-472454416,5824.5,1527,4055.6,2356,4.8,174,1353,829,2182,True
,farmland,475431124,1420.0,True,OSM-475431124,3902.9,1157,14.8,1340,0.0,1,1156,183,1339,True
,meadow,479207602,409.7,True,OSM-479207602,5054.9,1368,0.0,1,7.5,475,893,1367,474,True
,meadow,479417034,802.3,True,OSM-479417034,0.0,1,0.0,1,4.0,129,128,0,128,True
,meadow,479420386,199.7,True,OSM-479420386,0.0,1,7.7,1228,16.1,1791,1790,1227,563,True
,meadow,479429963,168.1,True,OSM-479429963,5964.8,1558,0.0,1,0.7,47,1511,1557,46,True
,meadow,479429964,332.1,True,OSM-479429964,3509.0,1086,0.0,1,2.5,66,1020,1085,65,True
,meadow,479429965,535.0,True,OSM-479429965,5214.6,1402,1.1,689,0.8,48,1354,713,641,True
,meadow,479429968,371.4,True,OSM-479429968,3970.1,1169,0.0,1,2.5,66,1103,1168,65,True
,farmland,479436126,446.6,True,OSM-479436126,1257.7,521,0.0,1,6.8,367,154,520,366,True
,meadow,479436129,69.7,True,OSM-479436129,766.3,402,13.7,1320,6.0,268,134,918,1052,True
,meadow,479466672,297.9,True,OSM-479466672,4649.0,1287,0.0,1,2.7,74,1213,1286,73,True
,meadow,479472614,118.9,True,OSM-479472614,0.0,1,0.0,1,5.6,232,231,0,231,True
,meadow,479474276,257.6,True,OSM-479474276,275.9,284,0.0,1,5.2,201,83,283,200,True
,meadow,479852778,1745.0,True,OSM-479852778,1413.1,563,0.0,1,3.8,119,444,562,118,True
,meadow,480010155,643.0,True,OSM-480010155,1033.6,471,6.3,1192,13.7,1708,1237,721,516,True
,meadow,480010156,312.3,True,OSM-480010156,1712.8,637,0.0,1,3.1,89,548,636,88,True
,meadow,480142668,33.6,True,OSM-480142668,2403.9,799,76.7,1799,8.1,608,191,1000,1191,True
,meadow,480142670,79.0,True,OSM-480142670,1710.1,635,2.2,861,3.5,103,532,226,758,True
,meadow,480142671,251.4,True,OSM-480142671,861.8,426,0.0,1,5.8,251,175,425,250,True
,meadow,480142672,21.5,True,OSM-480142672,1308.2,538,3.1,980,9.0,835,297,442,145,True
,meadow,480143075,57.0,True,OSM-480143075,2927.8,952,769.9,2255,8.7,747,205,1303,1508,True
,farmland,480144064,182.0,True,OSM-480144064,51.6,211,0.0,1,6.5,327,116,210,326,True
,meadow,480330889,334.4,True,OSM-480330889,1477.8,581,0.0,1,2.7,74,507,580,73,True
,farmland,480332360,142.8,True,OSM-480332360,1267.6,524,16.6,1397,5.2,201,323,873,1196,True
,meadow,480332363,141.7,True,OSM-480332363,2349.4,783,18.8,1542,10.9,1370,587,759,172,True
,meadow,480337838,397.7,True,OSM-480337838,3227.7,1017,18.3,1505,0.0,1,1016,488,1504,True
,meadow,480338099,172.6,True,OSM-480338099,2917.9,949,0.5,611,7.2,434,515,338,177,True
,meadow,480338100,461.4,True,OSM-480338100,3249.5,1023,0.0,1,7.5,475,548,1022,474,True
,meadow,480338547,101.8,True,OSM-480338547,2772.8,902,6.7,1208,13.7,1708,806,306,500,True
,farmland,486699969,60.0,True,OSM-486699969,0.0,1,852.1,2278,0.0,1,0,2277,2277,False
,farmland,486701109,43.6,True,OSM-486701109,0.0,1,1891.8,2340,8.9,802,801,2339,1538,True
,farmland,491008669,72.8,True,OSM-491008669,3174.3,1006,0.0,1,0.0,1,1005,1005,0,True
,farmland,493189593,45.6,True,OSM-493189593,32.5,203,583.6,2187,7.4,459,256,1984,1728,True
,farmland,493190840,59.4,True,OSM-493190840,1519.8,588,1186.7,2315,0.0,1,587,1727,2314,True
,farmland,520250786,73.5,True,OSM-520250786,5365.3,1436,493.4,2132,9.6,1011,425,696,1121,True
,meadow,538865135,80.6,True,OSM-538865135,6000.4,1570,0.0,1,5.7,238,1332,1569,237,True
,farmland,563119311,68.7,True,OSM-563119311,2588.8,857,5.3,1156,9.0,835,22,299,321,True
,orchard,633260423,29.1,True,OSM-633260423,0.0,1,21.2,1630,4.8,174,173,1629,1456,True
,farmland,640934888,44.0,True,OSM-640934888,2023.9,715,373.3,2059,295.5,2038,1323,1344,21,True
,farmland,648571337,74.9,True,OSM-648571337,195.4,252,0.0,1,9.6,1011,759,251,1010,True
,farmland,660425929,95.7,True,OSM-660425929,461.2,325,0.0,1,8.0,584,259,324,583,True
,farmland,669457679,74.7,True,OSM-669457679,3279.7,1028,1406.9,2323,0.0,1,1027,1295,2322,True
,farmland,726077056,90.0,True,OSM-726077056,0.0,1,0.0,1,0.0,1,0,0,0,False
,meadow,726082076,54.8,True,OSM-726082076,0.0,1,0.0,1,6.9,379,378,0,378,True
grape,vineyard,759554717,20.1,True,OSM-759554717,1174.6,507,0.0,1,9.2,886,379,506,885,True
,farmland,762424901,107.9,True,OSM-762424901,1837.9,671,0.0,1,0.0,1,670,670,0,True
,farmland,793161432,45.4,True,OSM-793161432,0.0,1,1960.0,2342,8.1,608,607,2341,1734,True
,farmland,804239956,38.7,True,OSM-804239956,0.0,1,1816.4,2336,0.0,1,0,2335,2335,False
,farmland,804875354,25.1,True,OSM-804875354,926.9,441,1087.0,2306,84.3,1899,1458,1865,407,True
,farmland,817370099,25.4,True,OSM-817370099,387.9,308,1977.4,2343,6.0,268,40,2035,2075,True
,farmland,817372217,44.6,True,OSM-817372217,0.0,1,2330.7,2347,6.5,327,326,2346,2020,True
,farmland,867672773,118.8,True,OSM-867672773,2226.6,754,0.0,1,0.0,1,753,753,0,True
,farmland,872856475,73.3,True,OSM-872856475,0.0,1,511.2,2147,2.6,72,71,2146,2075,True
,farmland,877727793,24.5,True,OSM-877727793,701.8,387,122.3,1871,0.0,1,386,1484,1870,True
,orchard,886833167,83.2,True,OSM-886833167,9454.9,1962,10.8,1281,18.2,1808,154,681,527,True
,meadow,886904998,97.0,True,OSM-886904998,5404.8,1442,915.3,2287,0.0,1,1441,845,2286,True
,farmland,886912284,88.7,True,OSM-886912284,1681.1,631,2145.4,2346,0.0,1,630,1715,2345,True
,farmland,905272534,449.8,True,OSM-905272534,6605.0,1667,0.0,1,7.5,475,1192,1666,474,True
,meadow,916002784,122.6,True,OSM-916002784,12225.1,2138,2.8,947,9.0,835,1303,1191,112,True
,meadow,916002785,50.4,True,OSM-916002785,13852.3,2206,14.4,1332,7.4,459,1747,874,873,True
grape,vineyard,91842604,53.4,True,OSM-91842604,8.7,185,10.4,1273,0.0,1,184,1088,1272,True
grape,vineyard,91842613,41.5,True,OSM-91842613,677.0,381,0.0,1,14.1,1728,1347,380,1727,True
grape,vineyard,91842645,23.5,True,OSM-91842645,618.3,363,0.0,1,13.1,1662,1299,362,1661,True
grape,vineyard,96329221,349.6,True,OSM-96329221,13.0,193,0.0,1,14.9,1755,1562,192,1754,True
,farmland,966968456,132.4,True,OSM-966968456,4568.1,1274,2.0,828,7.6,494,780,446,334,True
,farmland,966968457,75.1,True,OSM-966968457,5451.5,1450,1.9,814,10.2,1180,270,636,366,True
,farmland,966968459,135.4,True,OSM-966968459,5169.0,1393,0.0,1,5.7,238,1155,1392,237,True
,orchard,97048564,25.4,True,OSM-97048564,967.9,454,0.0,1,0.0,1,453,453,0,True
,orchard,97048591,70.4,True,OSM-97048591,3815.3,1135,0.0,1,0.0,1,1134,1134,0,True
,orchard,97048644,25.0,True,OSM-97048644,4313.4,1224,0.0,1,0.0,1,1223,1223,0,True
,farmland,97048701,36.0,True,OSM-97048701,0.0,1,7.8,1232,8.6,716,715,1231,516,True
,orchard,97048708,20.3,True,OSM-97048708,5392.6,1440,219.6,1956,225.9,1992,552,516,36,True
,orchard,97048713,31.4,True,OSM-97048713,5407.4,1443,2721.7,2351,8.1,608,835,908,1743,True
,orchard,97048796,26.8,True,OSM-97048796,10517.6,2024,25.6,1702,30.4,1868,156,322,166,True
,orchard,97048816,24.3,True,OSM-97048816,7465.0,1761,87.6,1812,93.6,1906,145,51,94,True
,orchard,97048819,24.6,True,OSM-97048819,2613.9,861,112.9,1856,105.9,1912,1051,995,56,True
,orchard,97048823,37.7,True,OSM-97048823,0.0,1,3.3,994,11.0,1387,1386,993,393,True
,orchard,97048929,20.5,True,OSM-97048929,11418.8,2089,0.0,1,9.5,985,1104,2088,984,True
grape,vineyard,971485316,22.4,True,OSM-971485316,197.2,253,11.6,1297,16.7,1796,1543,1044,499,True
grape,vineyard,971485321,20.9,True,OSM-971485321,165.3,242,9.0,1248,261.4,2012,1770,1006,764,True
,meadow,975852054,36.4,True,OSM-975852054,0.0,1,0.0,1,7.5,475,474,0,474,True
,farmland,976231783,52.4,True,OSM-976231783,0.0,1,228.8,1961,0.0,1,0,1960,1960,False
,meadow,976231784,55.6,True,OSM-976231784,738.6,399,2.0,828,11.1,1407,1008,429,579,True
,meadow,976231798,20.4,True,OSM-976231798,878.5,428,20.5,1611,11.5,1488,1060,1183,123,True
,meadow,976231812,31.5,True,OSM-976231812,930.2,443,130.6,1879,10.5,1273,830,1436,606,True
,meadow,976231819,31.7,True,OSM-976231819,1236.5,514,1.2,706,8.6,716,202,192,10,True
,meadow,976586319,180.8,True,OSM-976586319,0.0,1,0.0,1,7.9,553,552,0,552,True
,farmland,993522602,31.7,True,OSM-993522602,3948.1,1165,0.0,1,6.6,339,826,1164,338,True
,meadow,99802077,34.0,True,OSM-99802077,2140.6,739,663.6,2223,8.7,747,8,1484,1476,True
