site_id,dem_tile,dem_tiles_used,slope_samples,mean_slope_deg,p90_slope_deg
OSM-1004170260,Copernicus_DSM_COG_10_S44_00_E172_00_DEM,1,960,0.861,2.245
OSM-1004170261,Copernicus_DSM_COG_10_S44_00_E172_00_DEM,1,340,2.221,6.867
OSM-1011330439,Copernicus_DSM_COG_10_S44_00_E172_00_DEM,1,2175,1.331,3.331
OSM-1011330440,Copernicus_DSM_COG_10_S44_00_E172_00_DEM,1,558,1.878,5.01
OSM-1026364179,Copernicus_DSM_COG_10_S44_00_E172_00_DEM,1,1106,0.952,2.133
OSM-1038396674,Copernicus_DSM_COG_10_S44_00_E172_00_DEM,1,6388,0.967,1.486
OSM-1038396675,Copernicus_DSM_COG_10_S44_00_E172_00_DEM,1,11378,0.837,1.18
OSM-1038396676,Copernicus_DSM_COG_10_S44_00_E172_00_DEM,1,1788,0.692,0.932
OSM-1038396678,Copernicus_DSM_COG_10_S44_00_E172_00_DEM,1,4169,0.994,1.841
OSM-1038590201,Copernicus_DSM_COG_10_S44_00_E172_00_DEM,1,4213,0.76,1.095
OSM-1038590202,Copernicus_DSM_COG_10_S44_00_E172_00_DEM,1,7411,0.669,1.048
OSM-1038590203,Copernicus_DSM_COG_10_S44_00_E172_00_DEM,1,7413,1.007,1.984
OSM-1038590219,Copernicus_DSM_COG_10_S44_00_E172_00_DEM,1,3485,1.052,1.918
OSM-1045539444,Copernicus_DSM_COG_10_S44_00_E172_00_DEM,1,446,1.608,2.685
OSM-1047289952,Copernicus_DSM_COG_10_S44_00_E172_00_DEM,1,383,2.042,4.867
OSM-1047292074,Copernicus_DSM_COG_10_S44_00_E172_00_DEM,1,810,1.338,2.924
OSM-1051845712,Copernicus_DSM_COG_10_S44_00_E172_00_DEM,1,973,2.234,4.502
OSM-1052151517,Copernicus_DSM_COG_10_S44_00_E172_00_DEM,1,539,1.662,3.553
OSM-1052235339,Copernicus_DSM_COG_10_S44_00_E172_00_DEM,1,461,0.531,0.905
OSM-1052235340,Copernicus_DSM_COG_10_S44_00_E172_00_DEM,1,401,0.939,2.131
OSM-1053495388,Copernicus_DSM_COG_10_S44_00_E172_00_DEM,1,4569,0.621,0.968
OSM-1053495390,Copernicus_DSM_COG_10_S44_00_E172_00_DEM,1,2489,0.701,1.3
OSM-1053495391,Copernicus_DSM_COG_10_S44_00_E172_00_DEM,1,1051,0.84,1.951
OSM-1064479324,Copernicus_DSM_COG_10_S44_00_E171_00_DEM,1,1477,0.821,1.572
OSM-1064479330,Copernicus_DSM_COG_10_S44_00_E171_00_DEM,1,14635,0.676,1.073
OSM-1067188318,Copernicus_DSM_COG_10_S44_00_E172_00_DEM,1,1846,0.967,2.164
OSM-1067188319,Copernicus_DSM_COG_10_S44_00_E172_00_DEM,1,990,0.99,2.389
OSM-1067188320,Copernicus_DSM_COG_10_S44_00_E172_00_DEM,1,484,0.922,2.476
OSM-1067188321,Copernicus_DSM_COG_10_S44_00_E172_00_DEM,1,1436,0.853,1.798
OSM-1067189446,Copernicus_DSM_COG_10_S44_00_E172_00_DEM,1,412,1.868,6.424
OSM-1067189447,Copernicus_DSM_COG_10_S44_00_E172_00_DEM,1,1029,0.997,2.482
OSM-1067655258,Copernicus_DSM_COG_10_S44_00_E172_00_DEM,1,934,1.534,3.964
OSM-1071036374,Copernicus_DSM_COG_10_S44_00_E172_00_DEM,1,449,0.584,1.302
OSM-1072264199,Copernicus_DSM_COG_10_S44_00_E172_00_DEM,1,931,0.533,1.142
OSM-1073027098,Copernicus_DSM_COG_10_S44_00_E172_00_DEM,1,1953,1.962,3.94
OSM-1073027120,Copernicus_DSM_COG_10_S44_00_E172_00_DEM,1,866,0.598,0.991
OSM-1075230601,Copernicus_DSM_COG_10_S44_00_E172_00_DEM,1,542,0.437,0.76
OSM-1075230602,Copernicus_DSM_COG_10_S44_00_E172_00_DEM,1,881,0.567,0.803
OSM-1075230603,Copernicus_DSM_COG_10_S44_00_E172_00_DEM,1,404,0.351,0.687
OSM-1075230614,Copernicus_DSM_COG_10_S44_00_E172_00_DEM,1,1203,0.376,0.643
OSM-1075230616,Copernicus_DSM_COG_10_S44_00_E172_00_DEM,1,964,0.358,0.545
OSM-1075231086,Copernicus_DSM_COG_10_S44_00_E172_00_DEM,1,902,0.702,1.65
OSM-1078445993,Copernicus_DSM_COG_10_S44_00_E172_00_DEM,1,2418,0.763,1.251
OSM-1083748691,Copernicus_DSM_COG_10_S44_00_E172_00_DEM,1,367,0.703,1.221
OSM-1083748696,Copernicus_DSM_COG_10_S44_00_E172_00_DEM,1,800,0.814,1.225
OSM-1084210490,Copernicus_DSM_COG_10_S44_00_E172_00_DEM,1,965,1.529,3.759
OSM-1084210491,Copernicus_DSM_COG_10_S44_00_E172_00_DEM,1,1934,1.105,2.633
OSM-1084210505,Copernicus_DSM_COG_10_S44_00_E172_00_DEM,1,818,1.495,3.815
OSM-1084210510,Copernicus_DSM_COG_10_S44_00_E172_00_DEM,1,1144,1.273,3.559
OSM-1085580029,Copernicus_DSM_COG_10_S44_00_E172_00_DEM,1,368,3.321,7.894
OSM-1085580031,Copernicus_DSM_COG_10_S44_00_E172_00_DEM,1,499,3.73,8.232
OSM-1085788941,Copernicus_DSM_COG_10_S44_00_E172_00_DEM,1,633,1.084,3.129
OSM-1085788946,Copernicus_DSM_COG_10_S44_00_E172_00_DEM,1,1300,0.832,1.999
OSM-1085788947,Copernicus_DSM_COG_10_S44_00_E172_00_DEM,1,412,1.751,4.164
OSM-1093258403,Copernicus_DSM_COG_10_S44_00_E172_00_DEM,1,2755,1.593,3.396
OSM-1093959719,Copernicus_DSM_COG_10_S44_00_E171_00_DEM,1,1637,0.652,1.108
OSM-1093959720,Copernicus_DSM_COG_10_S44_00_E171_00_DEM,1,1509,0.826,1.402
OSM-1093959721,Copernicus_DSM_COG_10_S44_00_E171_00_DEM,1,659,1.157,3.29
OSM-1093959723,Copernicus_DSM_COG_10_S44_00_E171_00_DEM,1,547,1.242,4.135
OSM-1093959724,Copernicus_DSM_COG_10_S44_00_E171_00_DEM,1,2432,1.037,1.823
OSM-1093959731,Copernicus_DSM_COG_10_S44_00_E171_00_DEM,1,357,0.79,1.396
OSM-1093959734,Copernicus_DSM_COG_10_S44_00_E171_00_DEM,1,716,0.704,1.232
OSM-1093959735,Copernicus_DSM_COG_10_S44_00_E171_00_DEM,1,547,0.514,0.842
OSM-1093992747,Copernicus_DSM_COG_10_S44_00_E171_00_DEM,1,3003,0.548,0.91
OSM-1093992748,Copernicus_DSM_COG_10_S44_00_E171_00_DEM,1,1948,0.569,0.895
OSM-1093992749,Copernicus_DSM_COG_10_S44_00_E171_00_DEM,1,1721,0.48,0.778
OSM-1093992750,Copernicus_DSM_COG_10_S44_00_E171_00_DEM,1,2037,0.621,1.115
OSM-1093992751,Copernicus_DSM_COG_10_S44_00_E171_00_DEM,1,400,0.9,2.207
OSM-1093992752,Copernicus_DSM_COG_10_S44_00_E171_00_DEM,1,1828,0.504,0.809
OSM-1093992753,Copernicus_DSM_COG_10_S44_00_E171_00_DEM,1,482,0.456,0.699
OSM-1093992754,Copernicus_DSM_COG_10_S44_00_E171_00_DEM,1,1321,0.528,0.825
OSM-1093992755,Copernicus_DSM_COG_10_S44_00_E171_00_DEM,1,2305,0.562,0.891
OSM-1093992756,Copernicus_DSM_COG_10_S44_00_E171_00_DEM,1,436,0.683,1.562
OSM-1093992757,Copernicus_DSM_COG_10_S44_00_E171_00_DEM,1,1491,0.574,0.887
OSM-1093992758,Copernicus_DSM_COG_10_S44_00_E171_00_DEM,1,506,0.595,0.981
OSM-1093992759,Copernicus_DSM_COG_10_S44_00_E171_00_DEM,1,2736,0.586,0.939
OSM-1094103138,Copernicus_DSM_COG_10_S44_00_E171_00_DEM,1,735,0.688,1.222
OSM-1094103139,Copernicus_DSM_COG_10_S44_00_E171_00_DEM,1,773,0.571,0.929
OSM-1094103141,Copernicus_DSM_COG_10_S44_00_E171_00_DEM,1,3638,0.518,0.844
OSM-1094103142,Copernicus_DSM_COG_10_S44_00_E171_00_DEM,1,436,0.616,1.075
OSM-1094103144,Copernicus_DSM_COG_10_S44_00_E171_00_DEM,1,1566,0.527,0.846
OSM-1094103145,Copernicus_DSM_COG_10_S44_00_E171_00_DEM,1,3335,0.71,0.974
OSM-1094103146,Copernicus_DSM_COG_10_S44_00_E171_00_DEM,1,2040,1.181,2.209
OSM-1094103147,Copernicus_DSM_COG_10_S44_00_E171_00_DEM,1,4265,0.649,1.012
OSM-1094103148,Copernicus_DSM_COG_10_S44_00_E171_00_DEM,1,2485,0.79,1.311
OSM-1094103152,Copernicus_DSM_COG_10_S44_00_E171_00_DEM,1,487,0.575,1.026
OSM-1094103153,Copernicus_DSM_COG_10_S44_00_E171_00_DEM,1,1230,0.673,0.916
OSM-1094103154,Copernicus_DSM_COG_10_S44_00_E171_00_DEM,1,1125,0.633,1.185
OSM-1094103155,Copernicus_DSM_COG_10_S44_00_E171_00_DEM,1,373,0.702,1.05
OSM-1094111826,Copernicus_DSM_COG_10_S44_00_E171_00_DEM,1,3127,0.838,1.293
OSM-1094111832,Copernicus_DSM_COG_10_S44_00_E171_00_DEM,1,368,0.679,1.226
OSM-1094111833,Copernicus_DSM_COG_10_S44_00_E171_00_DEM,1,3144,0.796,1.219
OSM-1094111834,Copernicus_DSM_COG_10_S44_00_E171_00_DEM,1,924,0.556,0.945
OSM-1094111835,Copernicus_DSM_COG_10_S44_00_E171_00_DEM,1,1773,0.517,0.824
OSM-1094111836,Copernicus_DSM_COG_10_S44_00_E171_00_DEM,1,580,0.461,0.735
OSM-1094111837,Copernicus_DSM_COG_10_S44_00_E171_00_DEM,1,690,0.5,0.795
OSM-1094111838,Copernicus_DSM_COG_10_S44_00_E171_00_DEM,1,785,0.482,0.747
OSM-1094111839,Copernicus_DSM_COG_10_S44_00_E171_00_DEM,1,5265,0.611,0.976
OSM-1094112700,Copernicus_DSM_COG_10_S44_00_E171_00_DEM,1,8388,0.584,0.939
OSM-1094112702,Copernicus_DSM_COG_10_S44_00_E171_00_DEM,1,435,0.528,0.843
OSM-1094112704,Copernicus_DSM_COG_10_S44_00_E171_00_DEM,1,2389,0.594,1.016
OSM-1094113431,Copernicus_DSM_COG_10_S44_00_E171_00_DEM,1,823,0.752,1.547
OSM-1094113432,Copernicus_DSM_COG_10_S44_00_E171_00_DEM,1,1197,0.828,1.994
OSM-1094113433,Copernicus_DSM_COG_10_S44_00_E171_00_DEM,1,660,1.013,2.727
OSM-1094113434,Copernicus_DSM_COG_10_S44_00_E171_00_DEM,1,1043,0.587,0.982
OSM-1094113435,Copernicus_DSM_COG_10_S44_00_E171_00_DEM,1,6242,0.759,1.277
OSM-1094113436,Copernicus_DSM_COG_10_S44_00_E171_00_DEM,1,3701,0.692,1.389
OSM-1094113438,Copernicus_DSM_COG_10_S44_00_E171_00_DEM,1,639,0.683,1.574
OSM-1094115794,Copernicus_DSM_COG_10_S44_00_E171_00_DEM,1,843,0.552,1.031
OSM-1094115795,Copernicus_DSM_COG_10_S44_00_E171_00_DEM,1,6222,0.753,1.135
OSM-1094115797,Copernicus_DSM_COG_10_S44_00_E171_00_DEM,1,3061,0.9,1.904
OSM-1094115798,Copernicus_DSM_COG_10_S44_00_E171_00_DEM,1,4656,0.651,1.022
OSM-1094115799,Copernicus_DSM_COG_10_S44_00_E171_00_DEM,1,661,0.763,1.413
OSM-1094118933,Copernicus_DSM_COG_10_S44_00_E171_00_DEM,1,557,1.439,2.755
OSM-1094118935,Copernicus_DSM_COG_10_S44_00_E171_00_DEM,1,2032,1.006,1.811
OSM-1094118937,Copernicus_DSM_COG_10_S44_00_E171_00_DEM,1,1421,0.974,1.681
OSM-1094118938,Copernicus_DSM_COG_10_S44_00_E171_00_DEM,1,3040,0.847,1.472
OSM-1094131997,Copernicus_DSM_COG_10_S44_00_E171_00_DEM,1,1487,0.635,1.031
OSM-1094131998,Copernicus_DSM_COG_10_S44_00_E171_00_DEM,1,2108,0.732,1.354
OSM-1094131999,Copernicus_DSM_COG_10_S44_00_E171_00_DEM,1,1904,0.941,1.947
OSM-1094132000,Copernicus_DSM_COG_10_S44_00_E171_00_DEM,1,1114,1.291,3.307
OSM-1094132001,Copernicus_DSM_COG_10_S44_00_E171_00_DEM,1,614,0.734,1.276
OSM-1094132002,Copernicus_DSM_COG_10_S44_00_E171_00_DEM,1,3778,0.573,0.911
OSM-1094132006,Copernicus_DSM_COG_10_S44_00_E171_00_DEM,1,1060,1.196,2.837
OSM-1094147394,Copernicus_DSM_COG_10_S44_00_E171_00_DEM,1,835,1.475,3.714
OSM-1094147395,Copernicus_DSM_COG_10_S44_00_E171_00_DEM,1,2047,0.711,0.993
OSM-1094147396,Copernicus_DSM_COG_10_S44_00_E171_00_DEM,1,1988,0.843,1.426
OSM-1094147397,Copernicus_DSM_COG_10_S44_00_E171_00_DEM,1,803,1.029,2.052
OSM-1094147400,Copernicus_DSM_COG_10_S44_00_E171_00_DEM,1,909,1.21,2.1
OSM-1094224825,Copernicus_DSM_COG_10_S45_00_E171_00_DEM,1,492,1.145,2.632
OSM-1094224826,Copernicus_DSM_COG_10_S45_00_E171_00_DEM,1,358,0.642,1.087
OSM-1094224829,Copernicus_DSM_COG_10_S45_00_E171_00_DEM,1,633,1.0,2.064
OSM-1094224831,Copernicus_DSM_COG_10_S44_00_E171_00_DEM;Copernicus_DSM_COG_10_S45_00_E171_00_DEM,2,676,0.506,0.698
OSM-1094224840,Copernicus_DSM_COG_10_S44_00_E171_00_DEM,1,478,0.456,0.709
OSM-1094224841,Copernicus_DSM_COG_10_S44_00_E171_00_DEM;Copernicus_DSM_COG_10_S45_00_E171_00_DEM,2,1609,0.445,0.663
OSM-1094224849,Copernicus_DSM_COG_10_S44_00_E171_00_DEM;Copernicus_DSM_COG_10_S45_00_E171_00_DEM,2,666,1.343,1.88
OSM-1094224853,Copernicus_DSM_COG_10_S44_00_E171_00_DEM,1,964,0.531,0.96
OSM-1094224854,Copernicus_DSM_COG_10_S44_00_E171_00_DEM,1,717,0.476,0.778
OSM-1094224855,Copernicus_DSM_COG_10_S44_00_E171_00_DEM,1,2194,0.455,0.751
OSM-1094224856,Copernicus_DSM_COG_10_S44_00_E171_00_DEM,1,1095,0.631,1.041
OSM-1094224857,Copernicus_DSM_COG_10_S44_00_E171_00_DEM,1,1494,0.462,0.783
OSM-1094224858,Copernicus_DSM_COG_10_S44_00_E171_00_DEM,1,6259,0.783,1.094
OSM-1094224863,Copernicus_DSM_COG_10_S44_00_E171_00_DEM,1,1133,1.669,2.488
OSM-1094224864,Copernicus_DSM_COG_10_S44_00_E171_00_DEM,1,677,2.045,4.147
OSM-1094224865,Copernicus_DSM_COG_10_S44_00_E171_00_DEM,1,2032,0.845,1.861
OSM-1094224866,Copernicus_DSM_COG_10_S44_00_E171_00_DEM,1,1430,0.693,1.212
OSM-1094224867,Copernicus_DSM_COG_10_S44_00_E171_00_DEM;Copernicus_DSM_COG_10_S44_00_E172_00_DEM,2,532,1.534,3.949
OSM-1094224868,Copernicus_DSM_COG_10_S44_00_E171_00_DEM,1,676,0.972,2.561
OSM-1094224869,Copernicus_DSM_COG_10_S44_00_E171_00_DEM,1,2626,0.908,1.463
OSM-1094224870,Copernicus_DSM_COG_10_S44_00_E171_00_DEM,1,362,1.386,4.297
OSM-1094224871,Copernicus_DSM_COG_10_S44_00_E171_00_DEM;Copernicus_DSM_COG_10_S44_00_E172_00_DEM,2,8570,0.726,1.289
OSM-1094224872,Copernicus_DSM_COG_10_S44_00_E171_00_DEM;Copernicus_DSM_COG_10_S44_00_E172_00_DEM,2,601,0.873,2.441
OSM-1094224873,Copernicus_DSM_COG_10_S44_00_E171_00_DEM;Copernicus_DSM_COG_10_S44_00_E172_00_DEM,2,531,1.581,3.267
OSM-1094224874,Copernicus_DSM_COG_10_S44_00_E171_00_DEM;Copernicus_DSM_COG_10_S44_00_E172_00_DEM,2,980,1.239,1.538
OSM-1094224875,Copernicus_DSM_COG_10_S44_00_E171_00_DEM;Copernicus_DSM_COG_10_S44_00_E172_00_DEM,2,700,0.698,1.206
OSM-1094244671,Copernicus_DSM_COG_10_S44_00_E171_00_DEM,1,592,0.551,0.78
OSM-1094244672,Copernicus_DSM_COG_10_S44_00_E171_00_DEM,1,2570,0.707,1.13
OSM-1094244673,Copernicus_DSM_COG_10_S44_00_E171_00_DEM,1,781,0.866,1.219
OSM-1094244674,Copernicus_DSM_COG_10_S44_00_E171_00_DEM,1,1272,0.786,1.253
OSM-1094244676,Copernicus_DSM_COG_10_S44_00_E171_00_DEM,1,668,0.493,0.83
OSM-1094244678,Copernicus_DSM_COG_10_S44_00_E171_00_DEM,1,638,0.548,0.951
OSM-1094244679,Copernicus_DSM_COG_10_S44_00_E171_00_DEM,1,413,0.584,1.112
OSM-1094248096,Copernicus_DSM_COG_10_S44_00_E171_00_DEM,1,465,0.509,0.768
OSM-1094248097,Copernicus_DSM_COG_10_S44_00_E171_00_DEM,1,566,0.492,0.773
OSM-1094248098,Copernicus_DSM_COG_10_S44_00_E171_00_DEM,1,1328,0.467,0.76
OSM-1094248099,Copernicus_DSM_COG_10_S44_00_E171_00_DEM,1,942,0.545,0.813
OSM-1094248101,Copernicus_DSM_COG_10_S44_00_E171_00_DEM,1,3605,0.609,0.983
OSM-1094248103,Copernicus_DSM_COG_10_S44_00_E171_00_DEM,1,423,0.643,1.469
OSM-1094248104,Copernicus_DSM_COG_10_S44_00_E171_00_DEM,1,403,0.702,1.394
OSM-1094248105,Copernicus_DSM_COG_10_S44_00_E171_00_DEM,1,417,0.599,1.009
OSM-1094248108,Copernicus_DSM_COG_10_S44_00_E171_00_DEM,1,627,0.493,0.789
OSM-1094248113,Copernicus_DSM_COG_10_S44_00_E171_00_DEM,1,734,0.489,0.71
OSM-1094248114,Copernicus_DSM_COG_10_S44_00_E171_00_DEM,1,390,0.432,0.657
OSM-1094248116,Copernicus_DSM_COG_10_S44_00_E171_00_DEM,1,727,0.453,0.662
OSM-1094248117,Copernicus_DSM_COG_10_S44_00_E171_00_DEM,1,397,0.473,0.655
OSM-1094248118,Copernicus_DSM_COG_10_S44_00_E171_00_DEM,1,371,0.585,0.885
OSM-1094248120,Copernicus_DSM_COG_10_S44_00_E171_00_DEM,1,1563,0.439,0.717
OSM-1094248121,Copernicus_DSM_COG_10_S44_00_E171_00_DEM,1,551,0.543,0.979
OSM-1094248122,Copernicus_DSM_COG_10_S44_00_E171_00_DEM,1,483,0.627,1.109
OSM-1094248123,Copernicus_DSM_COG_10_S44_00_E171_00_DEM,1,495,0.614,1.091
OSM-1094248124,Copernicus_DSM_COG_10_S44_00_E171_00_DEM,1,515,0.665,1.179
OSM-1094248125,Copernicus_DSM_COG_10_S44_00_E171_00_DEM,1,489,0.77,1.405
OSM-1094248127,Copernicus_DSM_COG_10_S44_00_E171_00_DEM,1,5030,0.844,1.775
OSM-1094248129,Copernicus_DSM_COG_10_S44_00_E171_00_DEM,1,403,0.594,0.908
OSM-1094248130,Copernicus_DSM_COG_10_S44_00_E171_00_DEM,1,414,0.492,0.768
OSM-1094249441,Copernicus_DSM_COG_10_S44_00_E171_00_DEM,1,749,0.676,1.201
OSM-1094249442,Copernicus_DSM_COG_10_S44_00_E171_00_DEM;Copernicus_DSM_COG_10_S44_00_E172_00_DEM,2,421,0.717,1.131
OSM-1094249445,Copernicus_DSM_COG_10_S44_00_E171_00_DEM,1,783,0.838,1.487
OSM-1094249446,Copernicus_DSM_COG_10_S44_00_E171_00_DEM,1,561,0.638,1.088
OSM-1094249447,Copernicus_DSM_COG_10_S44_00_E171_00_DEM,1,581,0.638,1.074
OSM-1094249449,Copernicus_DSM_COG_10_S44_00_E171_00_DEM,1,649,0.817,1.268
OSM-1094249453,Copernicus_DSM_COG_10_S44_00_E171_00_DEM,1,1998,0.996,1.77
OSM-1094249454,Copernicus_DSM_COG_10_S44_00_E171_00_DEM,1,581,0.507,0.795
OSM-1094249455,Copernicus_DSM_COG_10_S44_00_E171_00_DEM,1,676,0.803,2.042
OSM-1094249456,Copernicus_DSM_COG_10_S44_00_E171_00_DEM,1,743,1.026,2.4
OSM-1094264330,Copernicus_DSM_COG_10_S44_00_E171_00_DEM,1,398,1.029,2.397
OSM-1094264331,Copernicus_DSM_COG_10_S44_00_E171_00_DEM,1,898,0.963,2.195
OSM-1094264334,Copernicus_DSM_COG_10_S44_00_E171_00_DEM,1,441,0.841,1.481
OSM-1094264335,Copernicus_DSM_COG_10_S44_00_E171_00_DEM,1,341,1.315,2.12
OSM-1094264339,Copernicus_DSM_COG_10_S44_00_E171_00_DEM,1,1410,0.806,1.306
OSM-1094264340,Copernicus_DSM_COG_10_S44_00_E171_00_DEM,1,726,0.828,1.365
OSM-1094264343,Copernicus_DSM_COG_10_S44_00_E171_00_DEM,1,455,0.971,2.299
OSM-1094264345,Copernicus_DSM_COG_10_S44_00_E171_00_DEM,1,576,0.805,1.856
OSM-1094264347,Copernicus_DSM_COG_10_S44_00_E171_00_DEM,1,1614,0.611,1.029
OSM-1094264348,Copernicus_DSM_COG_10_S44_00_E171_00_DEM,1,1005,0.418,0.635
OSM-1094264349,Copernicus_DSM_COG_10_S44_00_E171_00_DEM,1,5664,0.53,0.795
OSM-1094264350,Copernicus_DSM_COG_10_S44_00_E171_00_DEM,1,1117,0.524,0.852
OSM-1094264351,Copernicus_DSM_COG_10_S44_00_E171_00_DEM,1,4473,0.695,1.117
OSM-1094264352,Copernicus_DSM_COG_10_S44_00_E171_00_DEM,1,653,0.529,0.871
OSM-1094264353,Copernicus_DSM_COG_10_S44_00_E171_00_DEM,1,849,0.409,0.654
OSM-1094264358,Copernicus_DSM_COG_10_S44_00_E171_00_DEM,1,364,0.421,0.645
OSM-1094264360,Copernicus_DSM_COG_10_S44_00_E171_00_DEM,1,358,0.594,0.986
OSM-1094264361,Copernicus_DSM_COG_10_S44_00_E171_00_DEM,1,351,0.489,0.785
OSM-1094264362,Copernicus_DSM_COG_10_S44_00_E171_00_DEM,1,654,1.008,0.903
OSM-1094264364,Copernicus_DSM_COG_10_S44_00_E171_00_DEM,1,480,0.664,1.138
OSM-1094264365,Copernicus_DSM_COG_10_S44_00_E171_00_DEM,1,1472,0.467,0.711
OSM-1094264366,Copernicus_DSM_COG_10_S44_00_E171_00_DEM,1,1868,0.94,0.812
OSM-1094264367,Copernicus_DSM_COG_10_S44_00_E171_00_DEM,1,953,0.696,0.742
OSM-1094264368,Copernicus_DSM_COG_10_S44_00_E171_00_DEM,1,749,0.426,0.703
OSM-1094264369,Copernicus_DSM_COG_10_S44_00_E171_00_DEM,1,1426,0.515,0.78
OSM-1094264370,Copernicus_DSM_COG_10_S44_00_E171_00_DEM,1,604,0.475,0.759
OSM-1094264371,Copernicus_DSM_COG_10_S44_00_E171_00_DEM,1,668,0.586,1.221
OSM-1094264372,Copernicus_DSM_COG_10_S44_00_E171_00_DEM,1,3587,0.508,0.731
OSM-1094264373,Copernicus_DSM_COG_10_S44_00_E171_00_DEM,1,3113,0.522,0.691
OSM-1094264956,Copernicus_DSM_COG_10_S44_00_E171_00_DEM,1,2216,0.491,0.786
OSM-1094264958,Copernicus_DSM_COG_10_S44_00_E171_00_DEM,1,576,0.472,0.747
OSM-1094264959,Copernicus_DSM_COG_10_S44_00_E171_00_DEM,1,2316,0.605,0.932
OSM-1094264960,Copernicus_DSM_COG_10_S44_00_E171_00_DEM,1,3567,0.506,0.769
OSM-1094264961,Copernicus_DSM_COG_10_S44_00_E171_00_DEM,1,1245,0.626,1.152
OSM-1094284021,Copernicus_DSM_COG_10_S44_00_E171_00_DEM,1,5880,0.707,1.302
OSM-1094284406,Copernicus_DSM_COG_10_S44_00_E171_00_DEM,1,4120,0.727,0.876
OSM-1094292036,Copernicus_DSM_COG_10_S44_00_E171_00_DEM,1,374,1.114,1.958
OSM-1094292041,Copernicus_DSM_COG_10_S44_00_E171_00_DEM,1,833,0.985,1.67
OSM-1094292045,Copernicus_DSM_COG_10_S44_00_E171_00_DEM,1,484,0.827,1.508
OSM-1094292049,Copernicus_DSM_COG_10_S44_00_E171_00_DEM,1,409,1.136,1.838
OSM-1094292051,Copernicus_DSM_COG_10_S44_00_E171_00_DEM,1,1640,1.117,2.058
OSM-1094292052,Copernicus_DSM_COG_10_S44_00_E171_00_DEM,1,3122,1.113,1.947
OSM-1094292055,Copernicus_DSM_COG_10_S44_00_E171_00_DEM,1,456,0.974,1.76
OSM-1094292056,Copernicus_DSM_COG_10_S44_00_E171_00_DEM,1,383,1.168,1.98
OSM-1094292057,Copernicus_DSM_COG_10_S44_00_E171_00_DEM,1,466,1.225,2.202
OSM-1094292058,Copernicus_DSM_COG_10_S44_00_E171_00_DEM,1,559,0.847,1.444
OSM-1094292065,Copernicus_DSM_COG_10_S44_00_E171_00_DEM,1,1805,1.042,1.8
OSM-1094292071,Copernicus_DSM_COG_10_S44_00_E171_00_DEM,1,701,0.657,1.118
OSM-1094329495,Copernicus_DSM_COG_10_S44_00_E171_00_DEM,1,534,0.533,0.947
OSM-1094329726,Copernicus_DSM_COG_10_S44_00_E171_00_DEM,1,495,0.891,1.554
OSM-1094333651,Copernicus_DSM_COG_10_S44_00_E172_00_DEM,1,571,0.673,1.14
OSM-1094333659,Copernicus_DSM_COG_10_S44_00_E172_00_DEM,1,2122,0.702,1.28
OSM-1094333660,Copernicus_DSM_COG_10_S44_00_E172_00_DEM,1,1629,0.592,1.046
OSM-1094333661,Copernicus_DSM_COG_10_S44_00_E172_00_DEM,1,1394,0.607,1.032
OSM-1094333662,Copernicus_DSM_COG_10_S44_00_E172_00_DEM,1,1359,0.719,1.301
OSM-1094333663,Copernicus_DSM_COG_10_S44_00_E172_00_DEM,1,2843,0.636,1.113
OSM-1094333664,Copernicus_DSM_COG_10_S44_00_E172_00_DEM,1,3932,0.627,1.085
OSM-1094333665,Copernicus_DSM_COG_10_S44_00_E172_00_DEM,1,1670,0.717,1.149
OSM-1094333666,Copernicus_DSM_COG_10_S44_00_E172_00_DEM,1,2811,0.719,1.135
OSM-1094333668,Copernicus_DSM_COG_10_S44_00_E172_00_DEM,1,432,0.764,1.289
OSM-1094333669,Copernicus_DSM_COG_10_S44_00_E172_00_DEM,1,2634,0.737,1.298
OSM-1094333670,Copernicus_DSM_COG_10_S44_00_E172_00_DEM,1,4275,0.832,1.286
OSM-1094333671,Copernicus_DSM_COG_10_S44_00_E172_00_DEM,1,541,1.085,2.197
OSM-1094333674,Copernicus_DSM_COG_10_S44_00_E172_00_DEM,1,1879,1.233,1.653
OSM-1094440465,Copernicus_DSM_COG_10_S44_00_E171_00_DEM;Copernicus_DSM_COG_10_S45_00_E171_00_DEM,2,727,0.626,0.891
OSM-1094442046,Copernicus_DSM_COG_10_S44_00_E171_00_DEM,1,2778,0.639,1.335
OSM-1094442047,Copernicus_DSM_COG_10_S44_00_E171_00_DEM,1,1352,0.524,0.737
OSM-1094442048,Copernicus_DSM_COG_10_S44_00_E171_00_DEM,1,3961,0.551,1.047
OSM-1094442049,Copernicus_DSM_COG_10_S44_00_E171_00_DEM,1,1269,1.163,2.919
OSM-1094442051,Copernicus_DSM_COG_10_S44_00_E171_00_DEM,1,593,1.03,2.433
OSM-1094442052,Copernicus_DSM_COG_10_S44_00_E171_00_DEM;Copernicus_DSM_COG_10_S45_00_E171_00_DEM,2,2225,0.65,0.825
OSM-1094443262,Copernicus_DSM_COG_10_S44_00_E171_00_DEM,1,2848,0.488,0.696
OSM-1094443263,Copernicus_DSM_COG_10_S44_00_E171_00_DEM,1,2232,0.398,0.642
OSM-1094444574,Copernicus_DSM_COG_10_S44_00_E171_00_DEM;Copernicus_DSM_COG_10_S44_00_E172_00_DEM,2,1600,0.581,0.997
OSM-1094444576,Copernicus_DSM_COG_10_S44_00_E172_00_DEM,1,727,1.457,3.292
OSM-1094444577,Copernicus_DSM_COG_10_S44_00_E171_00_DEM;Copernicus_DSM_COG_10_S44_00_E172_00_DEM,2,1133,1.122,2.226
OSM-1094444578,Copernicus_DSM_COG_10_S44_00_E171_00_DEM;Copernicus_DSM_COG_10_S44_00_E172_00_DEM,2,760,0.855,1.27
OSM-1094444579,Copernicus_DSM_COG_10_S44_00_E172_00_DEM,1,1915,0.7,1.188
OSM-1094444581,Copernicus_DSM_COG_10_S44_00_E172_00_DEM,1,347,0.917,2.086
OSM-1094444582,Copernicus_DSM_COG_10_S44_00_E172_00_DEM,1,365,0.645,1.093
OSM-1094444584,Copernicus_DSM_COG_10_S44_00_E172_00_DEM,1,521,0.538,0.906
OSM-1094444585,Copernicus_DSM_COG_10_S44_00_E172_00_DEM,1,520,0.483,0.807
OSM-1094444588,Copernicus_DSM_COG_10_S44_00_E172_00_DEM,1,612,0.875,1.247
OSM-1094444593,Copernicus_DSM_COG_10_S44_00_E171_00_DEM;Copernicus_DSM_COG_10_S44_00_E172_00_DEM,2,531,0.718,1.275
OSM-1094444594,Copernicus_DSM_COG_10_S44_00_E171_00_DEM;Copernicus_DSM_COG_10_S44_00_E172_00_DEM,2,546,0.7,1.142
OSM-1094444597,Copernicus_DSM_COG_10_S44_00_E171_00_DEM;Copernicus_DSM_COG_10_S44_00_E172_00_DEM,2,428,0.71,1.221
OSM-1094444598,Copernicus_DSM_COG_10_S44_00_E171_00_DEM,1,410,1.293,3.409
OSM-1094445575,Copernicus_DSM_COG_10_S44_00_E172_00_DEM,1,513,0.465,0.773
OSM-1094445576,Copernicus_DSM_COG_10_S44_00_E172_00_DEM,1,512,0.604,1.061
OSM-1094445577,Copernicus_DSM_COG_10_S44_00_E172_00_DEM,1,884,0.894,1.381
OSM-1094445578,Copernicus_DSM_COG_10_S44_00_E172_00_DEM,1,907,0.519,0.917
OSM-1094445579,Copernicus_DSM_COG_10_S44_00_E172_00_DEM,1,1030,0.59,1.013
OSM-1094445580,Copernicus_DSM_COG_10_S44_00_E172_00_DEM,1,885,0.899,1.274
OSM-1094445581,Copernicus_DSM_COG_10_S44_00_E172_00_DEM,1,354,0.808,1.241
OSM-1094445582,Copernicus_DSM_COG_10_S44_00_E172_00_DEM,1,1097,0.673,1.162
OSM-1094445586,Copernicus_DSM_COG_10_S44_00_E172_00_DEM,1,1540,0.897,1.308
OSM-1094445587,Copernicus_DSM_COG_10_S44_00_E172_00_DEM,1,866,0.803,1.487
OSM-1094445588,Copernicus_DSM_COG_10_S44_00_E172_00_DEM,1,565,0.727,1.181
OSM-1094445589,Copernicus_DSM_COG_10_S44_00_E172_00_DEM,1,480,0.616,1.09
OSM-1094445590,Copernicus_DSM_COG_10_S44_00_E172_00_DEM,1,555,0.655,1.088
OSM-1094445591,Copernicus_DSM_COG_10_S44_00_E172_00_DEM,1,827,0.687,1.198
OSM-1094465326,Copernicus_DSM_COG_10_S44_00_E172_00_DEM,1,1235,0.966,1.588
OSM-1094465327,Copernicus_DSM_COG_10_S44_00_E172_00_DEM,1,1158,1.215,1.623
OSM-1094465328,Copernicus_DSM_COG_10_S44_00_E172_00_DEM,1,643,0.67,1.077
OSM-1094465332,Copernicus_DSM_COG_10_S44_00_E172_00_DEM,1,964,0.757,1.348
OSM-1094465333,Copernicus_DSM_COG_10_S44_00_E172_00_DEM,1,616,1.023,1.641
OSM-1094465334,Copernicus_DSM_COG_10_S44_00_E172_00_DEM,1,526,1.217,2.416
OSM-1094465343,Copernicus_DSM_COG_10_S44_00_E172_00_DEM,1,414,1.277,3.018
OSM-1094465345,Copernicus_DSM_COG_10_S44_00_E172_00_DEM,1,351,1.037,2.23
OSM-1094465349,Copernicus_DSM_COG_10_S44_00_E172_00_DEM,1,443,0.606,1.036
OSM-1094465350,Copernicus_DSM_COG_10_S44_00_E172_00_DEM,1,2358,0.736,1.358
OSM-1094465351,Copernicus_DSM_COG_10_S44_00_E172_00_DEM,1,516,0.665,1.189
OSM-1094465352,Copernicus_DSM_COG_10_S44_00_E172_00_DEM,1,583,1.02,1.716
OSM-1094465353,Copernicus_DSM_COG_10_S44_00_E172_00_DEM,1,563,0.831,1.492
OSM-1094465356,Copernicus_DSM_COG_10_S44_00_E172_00_DEM,1,1449,0.91,1.372
OSM-1094465358,Copernicus_DSM_COG_10_S44_00_E172_00_DEM,1,428,0.706,1.231
OSM-1094465359,Copernicus_DSM_COG_10_S44_00_E172_00_DEM,1,893,0.641,1.169
OSM-1094465360,Copernicus_DSM_COG_10_S44_00_E172_00_DEM,1,699,0.964,1.692
OSM-1094465364,Copernicus_DSM_COG_10_S44_00_E172_00_DEM,1,6032,1.042,1.885
OSM-1094465365,Copernicus_DSM_COG_10_S44_00_E172_00_DEM,1,1446,1.426,2.667
OSM-1094465367,Copernicus_DSM_COG_10_S44_00_E172_00_DEM,1,419,1.224,3.045
OSM-1094471377,Copernicus_DSM_COG_10_S44_00_E171_00_DEM,1,436,0.629,1.057
OSM-1094490906,Copernicus_DSM_COG_10_S44_00_E171_00_DEM,1,955,0.691,1.253
OSM-1094490914,Copernicus_DSM_COG_10_S44_00_E171_00_DEM,1,423,0.455,0.703
OSM-1094490915,Copernicus_DSM_COG_10_S44_00_E171_00_DEM,1,449,0.509,0.849
OSM-1094490916,Copernicus_DSM_COG_10_S44_00_E171_00_DEM,1,902,0.544,0.917
OSM-1094490917,Copernicus_DSM_COG_10_S44_00_E171_00_DEM,1,744,0.469,0.793
OSM-1094490918,Copernicus_DSM_COG_10_S44_00_E171_00_DEM,1,1274,0.533,0.877
OSM-1094490919,Copernicus_DSM_COG_10_S44_00_E171_00_DEM,1,442,0.491,0.792
OSM-1094490920,Copernicus_DSM_COG_10_S44_00_E171_00_DEM,1,1141,0.467,0.747
OSM-1094490921,Copernicus_DSM_COG_10_S44_00_E171_00_DEM,1,435,0.8,1.42
OSM-1094490922,Copernicus_DSM_COG_10_S44_00_E171_00_DEM,1,731,0.727,1.102
OSM-1094490924,Copernicus_DSM_COG_10_S44_00_E171_00_DEM,1,2267,0.717,1.021
OSM-1094490926,Copernicus_DSM_COG_10_S44_00_E171_00_DEM,1,392,0.464,0.765
OSM-1094490927,Copernicus_DSM_COG_10_S44_00_E171_00_DEM,1,692,0.471,0.794
OSM-1094490930,Copernicus_DSM_COG_10_S44_00_E171_00_DEM,1,838,0.792,0.989
OSM-1094490931,Copernicus_DSM_COG_10_S44_00_E171_00_DEM,1,439,1.012,2.15
OSM-1094490932,Copernicus_DSM_COG_10_S44_00_E171_00_DEM,1,1708,0.841,1.407
OSM-1094490933,Copernicus_DSM_COG_10_S44_00_E171_00_DEM,1,480,0.637,1.1
OSM-1094490936,Copernicus_DSM_COG_10_S44_00_E171_00_DEM,1,389,0.452,0.72
OSM-1094490937,Copernicus_DSM_COG_10_S44_00_E171_00_DEM,1,1427,0.546,0.875
OSM-1094490938,Copernicus_DSM_COG_10_S44_00_E171_00_DEM,1,2139,0.753,0.989
OSM-1094490939,Copernicus_DSM_COG_10_S44_00_E171_00_DEM,1,3259,1.021,2.518
OSM-1094492279,Copernicus_DSM_COG_10_S44_00_E171_00_DEM,1,750,0.579,0.962
OSM-1094492280,Copernicus_DSM_COG_10_S44_00_E171_00_DEM,1,420,0.463,0.745
OSM-1094494322,Copernicus_DSM_COG_10_S44_00_E171_00_DEM,1,499,1.168,2.126
OSM-1094494323,Copernicus_DSM_COG_10_S44_00_E171_00_DEM,1,3979,0.508,0.773
OSM-1094494326,Copernicus_DSM_COG_10_S44_00_E171_00_DEM,1,756,0.523,0.825
OSM-1094494327,Copernicus_DSM_COG_10_S44_00_E171_00_DEM,1,966,0.548,0.85
OSM-1094494328,Copernicus_DSM_COG_10_S44_00_E171_00_DEM,1,1582,0.493,0.785
OSM-1094494329,Copernicus_DSM_COG_10_S44_00_E171_00_DEM,1,919,0.48,0.769
OSM-1094494330,Copernicus_DSM_COG_10_S44_00_E171_00_DEM,1,870,0.52,0.838
OSM-1094494331,Copernicus_DSM_COG_10_S44_00_E171_00_DEM,1,662,0.423,0.629
OSM-1094494332,Copernicus_DSM_COG_10_S44_00_E171_00_DEM,1,701,0.49,0.806
OSM-1094494333,Copernicus_DSM_COG_10_S44_00_E171_00_DEM,1,882,0.522,0.851
OSM-1094494334,Copernicus_DSM_COG_10_S44_00_E171_00_DEM,1,1607,0.446,0.688
OSM-1094494335,Copernicus_DSM_COG_10_S44_00_E171_00_DEM,1,1174,0.741,1.116
OSM-1094494336,Copernicus_DSM_COG_10_S44_00_E171_00_DEM,1,1162,0.605,0.86
OSM-1094494337,Copernicus_DSM_COG_10_S44_00_E171_00_DEM,1,3653,0.564,0.872
OSM-1094494338,Copernicus_DSM_COG_10_S44_00_E171_00_DEM,1,2101,0.475,0.745
OSM-1094511466,Copernicus_DSM_COG_10_S44_00_E171_00_DEM,1,1300,0.854,1.831
OSM-1094511467,Copernicus_DSM_COG_10_S44_00_E171_00_DEM,1,390,1.562,3.568
OSM-1094511468,Copernicus_DSM_COG_10_S44_00_E171_00_DEM,1,955,0.446,0.708
OSM-1094511882,Copernicus_DSM_COG_10_S44_00_E171_00_DEM,1,1134,0.518,0.824
OSM-1094511883,Copernicus_DSM_COG_10_S44_00_E171_00_DEM,1,1692,0.505,0.798
OSM-1094511884,Copernicus_DSM_COG_10_S44_00_E171_00_DEM,1,457,0.47,0.8
OSM-1094512224,Copernicus_DSM_COG_10_S44_00_E171_00_DEM,1,338,0.547,0.927
OSM-1094512225,Copernicus_DSM_COG_10_S44_00_E171_00_DEM,1,880,0.624,1.012
OSM-1094512226,Copernicus_DSM_COG_10_S44_00_E171_00_DEM,1,1385,0.495,0.787
OSM-1094512227,Copernicus_DSM_COG_10_S44_00_E171_00_DEM,1,2492,0.454,0.7
OSM-1094512619,Copernicus_DSM_COG_10_S44_00_E171_00_DEM,1,755,0.543,0.938
OSM-1094512620,Copernicus_DSM_COG_10_S44_00_E171_00_DEM;Copernicus_DSM_COG_10_S44_00_E172_00_DEM,2,3590,0.705,0.923
OSM-1094513243,Copernicus_DSM_COG_10_S44_00_E171_00_DEM;Copernicus_DSM_COG_10_S44_00_E172_00_DEM,2,2430,1.144,2.116
OSM-1094514395,Copernicus_DSM_COG_10_S44_00_E171_00_DEM,1,945,0.512,0.855
OSM-1094514399,Copernicus_DSM_COG_10_S44_00_E171_00_DEM,1,386,0.693,1.07
OSM-1094514400,Copernicus_DSM_COG_10_S44_00_E171_00_DEM,1,848,0.591,0.825
OSM-1094514401,Copernicus_DSM_COG_10_S44_00_E171_00_DEM;Copernicus_DSM_COG_10_S44_00_E172_00_DEM,2,1951,0.663,0.964
OSM-1094514402,Copernicus_DSM_COG_10_S44_00_E171_00_DEM;Copernicus_DSM_COG_10_S44_00_E172_00_DEM,2,978,0.635,1.064
OSM-1094514403,Copernicus_DSM_COG_10_S44_00_E171_00_DEM;Copernicus_DSM_COG_10_S44_00_E172_00_DEM,2,1620,0.712,1.254
OSM-1094514404,Copernicus_DSM_COG_10_S44_00_E172_00_DEM,1,646,0.763,1.386
OSM-1094514405,Copernicus_DSM_COG_10_S44_00_E172_00_DEM,1,566,1.064,1.489
OSM-1094514406,Copernicus_DSM_COG_10_S44_00_E172_00_DEM,1,2104,0.911,1.497
OSM-1094514407,Copernicus_DSM_COG_10_S44_00_E172_00_DEM,1,1062,0.851,1.652
OSM-1094514408,Copernicus_DSM_COG_10_S44_00_E172_00_DEM,1,1340,0.9,1.665
OSM-1094514409,Copernicus_DSM_COG_10_S44_00_E172_00_DEM,1,1359,0.819,1.406
OSM-1094514410,Copernicus_DSM_COG_10_S44_00_E171_00_DEM;Copernicus_DSM_COG_10_S44_00_E172_00_DEM,2,1290,0.835,1.306
OSM-1094515098,Copernicus_DSM_COG_10_S44_00_E171_00_DEM,1,426,0.534,0.845
OSM-1094515099,Copernicus_DSM_COG_10_S44_00_E171_00_DEM,1,1629,0.563,0.954
OSM-1094515100,Copernicus_DSM_COG_10_S44_00_E171_00_DEM,1,4914,0.6,0.974
OSM-1094550089,Copernicus_DSM_COG_10_S44_00_E171_00_DEM;Copernicus_DSM_COG_10_S44_00_E172_00_DEM,2,7153,0.731,1.086
OSM-1094550093,Copernicus_DSM_COG_10_S44_00_E172_00_DEM,1,395,1.227,2.75
OSM-1094550094,Copernicus_DSM_COG_10_S44_00_E172_00_DEM,1,3680,0.977,1.908
OSM-1094550095,Copernicus_DSM_COG_10_S44_00_E172_00_DEM,1,6909,0.89,1.511
OSM-1094550096,Copernicus_DSM_COG_10_S44_00_E172_00_DEM,1,1851,0.752,1.375
OSM-1094550097,Copernicus_DSM_COG_10_S44_00_E172_00_DEM,1,1530,0.861,1.581
OSM-1094550098,Copernicus_DSM_COG_10_S44_00_E172_00_DEM,1,927,1.009,1.973
OSM-1094550099,Copernicus_DSM_COG_10_S44_00_E172_00_DEM,1,1007,0.938,2.152
OSM-1094550102,Copernicus_DSM_COG_10_S44_00_E172_00_DEM,1,1754,0.834,1.374
OSM-1094550103,Copernicus_DSM_COG_10_S44_00_E172_00_DEM,1,522,0.697,1.16
OSM-1094550104,Copernicus_DSM_COG_10_S44_00_E172_00_DEM,1,384,0.984,2.084
OSM-1094550105,Copernicus_DSM_COG_10_S44_00_E172_00_DEM,1,345,1.516,3.609
OSM-1094550107,Copernicus_DSM_COG_10_S44_00_E172_00_DEM,1,928,1.546,4.583
OSM-1094552451,Copernicus_DSM_COG_10_S44_00_E172_00_DEM,1,1386,1.215,2.829
OSM-1094552452,Copernicus_DSM_COG_10_S44_00_E172_00_DEM,1,2266,0.829,1.403
OSM-1094552454,Copernicus_DSM_COG_10_S44_00_E172_00_DEM,1,1480,1.291,2.754
OSM-1094552459,Copernicus_DSM_COG_10_S44_00_E172_00_DEM,1,432,0.876,1.345
OSM-1094552463,Copernicus_DSM_COG_10_S44_00_E172_00_DEM,1,978,2.028,4.124
OSM-1094552464,Copernicus_DSM_COG_10_S44_00_E172_00_DEM,1,534,1.568,2.347
OSM-1094552465,Copernicus_DSM_COG_10_S44_00_E172_00_DEM,1,444,1.782,4.796
OSM-1094552466,Copernicus_DSM_COG_10_S44_00_E172_00_DEM,1,688,1.823,4.749
OSM-1094556441,Copernicus_DSM_COG_10_S44_00_E172_00_DEM,1,836,1.478,3.795
OSM-1094556442,Copernicus_DSM_COG_10_S44_00_E172_00_DEM,1,844,1.011,1.483
OSM-1094556444,Copernicus_DSM_COG_10_S44_00_E172_00_DEM,1,404,0.829,1.471
OSM-1094556445,Copernicus_DSM_COG_10_S44_00_E172_00_DEM,1,448,1.666,3.932
OSM-1094556448,Copernicus_DSM_COG_10_S44_00_E172_00_DEM,1,370,2.389,6.997
OSM-1094557932,Copernicus_DSM_COG_10_S44_00_E172_00_DEM,1,779,0.619,1.073
OSM-1094557933,Copernicus_DSM_COG_10_S44_00_E172_00_DEM,1,1051,0.771,1.307
OSM-1094557934,Copernicus_DSM_COG_10_S44_00_E172_00_DEM,1,2122,0.925,1.786
OSM-1094557935,Copernicus_DSM_COG_10_S44_00_E172_00_DEM,1,1149,0.752,1.368
OSM-1094557936,Copernicus_DSM_COG_10_S44_00_E172_00_DEM,1,394,0.631,1.078
OSM-1094557937,Copernicus_DSM_COG_10_S44_00_E172_00_DEM,1,783,0.736,1.257
OSM-1094557938,Copernicus_DSM_COG_10_S44_00_E172_00_DEM,1,1125,0.873,1.448
OSM-1094557941,Copernicus_DSM_COG_10_S44_00_E172_00_DEM,1,625,0.646,1.173
OSM-1094557942,Copernicus_DSM_COG_10_S44_00_E172_00_DEM,1,1839,0.746,1.337
OSM-1094557943,Copernicus_DSM_COG_10_S44_00_E172_00_DEM,1,963,0.652,1.146
OSM-1094557944,Copernicus_DSM_COG_10_S44_00_E172_00_DEM,1,738,0.905,1.375
OSM-1094576639,Copernicus_DSM_COG_10_S44_00_E171_00_DEM,1,1275,0.528,0.845
OSM-1094576641,Copernicus_DSM_COG_10_S44_00_E171_00_DEM,1,2621,0.509,0.807
OSM-1094576642,Copernicus_DSM_COG_10_S44_00_E171_00_DEM,1,2529,0.495,0.776
OSM-1094576643,Copernicus_DSM_COG_10_S44_00_E171_00_DEM,1,983,0.465,0.69
OSM-1094576644,Copernicus_DSM_COG_10_S44_00_E171_00_DEM,1,1151,0.705,1.337
OSM-1094576645,Copernicus_DSM_COG_10_S44_00_E171_00_DEM,1,468,0.578,0.955
OSM-1094576646,Copernicus_DSM_COG_10_S44_00_E171_00_DEM,1,518,0.602,0.999
OSM-1094576647,Copernicus_DSM_COG_10_S44_00_E171_00_DEM,1,489,0.551,0.909
OSM-1094576648,Copernicus_DSM_COG_10_S44_00_E171_00_DEM,1,482,0.582,0.952
OSM-1094576649,Copernicus_DSM_COG_10_S44_00_E171_00_DEM,1,1646,0.568,0.915
OSM-1094578712,Copernicus_DSM_COG_10_S44_00_E171_00_DEM,1,585,0.674,0.881
OSM-1094578713,Copernicus_DSM_COG_10_S44_00_E171_00_DEM,1,435,0.555,0.959
OSM-1094578714,Copernicus_DSM_COG_10_S44_00_E171_00_DEM,1,1905,0.571,0.932
OSM-1094578715,Copernicus_DSM_COG_10_S44_00_E171_00_DEM,1,953,0.591,0.916
OSM-1094578720,Copernicus_DSM_COG_10_S44_00_E171_00_DEM,1,422,0.834,1.277
OSM-1094578722,Copernicus_DSM_COG_10_S44_00_E171_00_DEM,1,767,1.022,2.569
OSM-1094578723,Copernicus_DSM_COG_10_S44_00_E171_00_DEM,1,3134,0.732,1.191
OSM-1094578724,Copernicus_DSM_COG_10_S44_00_E171_00_DEM,1,939,0.516,0.761
OSM-1094578725,Copernicus_DSM_COG_10_S44_00_E171_00_DEM,1,5652,0.536,0.821
OSM-1094591696,Copernicus_DSM_COG_10_S44_00_E172_00_DEM,1,364,0.885,1.649
OSM-1094591704,Copernicus_DSM_COG_10_S44_00_E171_00_DEM;Copernicus_DSM_COG_10_S44_00_E172_00_DEM,2,1337,0.81,1.803
OSM-1094591705,Copernicus_DSM_COG_10_S44_00_E172_00_DEM,1,361,0.672,1.177
OSM-1094591708,Copernicus_DSM_COG_10_S44_00_E171_00_DEM,1,908,0.933,1.755
OSM-1094591709,Copernicus_DSM_COG_10_S44_00_E171_00_DEM,1,1587,0.673,1.077
OSM-1094591710,Copernicus_DSM_COG_10_S44_00_E171_00_DEM,1,1344,0.609,0.975
OSM-1094591711,Copernicus_DSM_COG_10_S44_00_E171_00_DEM,1,1041,0.629,1.132
OSM-1094591714,Copernicus_DSM_COG_10_S44_00_E171_00_DEM,1,1191,0.496,0.794
OSM-1094591715,Copernicus_DSM_COG_10_S44_00_E171_00_DEM,1,2874,0.806,1.466
OSM-1094591716,Copernicus_DSM_COG_10_S44_00_E171_00_DEM,1,439,0.564,0.987
OSM-1094591717,Copernicus_DSM_COG_10_S44_00_E171_00_DEM,1,1814,0.69,1.078
OSM-1094591719,Copernicus_DSM_COG_10_S44_00_E171_00_DEM,1,364,1.349,3.64
OSM-1094591720,Copernicus_DSM_COG_10_S44_00_E171_00_DEM,1,373,2.909,7.647
OSM-1094591721,Copernicus_DSM_COG_10_S44_00_E171_00_DEM,1,684,0.986,2.026
OSM-1094591724,Copernicus_DSM_COG_10_S44_00_E171_00_DEM,1,1089,0.623,0.914
OSM-1094591725,Copernicus_DSM_COG_10_S44_00_E171_00_DEM,1,807,2.227,7.88
OSM-1094591730,Copernicus_DSM_COG_10_S44_00_E171_00_DEM,1,742,0.581,0.907
OSM-1094592327,Copernicus_DSM_COG_10_S44_00_E171_00_DEM,1,2413,0.868,1.824
OSM-1094592328,Copernicus_DSM_COG_10_S44_00_E171_00_DEM,1,409,0.927,1.934
OSM-1094592329,Copernicus_DSM_COG_10_S44_00_E171_00_DEM,1,496,0.577,0.979
OSM-1094644687,Copernicus_DSM_COG_10_S44_00_E172_00_DEM,1,1676,1.446,3.284
OSM-1094644688,Copernicus_DSM_COG_10_S44_00_E172_00_DEM,1,730,0.599,1.024
OSM-1094644689,Copernicus_DSM_COG_10_S44_00_E171_00_DEM;Copernicus_DSM_COG_10_S44_00_E172_00_DEM,2,1093,0.846,1.447
OSM-1094644690,Copernicus_DSM_COG_10_S44_00_E172_00_DEM,1,822,0.586,0.992
OSM-1094644691,Copernicus_DSM_COG_10_S44_00_E172_00_DEM,1,708,0.859,1.418
OSM-1094644695,Copernicus_DSM_COG_10_S44_00_E172_00_DEM,1,1709,0.662,1.139
OSM-1094644696,Copernicus_DSM_COG_10_S44_00_E172_00_DEM,1,1362,0.827,1.471
OSM-1094644697,Copernicus_DSM_COG_10_S44_00_E172_00_DEM,1,1137,0.792,1.347
OSM-1094644698,Copernicus_DSM_COG_10_S44_00_E172_00_DEM,1,1987,1.552,3.27
OSM-1094644699,Copernicus_DSM_COG_10_S44_00_E172_00_DEM,1,5311,1.117,2.502
OSM-1094644703,Copernicus_DSM_COG_10_S44_00_E172_00_DEM,1,4091,1.119,1.947
OSM-1094644707,Copernicus_DSM_COG_10_S44_00_E172_00_DEM,1,1235,1.291,3.571
OSM-1094644708,Copernicus_DSM_COG_10_S44_00_E172_00_DEM,1,660,1.546,5.03
OSM-1094644713,Copernicus_DSM_COG_10_S44_00_E172_00_DEM,1,672,1.064,2.22
OSM-1094644714,Copernicus_DSM_COG_10_S44_00_E172_00_DEM,1,1687,0.827,1.455
OSM-1094713839,Copernicus_DSM_COG_10_S44_00_E172_00_DEM,1,1240,0.7,1.283
OSM-1094713840,Copernicus_DSM_COG_10_S44_00_E172_00_DEM,1,5494,0.787,1.43
OSM-1094713842,Copernicus_DSM_COG_10_S44_00_E172_00_DEM,1,3172,0.677,1.182
OSM-1094713843,Copernicus_DSM_COG_10_S44_00_E172_00_DEM,1,1389,0.728,1.251
OSM-1094714402,Copernicus_DSM_COG_10_S44_00_E172_00_DEM,1,589,0.904,1.535
OSM-1094715089,Copernicus_DSM_COG_10_S44_00_E172_00_DEM,1,1952,0.689,1.303
OSM-1094715090,Copernicus_DSM_COG_10_S44_00_E172_00_DEM,1,2013,0.699,1.214
OSM-1094715480,Copernicus_DSM_COG_10_S44_00_E172_00_DEM,1,1125,0.818,1.244
OSM-1094721145,Copernicus_DSM_COG_10_S44_00_E172_00_DEM,1,978,0.721,1.378
OSM-1094721146,Copernicus_DSM_COG_10_S44_00_E172_00_DEM,1,618,0.635,1.108
OSM-1094721147,Copernicus_DSM_COG_10_S44_00_E172_00_DEM,1,543,0.681,1.227
OSM-1094721148,Copernicus_DSM_COG_10_S44_00_E172_00_DEM,1,378,0.759,1.422
OSM-1094721149,Copernicus_DSM_COG_10_S44_00_E172_00_DEM,1,638,1.037,1.931
OSM-1094721150,Copernicus_DSM_COG_10_S44_00_E172_00_DEM,1,529,2.14,5.646
OSM-1094721151,Copernicus_DSM_COG_10_S44_00_E172_00_DEM,1,1924,0.775,1.332
OSM-1094721153,Copernicus_DSM_COG_10_S44_00_E172_00_DEM,1,2484,0.775,1.365
OSM-1094721156,Copernicus_DSM_COG_10_S44_00_E172_00_DEM,1,1020,0.549,0.96
OSM-1094721157,Copernicus_DSM_COG_10_S44_00_E172_00_DEM,1,435,1.288,2.629
OSM-1094721901,Copernicus_DSM_COG_10_S44_00_E172_00_DEM,1,383,2.822,9.675
OSM-1094721902,Copernicus_DSM_COG_10_S44_00_E172_00_DEM,1,628,1.503,3.194
OSM-1094721903,Copernicus_DSM_COG_10_S44_00_E172_00_DEM,1,576,4.917,12.459
OSM-1094722626,Copernicus_DSM_COG_10_S44_00_E172_00_DEM,1,1616,0.645,1.159
OSM-1094722627,Copernicus_DSM_COG_10_S44_00_E172_00_DEM,1,1217,0.744,1.303
OSM-1094722628,Copernicus_DSM_COG_10_S44_00_E172_00_DEM,1,984,0.686,1.263
OSM-1094722629,Copernicus_DSM_COG_10_S44_00_E172_00_DEM,1,692,0.755,1.469
OSM-1094722630,Copernicus_DSM_COG_10_S44_00_E172_00_DEM,1,768,1.443,3.597
OSM-1094722631,Copernicus_DSM_COG_10_S44_00_E172_00_DEM,1,2482,0.792,1.336
OSM-1094729470,Copernicus_DSM_COG_10_S44_00_E172_00_DEM,1,1294,0.722,1.152
OSM-1094729471,Copernicus_DSM_COG_10_S44_00_E172_00_DEM,1,1417,0.7,1.282
OSM-1094729472,Copernicus_DSM_COG_10_S44_00_E172_00_DEM,1,629,0.554,0.958
OSM-1094729473,Copernicus_DSM_COG_10_S44_00_E172_00_DEM,1,1170,0.663,1.178
OSM-1094729474,Copernicus_DSM_COG_10_S44_00_E172_00_DEM,1,1185,0.74,1.231
OSM-1094729475,Copernicus_DSM_COG_10_S44_00_E172_00_DEM,1,1185,0.656,1.129
OSM-1094729476,Copernicus_DSM_COG_10_S44_00_E172_00_DEM,1,665,0.818,1.633
OSM-1094729478,Copernicus_DSM_COG_10_S44_00_E172_00_DEM,1,2685,0.731,1.31
OSM-1094729480,Copernicus_DSM_COG_10_S44_00_E172_00_DEM,1,982,0.687,1.178
OSM-1094729481,Copernicus_DSM_COG_10_S44_00_E172_00_DEM,1,717,0.82,1.382
OSM-1094729482,Copernicus_DSM_COG_10_S44_00_E172_00_DEM,1,393,0.664,1.11
OSM-1094729714,Copernicus_DSM_COG_10_S44_00_E172_00_DEM,1,1143,1.399,2.421
OSM-1094729715,Copernicus_DSM_COG_10_S44_00_E172_00_DEM,1,1306,0.825,1.371
OSM-1094730160,Copernicus_DSM_COG_10_S44_00_E172_00_DEM,1,1876,1.154,1.97
OSM-1094730161,Copernicus_DSM_COG_10_S44_00_E172_00_DEM,1,1422,0.74,1.306
OSM-1094730162,Copernicus_DSM_COG_10_S44_00_E172_00_DEM,1,1230,0.827,1.583
OSM-1094730163,Copernicus_DSM_COG_10_S44_00_E172_00_DEM,1,1374,1.54,4.219
OSM-1094730164,Copernicus_DSM_COG_10_S44_00_E172_00_DEM,1,1066,0.834,1.515
OSM-1094730165,Copernicus_DSM_COG_10_S44_00_E172_00_DEM,1,1124,0.797,1.376
OSM-1094730999,Copernicus_DSM_COG_10_S44_00_E172_00_DEM,1,5941,1.773,4.613
OSM-1094731000,Copernicus_DSM_COG_10_S44_00_E172_00_DEM,1,1254,1.042,2.154
OSM-1094731669,Copernicus_DSM_COG_10_S44_00_E172_00_DEM,1,7690,0.788,1.328
OSM-1094745157,Copernicus_DSM_COG_10_S44_00_E172_00_DEM,1,5041,0.801,1.323
OSM-1094745158,Copernicus_DSM_COG_10_S44_00_E172_00_DEM,1,2579,1.045,2.042
OSM-1094745159,Copernicus_DSM_COG_10_S44_00_E172_00_DEM,1,461,0.836,1.253
OSM-1094745160,Copernicus_DSM_COG_10_S44_00_E172_00_DEM,1,3226,0.893,1.525
OSM-1094745161,Copernicus_DSM_COG_10_S44_00_E172_00_DEM,1,466,0.738,1.32
OSM-1094745162,Copernicus_DSM_COG_10_S44_00_E172_00_DEM,1,1313,0.723,1.219
OSM-1094745163,Copernicus_DSM_COG_10_S44_00_E172_00_DEM,1,450,1.111,1.685
OSM-1094745165,Copernicus_DSM_COG_10_S44_00_E171_00_DEM;Copernicus_DSM_COG_10_S44_00_E172_00_DEM,2,1962,0.601,1.059
OSM-1094745166,Copernicus_DSM_COG_10_S44_00_E171_00_DEM;Copernicus_DSM_COG_10_S44_00_E172_00_DEM,2,6820,0.642,1.118
OSM-1094745167,Copernicus_DSM_COG_10_S44_00_E172_00_DEM,1,1289,0.631,1.08
OSM-1094745168,Copernicus_DSM_COG_10_S44_00_E172_00_DEM,1,359,0.832,1.498
OSM-1094745169,Copernicus_DSM_COG_10_S44_00_E172_00_DEM,1,390,1.057,2.353
OSM-1094745171,Copernicus_DSM_COG_10_S44_00_E172_00_DEM,1,2156,0.865,1.525
OSM-1094745172,Copernicus_DSM_COG_10_S44_00_E172_00_DEM,1,1977,0.82,1.456
OSM-1094745173,Copernicus_DSM_COG_10_S44_00_E172_00_DEM,1,1465,1.343,2.846
OSM-1094745174,Copernicus_DSM_COG_10_S44_00_E172_00_DEM,1,1575,1.245,2.281
OSM-1094745175,Copernicus_DSM_COG_10_S44_00_E172_00_DEM,1,930,1.39,3.142
OSM-1094745176,Copernicus_DSM_COG_10_S44_00_E172_00_DEM,1,1049,1.899,4.474
OSM-1094746904,Copernicus_DSM_COG_10_S44_00_E172_00_DEM,1,380,2.61,7.604
OSM-1094748074,Copernicus_DSM_COG_10_S44_00_E172_00_DEM,1,1307,1.055,2.053
OSM-1094748075,Copernicus_DSM_COG_10_S44_00_E172_00_DEM,1,721,0.709,1.22
OSM-1094748076,Copernicus_DSM_COG_10_S44_00_E172_00_DEM,1,819,0.845,1.569
OSM-1094748078,Copernicus_DSM_COG_10_S44_00_E172_00_DEM,1,763,0.653,1.11
OSM-1094748079,Copernicus_DSM_COG_10_S44_00_E172_00_DEM,1,1536,0.733,1.279
OSM-1094748080,Copernicus_DSM_COG_10_S44_00_E172_00_DEM,1,2590,0.75,1.313
OSM-1094748082,Copernicus_DSM_COG_10_S44_00_E172_00_DEM,1,505,0.738,1.283
OSM-1094760226,Copernicus_DSM_COG_10_S44_00_E171_00_DEM,1,1787,0.569,0.82
OSM-1094760227,Copernicus_DSM_COG_10_S44_00_E171_00_DEM,1,1668,0.756,1.347
OSM-1094760228,Copernicus_DSM_COG_10_S44_00_E171_00_DEM;Copernicus_DSM_COG_10_S44_00_E172_00_DEM,2,3175,0.571,0.904
OSM-1094760582,Copernicus_DSM_COG_10_S44_00_E171_00_DEM,1,12252,0.727,1.051
OSM-1094760583,Copernicus_DSM_COG_10_S44_00_E171_00_DEM,1,2265,0.822,1.571
OSM-1094766046,Copernicus_DSM_COG_10_S44_00_E172_00_DEM,1,721,0.497,0.792
OSM-1094766047,Copernicus_DSM_COG_10_S44_00_E172_00_DEM,1,871,0.558,0.922
OSM-1094766048,Copernicus_DSM_COG_10_S44_00_E171_00_DEM;Copernicus_DSM_COG_10_S44_00_E172_00_DEM,2,3442,0.643,0.989
OSM-1094766049,Copernicus_DSM_COG_10_S44_00_E172_00_DEM,1,358,0.796,1.703
OSM-1094766052,Copernicus_DSM_COG_10_S44_00_E171_00_DEM;Copernicus_DSM_COG_10_S44_00_E172_00_DEM,2,3056,0.658,1.138
OSM-1094766053,Copernicus_DSM_COG_10_S44_00_E171_00_DEM,1,869,0.552,0.871
OSM-1094766054,Copernicus_DSM_COG_10_S44_00_E171_00_DEM,1,3285,0.579,0.945
OSM-1094766056,Copernicus_DSM_COG_10_S44_00_E171_00_DEM,1,541,0.629,1.214
OSM-1094766777,Copernicus_DSM_COG_10_S44_00_E172_00_DEM,1,402,0.87,1.784
OSM-1094974678,Copernicus_DSM_COG_10_S44_00_E172_00_DEM,1,6056,0.727,1.069
OSM-1094974679,Copernicus_DSM_COG_10_S44_00_E172_00_DEM,1,1975,0.727,0.922
OSM-1094974680,Copernicus_DSM_COG_10_S44_00_E172_00_DEM,1,1076,0.87,1.67
OSM-1094976017,Copernicus_DSM_COG_10_S44_00_E172_00_DEM,1,942,0.561,0.913
OSM-1094976019,Copernicus_DSM_COG_10_S44_00_E172_00_DEM,1,345,0.415,0.709
OSM-1094976020,Copernicus_DSM_COG_10_S44_00_E172_00_DEM,1,640,0.465,0.769
OSM-1094978523,Copernicus_DSM_COG_10_S44_00_E172_00_DEM,1,485,0.505,0.962
OSM-1094978524,Copernicus_DSM_COG_10_S44_00_E172_00_DEM,1,1820,0.496,0.874
OSM-1095006455,Copernicus_DSM_COG_10_S44_00_E172_00_DEM,1,3449,23.559,32.645
OSM-1095006456,Copernicus_DSM_COG_10_S44_00_E172_00_DEM,1,4210,23.832,33.409
OSM-1095006457,Copernicus_DSM_COG_10_S44_00_E172_00_DEM,1,481,17.926,23.408
OSM-1095006458,Copernicus_DSM_COG_10_S44_00_E172_00_DEM,1,763,16.692,22.46
OSM-1095006459,Copernicus_DSM_COG_10_S44_00_E172_00_DEM,1,1228,21.448,32.694
OSM-1095006460,Copernicus_DSM_COG_10_S44_00_E172_00_DEM,1,1591,24.912,32.515
OSM-1095007399,Copernicus_DSM_COG_10_S44_00_E172_00_DEM,1,4684,23.233,31.441
OSM-1095123344,Copernicus_DSM_COG_10_S44_00_E172_00_DEM,1,700,18.722,24.265
OSM-1095133941,Copernicus_DSM_COG_10_S44_00_E172_00_DEM,1,383,20.368,29.978
OSM-1095133951,Copernicus_DSM_COG_10_S44_00_E172_00_DEM,1,1759,27.246,36.312
OSM-1095133952,Copernicus_DSM_COG_10_S44_00_E172_00_DEM,1,367,17.211,23.07
OSM-1095133958,Copernicus_DSM_COG_10_S44_00_E172_00_DEM,1,478,17.579,23.488
OSM-1095162186,Copernicus_DSM_COG_10_S44_00_E172_00_DEM,1,2569,0.829,1.293
OSM-1095162188,Copernicus_DSM_COG_10_S44_00_E172_00_DEM,1,2797,0.981,1.329
OSM-1095162189,Copernicus_DSM_COG_10_S44_00_E172_00_DEM,1,1369,0.985,1.919
OSM-1095162192,Copernicus_DSM_COG_10_S44_00_E172_00_DEM,1,471,0.569,1.01
OSM-1095162193,Copernicus_DSM_COG_10_S44_00_E172_00_DEM,1,674,0.774,1.174
OSM-1095162195,Copernicus_DSM_COG_10_S44_00_E172_00_DEM,1,1062,0.646,1.017
OSM-1095162197,Copernicus_DSM_COG_10_S44_00_E172_00_DEM,1,462,0.487,0.831
OSM-1095162199,Copernicus_DSM_COG_10_S44_00_E172_00_DEM,1,692,0.811,1.111
OSM-1095162200,Copernicus_DSM_COG_10_S44_00_E172_00_DEM,1,540,0.646,1.015
OSM-1095162201,Copernicus_DSM_COG_10_S44_00_E172_00_DEM,1,450,0.835,1.58
OSM-1095162202,Copernicus_DSM_COG_10_S44_00_E172_00_DEM,1,361,0.901,1.484
OSM-1095162203,Copernicus_DSM_COG_10_S44_00_E172_00_DEM,1,714,0.693,1.242
OSM-1095162204,Copernicus_DSM_COG_10_S44_00_E172_00_DEM,1,462,0.568,0.986
OSM-1095162206,Copernicus_DSM_COG_10_S44_00_E172_00_DEM,1,701,0.741,1.346
OSM-1095162208,Copernicus_DSM_COG_10_S44_00_E172_00_DEM,1,1449,0.78,1.391
OSM-1095162210,Copernicus_DSM_COG_10_S44_00_E172_00_DEM,1,637,0.804,1.551
OSM-1095162211,Copernicus_DSM_COG_10_S44_00_E172_00_DEM,1,353,0.705,1.404
OSM-1095162567,Copernicus_DSM_COG_10_S44_00_E172_00_DEM,1,580,0.578,0.994
OSM-1095162568,Copernicus_DSM_COG_10_S44_00_E172_00_DEM,1,618,0.514,0.817
OSM-1095162573,Copernicus_DSM_COG_10_S44_00_E172_00_DEM,1,428,0.559,0.895
OSM-1095162574,Copernicus_DSM_COG_10_S44_00_E172_00_DEM,1,607,0.642,1.087
OSM-1095162863,Copernicus_DSM_COG_10_S44_00_E172_00_DEM,1,747,0.577,1.026
OSM-1095170962,Copernicus_DSM_COG_10_S44_00_E172_00_DEM,1,507,0.604,1.113
OSM-1095170965,Copernicus_DSM_COG_10_S44_00_E172_00_DEM,1,449,0.796,1.597
OSM-1095170970,Copernicus_DSM_COG_10_S44_00_E172_00_DEM,1,558,0.586,1.036
OSM-1095170972,Copernicus_DSM_COG_10_S44_00_E172_00_DEM,1,546,0.573,1.008
OSM-1095174778,Copernicus_DSM_COG_10_S44_00_E172_00_DEM,1,352,0.91,2.132
OSM-1095174780,Copernicus_DSM_COG_10_S44_00_E172_00_DEM,1,409,1.443,3.991
OSM-1095174781,Copernicus_DSM_COG_10_S44_00_E172_00_DEM,1,692,0.586,1.064
OSM-1095174782,Copernicus_DSM_COG_10_S44_00_E172_00_DEM,1,469,0.657,0.978
OSM-1095176582,Copernicus_DSM_COG_10_S44_00_E172_00_DEM,1,597,1.029,2.631
OSM-1095192177,Copernicus_DSM_COG_10_S44_00_E172_00_DEM,1,353,0.769,1.432
OSM-1095192180,Copernicus_DSM_COG_10_S44_00_E172_00_DEM,1,603,0.857,1.602
OSM-1095192182,Copernicus_DSM_COG_10_S44_00_E172_00_DEM,1,511,0.818,1.399
OSM-1095192183,Copernicus_DSM_COG_10_S44_00_E172_00_DEM,1,792,0.635,1.237
OSM-1095192204,Copernicus_DSM_COG_10_S44_00_E172_00_DEM,1,392,0.517,0.916
OSM-1095192974,Copernicus_DSM_COG_10_S44_00_E172_00_DEM,1,889,0.446,0.696
OSM-1095192976,Copernicus_DSM_COG_10_S44_00_E172_00_DEM,1,793,0.428,0.729
OSM-1095195704,Copernicus_DSM_COG_10_S44_00_E172_00_DEM,1,343,0.633,1.123
OSM-1095195705,Copernicus_DSM_COG_10_S44_00_E172_00_DEM,1,666,0.586,0.951
OSM-1095195709,Copernicus_DSM_COG_10_S44_00_E172_00_DEM,1,963,0.689,1.263
OSM-1095195710,Copernicus_DSM_COG_10_S44_00_E172_00_DEM,1,652,0.785,1.323
OSM-1095206256,Copernicus_DSM_COG_10_S44_00_E171_00_DEM,1,352,0.676,1.055
OSM-1095206257,Copernicus_DSM_COG_10_S44_00_E171_00_DEM,1,827,0.624,0.993
OSM-1095206258,Copernicus_DSM_COG_10_S44_00_E171_00_DEM,1,959,0.609,0.971
OSM-1095206259,Copernicus_DSM_COG_10_S44_00_E171_00_DEM,1,973,0.632,0.943
OSM-1095206261,Copernicus_DSM_COG_10_S44_00_E171_00_DEM,1,414,0.796,1.115
OSM-1095206262,Copernicus_DSM_COG_10_S44_00_E171_00_DEM,1,637,0.843,1.477
OSM-1095206266,Copernicus_DSM_COG_10_S44_00_E171_00_DEM,1,838,0.656,1.149
OSM-1095213888,Copernicus_DSM_COG_10_S44_00_E171_00_DEM;Copernicus_DSM_COG_10_S44_00_E172_00_DEM,2,351,0.785,1.502
OSM-1095213889,Copernicus_DSM_COG_10_S44_00_E171_00_DEM;Copernicus_DSM_COG_10_S44_00_E172_00_DEM,2,1336,1.256,2.074
OSM-1095213891,Copernicus_DSM_COG_10_S44_00_E171_00_DEM;Copernicus_DSM_COG_10_S44_00_E172_00_DEM,2,966,1.211,2.12
OSM-1095213892,Copernicus_DSM_COG_10_S44_00_E171_00_DEM,1,1666,0.947,1.996
OSM-1095213893,Copernicus_DSM_COG_10_S44_00_E171_00_DEM,1,1264,0.789,1.528
OSM-1095213894,Copernicus_DSM_COG_10_S44_00_E171_00_DEM,1,3701,0.563,0.919
OSM-1095213895,Copernicus_DSM_COG_10_S44_00_E171_00_DEM,1,746,0.703,1.323
OSM-1095213896,Copernicus_DSM_COG_10_S44_00_E171_00_DEM,1,7623,0.681,1.122
OSM-1095214874,Copernicus_DSM_COG_10_S44_00_E171_00_DEM,1,3513,0.512,0.833
OSM-1095214875,Copernicus_DSM_COG_10_S44_00_E171_00_DEM,1,643,0.51,0.86
OSM-1095214879,Copernicus_DSM_COG_10_S44_00_E171_00_DEM,1,1170,0.815,1.507
OSM-1095214880,Copernicus_DSM_COG_10_S44_00_E171_00_DEM,1,492,0.936,2.318
OSM-1095215670,Copernicus_DSM_COG_10_S44_00_E171_00_DEM,1,1207,0.725,1.44
OSM-1095215676,Copernicus_DSM_COG_10_S44_00_E171_00_DEM,1,925,0.647,1.158
OSM-1095251709,Copernicus_DSM_COG_10_S44_00_E172_00_DEM,1,1755,0.56,0.898
OSM-1095251710,Copernicus_DSM_COG_10_S44_00_E172_00_DEM,1,1639,0.606,1.023
OSM-1095251712,Copernicus_DSM_COG_10_S44_00_E172_00_DEM,1,1752,0.803,1.688
OSM-1095251713,Copernicus_DSM_COG_10_S44_00_E172_00_DEM,1,706,0.523,0.904
OSM-1095251714,Copernicus_DSM_COG_10_S44_00_E172_00_DEM,1,716,0.661,1.053
OSM-1095251717,Copernicus_DSM_COG_10_S44_00_E172_00_DEM,1,463,0.715,1.355
OSM-1095251718,Copernicus_DSM_COG_10_S44_00_E172_00_DEM,1,350,0.398,0.673
OSM-1095269537,Copernicus_DSM_COG_10_S44_00_E172_00_DEM,1,1591,0.775,1.633
OSM-1095269538,Copernicus_DSM_COG_10_S44_00_E172_00_DEM,1,692,1.552,3.871
OSM-1095269539,Copernicus_DSM_COG_10_S44_00_E172_00_DEM,1,1051,0.882,1.997
OSM-1095269542,Copernicus_DSM_COG_10_S44_00_E172_00_DEM,1,949,0.655,1.216
OSM-1095332047,Copernicus_DSM_COG_10_S44_00_E172_00_DEM,1,1599,0.667,1.167
OSM-1095332049,Copernicus_DSM_COG_10_S44_00_E172_00_DEM,1,589,0.771,1.516
OSM-1095332051,Copernicus_DSM_COG_10_S44_00_E172_00_DEM,1,1980,0.962,2.142
OSM-1095332483,Copernicus_DSM_COG_10_S44_00_E172_00_DEM,1,563,0.751,1.319
OSM-1095332485,Copernicus_DSM_COG_10_S44_00_E172_00_DEM,1,908,1.139,2.477
OSM-1095333409,Copernicus_DSM_COG_10_S44_00_E172_00_DEM,1,826,0.891,1.832
OSM-1095333416,Copernicus_DSM_COG_10_S44_00_E172_00_DEM,1,348,0.675,1.131
OSM-1095333418,Copernicus_DSM_COG_10_S44_00_E172_00_DEM,1,483,1.221,3.129
OSM-1095334175,Copernicus_DSM_COG_10_S44_00_E172_00_DEM,1,352,0.622,1.202
OSM-1095334180,Copernicus_DSM_COG_10_S44_00_E172_00_DEM,1,403,0.799,1.766
OSM-1095334374,Copernicus_DSM_COG_10_S44_00_E172_00_DEM,1,685,0.644,1.117
OSM-1095336428,Copernicus_DSM_COG_10_S44_00_E172_00_DEM,1,712,0.676,1.277
OSM-1095336429,Copernicus_DSM_COG_10_S44_00_E172_00_DEM,1,888,0.933,2.082
OSM-1095337611,Copernicus_DSM_COG_10_S44_00_E172_00_DEM,1,1344,0.667,1.201
OSM-1095337613,Copernicus_DSM_COG_10_S44_00_E172_00_DEM,1,1660,0.653,0.982
OSM-1095375208,Copernicus_DSM_COG_10_S44_00_E172_00_DEM,1,10198,0.672,1.015
OSM-1095375210,Copernicus_DSM_COG_10_S44_00_E172_00_DEM,1,482,0.585,0.897
OSM-1095375211,Copernicus_DSM_COG_10_S44_00_E172_00_DEM,1,1272,0.815,1.354
OSM-1095375213,Copernicus_DSM_COG_10_S44_00_E172_00_DEM,1,953,0.708,1.092
OSM-1095375214,Copernicus_DSM_COG_10_S44_00_E172_00_DEM,1,947,0.89,1.683
OSM-1095375221,Copernicus_DSM_COG_10_S44_00_E172_00_DEM,1,1468,1.187,2.112
OSM-1095375222,Copernicus_DSM_COG_10_S44_00_E172_00_DEM,1,1443,0.612,0.832
OSM-1095375223,Copernicus_DSM_COG_10_S44_00_E172_00_DEM,1,474,1.041,2.352
OSM-1095376095,Copernicus_DSM_COG_10_S44_00_E172_00_DEM,1,626,0.892,2.078
OSM-1095376096,Copernicus_DSM_COG_10_S44_00_E172_00_DEM,1,771,0.863,1.187
OSM-1095376551,Copernicus_DSM_COG_10_S44_00_E172_00_DEM,1,1683,0.705,1.336
OSM-1095376552,Copernicus_DSM_COG_10_S44_00_E172_00_DEM,1,2147,0.689,1.081
OSM-1095376553,Copernicus_DSM_COG_10_S44_00_E172_00_DEM,1,475,0.849,1.171
OSM-1095377022,Copernicus_DSM_COG_10_S44_00_E172_00_DEM,1,975,0.658,0.935
OSM-1095377023,Copernicus_DSM_COG_10_S44_00_E172_00_DEM,1,768,1.283,3.025
OSM-1095377024,Copernicus_DSM_COG_10_S44_00_E172_00_DEM,1,576,1.021,2.147
OSM-1095377026,Copernicus_DSM_COG_10_S44_00_E172_00_DEM,1,462,0.806,1.363
OSM-1095377395,Copernicus_DSM_COG_10_S44_00_E172_00_DEM,1,360,0.551,0.853
OSM-1095377397,Copernicus_DSM_COG_10_S44_00_E172_00_DEM,1,654,2.035,6.671
OSM-1095377401,Copernicus_DSM_COG_10_S44_00_E172_00_DEM,1,488,1.419,3.214
OSM-1095377842,Copernicus_DSM_COG_10_S44_00_E172_00_DEM,1,363,1.007,2.417
OSM-1095377845,Copernicus_DSM_COG_10_S44_00_E172_00_DEM,1,530,1.148,2.537
OSM-1095396533,Copernicus_DSM_COG_10_S44_00_E172_00_DEM,1,3419,0.856,1.524
OSM-1095396536,Copernicus_DSM_COG_10_S44_00_E172_00_DEM,1,683,0.569,0.924
OSM-1095396537,Copernicus_DSM_COG_10_S44_00_E172_00_DEM,1,393,0.571,1.044
OSM-1095397036,Copernicus_DSM_COG_10_S44_00_E172_00_DEM,1,720,0.652,0.885
OSM-1095397037,Copernicus_DSM_COG_10_S44_00_E172_00_DEM,1,432,0.751,1.494
OSM-1095397040,Copernicus_DSM_COG_10_S44_00_E172_00_DEM,1,1335,0.644,1.086
OSM-1095397644,Copernicus_DSM_COG_10_S44_00_E172_00_DEM,1,1001,0.664,1.086
OSM-1095397645,Copernicus_DSM_COG_10_S44_00_E172_00_DEM,1,2769,0.819,1.444
OSM-1095397646,Copernicus_DSM_COG_10_S44_00_E172_00_DEM,1,1464,0.694,1.297
OSM-1095412620,Copernicus_DSM_COG_10_S44_00_E172_00_DEM,1,8501,0.864,1.557
OSM-1095412621,Copernicus_DSM_COG_10_S44_00_E172_00_DEM,1,1100,1.187,2.97
OSM-1095444695,Copernicus_DSM_COG_10_S44_00_E172_00_DEM,1,525,0.852,1.898
OSM-1095444697,Copernicus_DSM_COG_10_S44_00_E172_00_DEM,1,351,1.021,1.962
OSM-1095444700,Copernicus_DSM_COG_10_S44_00_E172_00_DEM,1,1505,0.839,1.669
OSM-1095444913,Copernicus_DSM_COG_10_S44_00_E172_00_DEM,1,413,0.74,1.561
OSM-1095444916,Copernicus_DSM_COG_10_S44_00_E172_00_DEM,1,628,0.668,1.312
OSM-1095493191,Copernicus_DSM_COG_10_S44_00_E172_00_DEM,1,988,0.837,1.609
OSM-1095493192,Copernicus_DSM_COG_10_S44_00_E172_00_DEM,1,445,1.63,3.935
OSM-1095493193,Copernicus_DSM_COG_10_S44_00_E172_00_DEM,1,815,1.084,2.488
OSM-1095493207,Copernicus_DSM_COG_10_S44_00_E172_00_DEM,1,763,0.8,1.493
OSM-1095493595,Copernicus_DSM_COG_10_S44_00_E172_00_DEM,1,560,0.762,1.711
OSM-1095493596,Copernicus_DSM_COG_10_S44_00_E172_00_DEM,1,422,2.136,5.693
OSM-1095586036,Copernicus_DSM_COG_10_S44_00_E172_00_DEM,1,1677,1.267,2.868
OSM-1095586037,Copernicus_DSM_COG_10_S44_00_E172_00_DEM,1,1396,0.725,1.339
OSM-1095586038,Copernicus_DSM_COG_10_S44_00_E172_00_DEM,1,532,0.637,1.217
OSM-1095586039,Copernicus_DSM_COG_10_S44_00_E172_00_DEM,1,973,0.621,1.013
OSM-1095586040,Copernicus_DSM_COG_10_S44_00_E172_00_DEM,1,461,0.898,1.51
OSM-1095586043,Copernicus_DSM_COG_10_S44_00_E172_00_DEM,1,1925,1.041,2.173
OSM-1095586508,Copernicus_DSM_COG_10_S44_00_E172_00_DEM,1,611,1.122,2.548
OSM-1095586511,Copernicus_DSM_COG_10_S44_00_E172_00_DEM,1,1563,1.433,4.103
OSM-1095606394,Copernicus_DSM_COG_10_S44_00_E172_00_DEM,1,6173,0.931,1.629
OSM-1095606395,Copernicus_DSM_COG_10_S44_00_E172_00_DEM,1,779,2.682,7.054
OSM-1095606396,Copernicus_DSM_COG_10_S44_00_E172_00_DEM,1,812,0.793,1.299
OSM-1095606400,Copernicus_DSM_COG_10_S44_00_E172_00_DEM,1,1686,0.736,1.235
OSM-1095606401,Copernicus_DSM_COG_10_S44_00_E172_00_DEM,1,6319,0.655,1.154
OSM-1095612237,Copernicus_DSM_COG_10_S44_00_E172_00_DEM,1,390,1.957,5.089
OSM-1095612238,Copernicus_DSM_COG_10_S44_00_E172_00_DEM,1,5086,1.083,1.849
OSM-1095612239,Copernicus_DSM_COG_10_S44_00_E172_00_DEM,1,1575,0.588,0.987
OSM-1095612240,Copernicus_DSM_COG_10_S44_00_E172_00_DEM,1,5062,1.03,2.562
OSM-1096045564,Copernicus_DSM_COG_10_S44_00_E172_00_DEM,1,1853,0.59,0.951
OSM-1096045566,Copernicus_DSM_COG_10_S44_00_E172_00_DEM,1,1108,0.565,1.005
OSM-1096045567,Copernicus_DSM_COG_10_S44_00_E172_00_DEM,1,1352,0.759,1.236
OSM-1096045570,Copernicus_DSM_COG_10_S44_00_E172_00_DEM,1,1743,0.671,1.02
OSM-1096045572,Copernicus_DSM_COG_10_S44_00_E172_00_DEM,1,1573,0.582,0.979
OSM-1096045573,Copernicus_DSM_COG_10_S44_00_E172_00_DEM,1,1245,0.567,0.909
OSM-1096045576,Copernicus_DSM_COG_10_S44_00_E172_00_DEM,1,391,0.98,2.431
OSM-1096045577,Copernicus_DSM_COG_10_S44_00_E172_00_DEM,1,775,0.972,2.19
OSM-1096046158,Copernicus_DSM_COG_10_S44_00_E172_00_DEM,1,703,0.636,1.074
OSM-1096046159,Copernicus_DSM_COG_10_S44_00_E172_00_DEM,1,815,0.898,1.457
OSM-1096046162,Copernicus_DSM_COG_10_S44_00_E172_00_DEM,1,1404,0.769,1.09
OSM-1096118611,Copernicus_DSM_COG_10_S44_00_E172_00_DEM,1,2385,0.796,1.751
OSM-1096118612,Copernicus_DSM_COG_10_S44_00_E172_00_DEM,1,544,0.909,1.862
OSM-1096118613,Copernicus_DSM_COG_10_S44_00_E172_00_DEM,1,698,1.15,3.096
OSM-1096118614,Copernicus_DSM_COG_10_S44_00_E172_00_DEM,1,472,0.557,0.979
OSM-1096118615,Copernicus_DSM_COG_10_S44_00_E172_00_DEM,1,418,0.97,2.266
OSM-1096118617,Copernicus_DSM_COG_10_S44_00_E172_00_DEM,1,573,0.695,1.018
OSM-1096118619,Copernicus_DSM_COG_10_S44_00_E172_00_DEM,1,749,0.626,1.08
OSM-1096118620,Copernicus_DSM_COG_10_S44_00_E172_00_DEM,1,587,0.981,2.18
OSM-1096246690,Copernicus_DSM_COG_10_S44_00_E171_00_DEM,1,12399,0.883,1.711
OSM-1096246691,Copernicus_DSM_COG_10_S44_00_E171_00_DEM,1,614,1.654,4.658
OSM-1096246692,Copernicus_DSM_COG_10_S44_00_E171_00_DEM,1,3054,1.699,4.956
OSM-1096250577,Copernicus_DSM_COG_10_S44_00_E171_00_DEM,1,10114,0.739,1.169
OSM-1096250578,Copernicus_DSM_COG_10_S44_00_E171_00_DEM,1,3433,0.549,0.855
OSM-1096292387,Copernicus_DSM_COG_10_S44_00_E171_00_DEM,1,415,0.51,0.774
OSM-1096292388,Copernicus_DSM_COG_10_S44_00_E171_00_DEM,1,861,0.519,0.793
OSM-1096292389,Copernicus_DSM_COG_10_S44_00_E171_00_DEM,1,5037,0.523,0.803
OSM-1096292390,Copernicus_DSM_COG_10_S44_00_E171_00_DEM,1,792,1.038,2.303
OSM-1096292391,Copernicus_DSM_COG_10_S44_00_E171_00_DEM,1,733,0.959,2.206
OSM-1096292392,Copernicus_DSM_COG_10_S44_00_E171_00_DEM,1,1333,0.642,0.991
OSM-1096292393,Copernicus_DSM_COG_10_S44_00_E171_00_DEM,1,1045,0.865,1.201
OSM-1096292394,Copernicus_DSM_COG_10_S44_00_E171_00_DEM,1,366,0.867,1.606
OSM-1096292395,Copernicus_DSM_COG_10_S44_00_E171_00_DEM,1,870,0.535,0.813
OSM-1096292396,Copernicus_DSM_COG_10_S44_00_E171_00_DEM,1,356,0.825,1.434
OSM-1096292398,Copernicus_DSM_COG_10_S44_00_E171_00_DEM,1,373,0.712,1.193
OSM-1096292399,Copernicus_DSM_COG_10_S44_00_E171_00_DEM,1,361,0.854,1.765
OSM-1096292403,Copernicus_DSM_COG_10_S44_00_E171_00_DEM,1,560,0.55,0.815
OSM-1096292405,Copernicus_DSM_COG_10_S44_00_E171_00_DEM,1,2936,0.662,1.03
OSM-1096292408,Copernicus_DSM_COG_10_S44_00_E171_00_DEM,1,1236,0.945,1.935
OSM-1096292409,Copernicus_DSM_COG_10_S44_00_E171_00_DEM,1,1078,0.771,1.241
OSM-1096319152,Copernicus_DSM_COG_10_S44_00_E171_00_DEM,1,1497,0.677,1.092
OSM-1096319154,Copernicus_DSM_COG_10_S44_00_E171_00_DEM,1,807,0.834,1.684
OSM-1096319160,Copernicus_DSM_COG_10_S44_00_E171_00_DEM,1,425,0.781,1.201
OSM-1096319161,Copernicus_DSM_COG_10_S44_00_E171_00_DEM,1,398,1.035,2.686
OSM-1096319162,Copernicus_DSM_COG_10_S44_00_E171_00_DEM,1,848,0.82,1.807
OSM-1096319163,Copernicus_DSM_COG_10_S44_00_E171_00_DEM,1,664,0.761,1.207
OSM-1096319164,Copernicus_DSM_COG_10_S44_00_E171_00_DEM,1,798,0.641,0.896
OSM-1096319165,Copernicus_DSM_COG_10_S44_00_E171_00_DEM,1,437,0.59,0.843
OSM-1096319166,Copernicus_DSM_COG_10_S44_00_E171_00_DEM,1,404,0.663,1.367
OSM-1096319169,Copernicus_DSM_COG_10_S44_00_E171_00_DEM,1,618,0.561,0.785
OSM-1096319170,Copernicus_DSM_COG_10_S44_00_E171_00_DEM,1,1788,0.545,0.79
OSM-1096319171,Copernicus_DSM_COG_10_S44_00_E171_00_DEM,1,720,0.618,0.996
OSM-1096319175,Copernicus_DSM_COG_10_S44_00_E171_00_DEM,1,1889,0.67,1.13
OSM-1096319176,Copernicus_DSM_COG_10_S44_00_E171_00_DEM,1,767,0.709,1.324
OSM-1096319177,Copernicus_DSM_COG_10_S44_00_E171_00_DEM,1,472,0.561,0.97
OSM-1096319178,Copernicus_DSM_COG_10_S44_00_E171_00_DEM,1,496,0.684,1.289
OSM-1096319182,Copernicus_DSM_COG_10_S44_00_E171_00_DEM,1,772,0.732,1.32
OSM-1096319183,Copernicus_DSM_COG_10_S44_00_E171_00_DEM,1,875,0.723,1.64
OSM-1096319184,Copernicus_DSM_COG_10_S44_00_E171_00_DEM,1,625,0.851,1.581
OSM-1096319950,Copernicus_DSM_COG_10_S44_00_E171_00_DEM,1,650,0.807,1.704
OSM-1096319951,Copernicus_DSM_COG_10_S44_00_E171_00_DEM,1,349,0.701,1.339
OSM-1096319954,Copernicus_DSM_COG_10_S44_00_E171_00_DEM,1,669,0.633,1.077
OSM-1096319955,Copernicus_DSM_COG_10_S44_00_E171_00_DEM,1,820,0.724,1.387
OSM-1096319956,Copernicus_DSM_COG_10_S44_00_E171_00_DEM,1,521,1.304,3.303
OSM-1096319957,Copernicus_DSM_COG_10_S44_00_E171_00_DEM,1,338,0.8,1.075
OSM-1096319958,Copernicus_DSM_COG_10_S44_00_E171_00_DEM,1,494,0.642,0.987
OSM-1096319959,Copernicus_DSM_COG_10_S44_00_E171_00_DEM,1,397,0.551,0.876
OSM-1096319960,Copernicus_DSM_COG_10_S44_00_E171_00_DEM,1,400,0.532,0.828
OSM-1096319961,Copernicus_DSM_COG_10_S44_00_E171_00_DEM,1,1187,0.546,0.851
OSM-1096319966,Copernicus_DSM_COG_10_S44_00_E171_00_DEM,1,345,0.812,1.201
OSM-1096319967,Copernicus_DSM_COG_10_S44_00_E171_00_DEM,1,621,0.628,1.013
OSM-1096319968,Copernicus_DSM_COG_10_S44_00_E171_00_DEM,1,469,0.641,1.059
OSM-1096320865,Copernicus_DSM_COG_10_S44_00_E171_00_DEM,1,505,0.649,1.091
OSM-1096320866,Copernicus_DSM_COG_10_S44_00_E171_00_DEM,1,1143,0.64,1.117
OSM-1096320867,Copernicus_DSM_COG_10_S44_00_E171_00_DEM,1,500,0.921,1.822
OSM-1096320868,Copernicus_DSM_COG_10_S44_00_E171_00_DEM,1,712,0.597,0.974
OSM-1096320869,Copernicus_DSM_COG_10_S44_00_E171_00_DEM,1,1356,0.724,1.117
OSM-1096320871,Copernicus_DSM_COG_10_S44_00_E171_00_DEM,1,718,0.685,1.231
OSM-1096735846,Copernicus_DSM_COG_10_S44_00_E171_00_DEM,1,1142,0.714,1.137
OSM-1096735847,Copernicus_DSM_COG_10_S44_00_E171_00_DEM,1,1301,0.526,0.797
OSM-1096735848,Copernicus_DSM_COG_10_S44_00_E171_00_DEM,1,373,0.661,0.904
OSM-1096735856,Copernicus_DSM_COG_10_S44_00_E171_00_DEM,1,360,0.786,1.729
OSM-1096735857,Copernicus_DSM_COG_10_S44_00_E171_00_DEM,1,940,0.58,0.837
OSM-1096735858,Copernicus_DSM_COG_10_S44_00_E171_00_DEM,1,925,0.553,0.81
OSM-1096735859,Copernicus_DSM_COG_10_S44_00_E171_00_DEM,1,591,0.518,0.765
OSM-1096735860,Copernicus_DSM_COG_10_S44_00_E171_00_DEM,1,782,0.542,0.798
OSM-1096735861,Copernicus_DSM_COG_10_S44_00_E171_00_DEM,1,478,0.499,0.771
OSM-1096735862,Copernicus_DSM_COG_10_S44_00_E171_00_DEM,1,519,0.578,0.862
OSM-1096735865,Copernicus_DSM_COG_10_S44_00_E171_00_DEM,1,1857,0.548,0.806
OSM-1096735866,Copernicus_DSM_COG_10_S44_00_E171_00_DEM,1,879,0.599,0.998
OSM-1096735867,Copernicus_DSM_COG_10_S44_00_E171_00_DEM,1,409,0.633,1.128
OSM-1096735868,Copernicus_DSM_COG_10_S44_00_E171_00_DEM,1,1612,0.569,0.886
OSM-1096735869,Copernicus_DSM_COG_10_S44_00_E171_00_DEM,1,414,0.55,0.88
OSM-1096735870,Copernicus_DSM_COG_10_S44_00_E171_00_DEM,1,821,0.468,0.741
OSM-1096735871,Copernicus_DSM_COG_10_S44_00_E171_00_DEM,1,1016,0.474,0.768
OSM-1096735872,Copernicus_DSM_COG_10_S44_00_E171_00_DEM,1,973,0.54,0.84
OSM-1096735873,Copernicus_DSM_COG_10_S44_00_E171_00_DEM,1,1300,0.534,0.834
OSM-1096735875,Copernicus_DSM_COG_10_S44_00_E171_00_DEM,1,407,0.677,1.066
OSM-1096735879,Copernicus_DSM_COG_10_S44_00_E171_00_DEM,1,348,0.61,0.926
OSM-1096735882,Copernicus_DSM_COG_10_S44_00_E171_00_DEM,1,416,0.953,2.079
OSM-1096807978,Copernicus_DSM_COG_10_S44_00_E171_00_DEM,1,690,0.768,1.285
OSM-1096807979,Copernicus_DSM_COG_10_S44_00_E171_00_DEM,1,658,0.624,0.99
OSM-1096807980,Copernicus_DSM_COG_10_S44_00_E171_00_DEM,1,542,0.613,0.903
OSM-1096807981,Copernicus_DSM_COG_10_S44_00_E171_00_DEM,1,1298,0.591,0.867
OSM-1096807982,Copernicus_DSM_COG_10_S44_00_E171_00_DEM,1,635,0.545,0.759
OSM-1096807984,Copernicus_DSM_COG_10_S44_00_E171_00_DEM,1,565,0.712,1.124
OSM-1096807986,Copernicus_DSM_COG_10_S44_00_E171_00_DEM,1,582,0.578,0.839
OSM-1096807987,Copernicus_DSM_COG_10_S44_00_E171_00_DEM,1,563,0.597,0.961
OSM-1096807988,Copernicus_DSM_COG_10_S44_00_E171_00_DEM,1,574,0.527,0.801
OSM-1096807989,Copernicus_DSM_COG_10_S44_00_E171_00_DEM,1,340,0.57,0.877
OSM-1096807994,Copernicus_DSM_COG_10_S44_00_E171_00_DEM,1,365,0.881,2.288
OSM-1096807996,Copernicus_DSM_COG_10_S44_00_E171_00_DEM,1,825,0.525,0.77
OSM-1096807997,Copernicus_DSM_COG_10_S44_00_E171_00_DEM,1,810,0.627,0.89
OSM-1096807998,Copernicus_DSM_COG_10_S44_00_E171_00_DEM,1,1517,0.563,0.802
OSM-1096808000,Copernicus_DSM_COG_10_S44_00_E171_00_DEM,1,938,0.628,0.889
OSM-1096808001,Copernicus_DSM_COG_10_S44_00_E171_00_DEM,1,1179,0.645,1.075
OSM-1096808002,Copernicus_DSM_COG_10_S44_00_E171_00_DEM,1,875,0.559,0.893
OSM-1096808003,Copernicus_DSM_COG_10_S44_00_E171_00_DEM,1,1122,0.928,1.945
OSM-1096808004,Copernicus_DSM_COG_10_S44_00_E171_00_DEM,1,834,0.881,1.896
OSM-1096808006,Copernicus_DSM_COG_10_S44_00_E171_00_DEM,1,1380,0.711,1.284
OSM-1096845077,Copernicus_DSM_COG_10_S44_00_E171_00_DEM,1,490,1.106,1.543
OSM-1096845078,Copernicus_DSM_COG_10_S44_00_E171_00_DEM,1,476,0.898,1.417
OSM-1096845079,Copernicus_DSM_COG_10_S44_00_E171_00_DEM,1,773,0.891,1.551
OSM-1096845082,Copernicus_DSM_COG_10_S44_00_E171_00_DEM,1,645,1.494,2.555
OSM-1096845087,Copernicus_DSM_COG_10_S44_00_E171_00_DEM,1,348,1.093,1.846
OSM-1096846303,Copernicus_DSM_COG_10_S44_00_E171_00_DEM,1,742,0.875,1.307
OSM-1096846304,Copernicus_DSM_COG_10_S44_00_E171_00_DEM,1,408,1.033,1.83
OSM-1096846308,Copernicus_DSM_COG_10_S44_00_E171_00_DEM,1,381,1.074,1.855
OSM-1096846309,Copernicus_DSM_COG_10_S44_00_E171_00_DEM,1,592,1.115,1.762
OSM-1096846312,Copernicus_DSM_COG_10_S44_00_E171_00_DEM,1,391,1.653,2.081
OSM-1096846316,Copernicus_DSM_COG_10_S44_00_E171_00_DEM,1,786,1.242,2.058
OSM-1096846321,Copernicus_DSM_COG_10_S44_00_E171_00_DEM,1,349,1.667,2.873
OSM-1096846323,Copernicus_DSM_COG_10_S44_00_E171_00_DEM,1,417,1.279,2.209
OSM-1096932490,Copernicus_DSM_COG_10_S44_00_E171_00_DEM,1,682,0.674,1.117
OSM-1096932491,Copernicus_DSM_COG_10_S44_00_E171_00_DEM,1,1059,0.607,0.953
OSM-1096932492,Copernicus_DSM_COG_10_S44_00_E171_00_DEM,1,588,0.52,0.829
OSM-1096932503,Copernicus_DSM_COG_10_S44_00_E171_00_DEM,1,584,0.563,0.927
OSM-1096932509,Copernicus_DSM_COG_10_S44_00_E171_00_DEM,1,915,0.597,0.966
OSM-1096932510,Copernicus_DSM_COG_10_S44_00_E171_00_DEM,1,533,0.584,0.947
OSM-1096932511,Copernicus_DSM_COG_10_S44_00_E171_00_DEM,1,486,0.571,0.878
OSM-1096932512,Copernicus_DSM_COG_10_S44_00_E171_00_DEM,1,2346,0.723,1.489
OSM-1096932517,Copernicus_DSM_COG_10_S44_00_E171_00_DEM,1,1429,0.748,1.196
OSM-1096934553,Copernicus_DSM_COG_10_S44_00_E171_00_DEM,1,537,0.731,1.405
OSM-1096934557,Copernicus_DSM_COG_10_S44_00_E171_00_DEM,1,380,0.706,1.166
OSM-1096934558,Copernicus_DSM_COG_10_S44_00_E171_00_DEM,1,752,0.6,0.949
OSM-1096934562,Copernicus_DSM_COG_10_S44_00_E171_00_DEM,1,681,1.085,2.659
OSM-1096970654,Copernicus_DSM_COG_10_S44_00_E171_00_DEM,1,4634,1.027,1.774
OSM-1096970656,Copernicus_DSM_COG_10_S44_00_E171_00_DEM,1,508,1.626,3.175
OSM-1096970660,Copernicus_DSM_COG_10_S44_00_E171_00_DEM,1,2461,1.109,1.916
OSM-1096970662,Copernicus_DSM_COG_10_S44_00_E171_00_DEM,1,359,1.253,2.356
OSM-1096970663,Copernicus_DSM_COG_10_S44_00_E171_00_DEM,1,1191,1.015,2.098
OSM-1096970664,Copernicus_DSM_COG_10_S44_00_E171_00_DEM,1,629,0.876,1.586
OSM-1096970665,Copernicus_DSM_COG_10_S44_00_E171_00_DEM,1,660,0.913,1.903
OSM-1096970666,Copernicus_DSM_COG_10_S44_00_E171_00_DEM,1,600,0.661,1.121
OSM-1096970667,Copernicus_DSM_COG_10_S44_00_E171_00_DEM,1,555,0.794,1.819
OSM-1096970668,Copernicus_DSM_COG_10_S44_00_E171_00_DEM,1,926,0.693,1.099
OSM-1096970669,Copernicus_DSM_COG_10_S44_00_E171_00_DEM,1,441,0.622,0.972
OSM-1096970670,Copernicus_DSM_COG_10_S44_00_E171_00_DEM,1,2528,0.618,0.962
OSM-1096970671,Copernicus_DSM_COG_10_S44_00_E171_00_DEM,1,681,0.608,0.958
OSM-1097256241,Copernicus_DSM_COG_10_S44_00_E171_00_DEM,1,575,1.148,2.076
OSM-1097256242,Copernicus_DSM_COG_10_S44_00_E171_00_DEM,1,452,1.295,2.246
OSM-1097256244,Copernicus_DSM_COG_10_S44_00_E171_00_DEM,1,568,1.475,2.695
OSM-1097256246,Copernicus_DSM_COG_10_S44_00_E171_00_DEM,1,668,1.816,3.509
OSM-1097256250,Copernicus_DSM_COG_10_S44_00_E171_00_DEM,1,400,1.216,2.239
OSM-1097256252,Copernicus_DSM_COG_10_S44_00_E171_00_DEM,1,364,1.11,2.11
OSM-1097256253,Copernicus_DSM_COG_10_S44_00_E171_00_DEM,1,1813,0.918,1.702
OSM-1097256254,Copernicus_DSM_COG_10_S44_00_E171_00_DEM,1,362,2.099,5.075
OSM-1097256255,Copernicus_DSM_COG_10_S44_00_E171_00_DEM,1,1272,1.241,2.24
OSM-1097256257,Copernicus_DSM_COG_10_S44_00_E171_00_DEM,1,2405,0.673,0.989
OSM-1097256258,Copernicus_DSM_COG_10_S44_00_E171_00_DEM,1,416,1.02,2.77
OSM-1097256259,Copernicus_DSM_COG_10_S44_00_E171_00_DEM,1,1075,0.638,0.99
OSM-1097459651,Copernicus_DSM_COG_10_S44_00_E171_00_DEM,1,371,1.098,3.045
OSM-1097459653,Copernicus_DSM_COG_10_S44_00_E171_00_DEM,1,344,0.887,2.461
OSM-1097459655,Copernicus_DSM_COG_10_S44_00_E171_00_DEM,1,3548,0.68,1.024
OSM-1097459656,Copernicus_DSM_COG_10_S44_00_E171_00_DEM,1,646,0.897,2.635
OSM-1097459657,Copernicus_DSM_COG_10_S44_00_E171_00_DEM,1,1002,0.88,1.771
OSM-1097459658,Copernicus_DSM_COG_10_S44_00_E171_00_DEM,1,1671,0.518,0.823
OSM-1097459659,Copernicus_DSM_COG_10_S44_00_E171_00_DEM,1,691,0.476,0.726
OSM-1097459660,Copernicus_DSM_COG_10_S44_00_E171_00_DEM,1,1115,0.569,0.915
OSM-1097459661,Copernicus_DSM_COG_10_S44_00_E171_00_DEM,1,1072,0.728,1.415
OSM-1097459662,Copernicus_DSM_COG_10_S44_00_E171_00_DEM,1,1698,0.596,1.011
OSM-1097459663,Copernicus_DSM_COG_10_S44_00_E171_00_DEM,1,659,0.599,0.895
OSM-1097460627,Copernicus_DSM_COG_10_S44_00_E171_00_DEM,1,890,0.834,1.302
OSM-1097460639,Copernicus_DSM_COG_10_S44_00_E171_00_DEM,1,361,0.525,0.795
OSM-1097460644,Copernicus_DSM_COG_10_S44_00_E171_00_DEM,1,390,0.7,1.163
OSM-1097460645,Copernicus_DSM_COG_10_S44_00_E171_00_DEM,1,436,1.301,1.744
OSM-1097460646,Copernicus_DSM_COG_10_S44_00_E171_00_DEM,1,445,0.695,1.136
OSM-1097460647,Copernicus_DSM_COG_10_S44_00_E171_00_DEM,1,411,0.475,0.775
OSM-1097487108,Copernicus_DSM_COG_10_S44_00_E171_00_DEM,1,760,0.793,1.397
OSM-1097487110,Copernicus_DSM_COG_10_S44_00_E171_00_DEM,1,1203,0.687,1.159
OSM-1097498857,Copernicus_DSM_COG_10_S44_00_E171_00_DEM,1,697,0.527,0.851
OSM-1097498859,Copernicus_DSM_COG_10_S44_00_E171_00_DEM,1,654,0.574,0.894
OSM-1097498861,Copernicus_DSM_COG_10_S44_00_E171_00_DEM,1,501,0.529,0.816
OSM-1097498863,Copernicus_DSM_COG_10_S44_00_E171_00_DEM,1,707,0.495,0.805
OSM-1097498864,Copernicus_DSM_COG_10_S44_00_E171_00_DEM,1,714,0.621,0.99
OSM-1097498875,Copernicus_DSM_COG_10_S44_00_E171_00_DEM,1,1361,0.618,1.052
OSM-1097498878,Copernicus_DSM_COG_10_S44_00_E171_00_DEM,1,1062,1.006,2.395
OSM-1097498884,Copernicus_DSM_COG_10_S44_00_E171_00_DEM,1,354,0.59,1.031
OSM-1097498888,Copernicus_DSM_COG_10_S44_00_E171_00_DEM,1,360,1.369,3.39
OSM-1097498889,Copernicus_DSM_COG_10_S44_00_E171_00_DEM,1,443,0.756,1.581
OSM-1097498891,Copernicus_DSM_COG_10_S44_00_E171_00_DEM,1,405,0.875,1.756
OSM-1097500434,Copernicus_DSM_COG_10_S44_00_E171_00_DEM,1,1316,0.707,1.634
OSM-1097500436,Copernicus_DSM_COG_10_S44_00_E171_00_DEM,1,375,0.714,1.331
OSM-1097523726,Copernicus_DSM_COG_10_S44_00_E171_00_DEM,1,2235,0.683,1.172
OSM-1097523727,Copernicus_DSM_COG_10_S44_00_E171_00_DEM,1,1678,0.588,0.942
OSM-1097523728,Copernicus_DSM_COG_10_S44_00_E171_00_DEM,1,1300,0.699,1.118
OSM-1097523729,Copernicus_DSM_COG_10_S44_00_E171_00_DEM,1,836,0.579,0.909
OSM-1097523730,Copernicus_DSM_COG_10_S44_00_E171_00_DEM,1,784,0.955,1.717
OSM-1097523731,Copernicus_DSM_COG_10_S44_00_E171_00_DEM,1,768,0.502,0.784
OSM-1097523732,Copernicus_DSM_COG_10_S44_00_E171_00_DEM,1,934,0.586,0.846
OSM-1097523733,Copernicus_DSM_COG_10_S44_00_E171_00_DEM,1,418,0.528,0.808
OSM-1097523734,Copernicus_DSM_COG_10_S44_00_E171_00_DEM,1,342,0.551,0.931
OSM-1097523735,Copernicus_DSM_COG_10_S44_00_E171_00_DEM,1,354,0.509,0.849
OSM-1097523740,Copernicus_DSM_COG_10_S44_00_E171_00_DEM,1,544,0.49,0.859
OSM-1097523741,Copernicus_DSM_COG_10_S44_00_E171_00_DEM,1,494,0.52,0.83
OSM-1097523750,Copernicus_DSM_COG_10_S44_00_E171_00_DEM,1,1065,0.544,0.844
OSM-1097523754,Copernicus_DSM_COG_10_S44_00_E171_00_DEM,1,594,0.48,0.742
OSM-1097545199,Copernicus_DSM_COG_10_S44_00_E171_00_DEM,1,1459,0.735,1.157
OSM-1097545201,Copernicus_DSM_COG_10_S44_00_E171_00_DEM,1,560,0.845,1.667
OSM-1097545203,Copernicus_DSM_COG_10_S44_00_E171_00_DEM,1,443,0.725,1.011
OSM-1097545204,Copernicus_DSM_COG_10_S44_00_E171_00_DEM,1,624,0.784,1.249
OSM-1097545205,Copernicus_DSM_COG_10_S44_00_E171_00_DEM,1,1847,0.654,1.012
OSM-1097545206,Copernicus_DSM_COG_10_S44_00_E171_00_DEM,1,426,0.965,1.478
OSM-1098006711,Copernicus_DSM_COG_10_S44_00_E171_00_DEM,1,407,0.587,1.039
OSM-1098006712,Copernicus_DSM_COG_10_S44_00_E171_00_DEM,1,1801,0.611,1.001
OSM-1098006713,Copernicus_DSM_COG_10_S44_00_E171_00_DEM,1,685,0.484,0.746
OSM-1098006714,Copernicus_DSM_COG_10_S44_00_E171_00_DEM,1,823,0.514,0.888
OSM-1098006715,Copernicus_DSM_COG_10_S44_00_E171_00_DEM,1,365,0.619,1.162
OSM-1098006716,Copernicus_DSM_COG_10_S44_00_E171_00_DEM,1,1395,0.561,0.961
OSM-1098006717,Copernicus_DSM_COG_10_S44_00_E171_00_DEM,1,376,0.559,0.994
OSM-1098006718,Copernicus_DSM_COG_10_S44_00_E171_00_DEM,1,611,0.544,0.885
OSM-1098006719,Copernicus_DSM_COG_10_S44_00_E171_00_DEM,1,467,0.832,1.749
OSM-1098006720,Copernicus_DSM_COG_10_S44_00_E171_00_DEM,1,854,0.917,1.589
OSM-1098006722,Copernicus_DSM_COG_10_S44_00_E171_00_DEM,1,350,0.718,1.255
OSM-1098006725,Copernicus_DSM_COG_10_S44_00_E171_00_DEM,1,969,0.785,1.69
OSM-1098006726,Copernicus_DSM_COG_10_S44_00_E171_00_DEM,1,557,0.609,1.149
OSM-1098006728,Copernicus_DSM_COG_10_S44_00_E171_00_DEM,1,732,0.556,0.928
OSM-1098006730,Copernicus_DSM_COG_10_S44_00_E171_00_DEM,1,477,1.138,1.025
OSM-1098006731,Copernicus_DSM_COG_10_S44_00_E171_00_DEM,1,2445,0.865,1.547
OSM-1098006732,Copernicus_DSM_COG_10_S44_00_E171_00_DEM,1,438,0.663,1.159
OSM-1098066463,Copernicus_DSM_COG_10_S44_00_E171_00_DEM;Copernicus_DSM_COG_10_S44_00_E172_00_DEM,2,1103,0.873,1.619
OSM-1098066478,Copernicus_DSM_COG_10_S44_00_E171_00_DEM,1,351,1.0,1.974
OSM-1098066479,Copernicus_DSM_COG_10_S44_00_E171_00_DEM,1,422,0.701,1.183
OSM-1098066480,Copernicus_DSM_COG_10_S44_00_E171_00_DEM,1,398,0.764,1.289
OSM-1098066481,Copernicus_DSM_COG_10_S44_00_E171_00_DEM,1,387,0.802,1.76
OSM-1098066484,Copernicus_DSM_COG_10_S44_00_E171_00_DEM,1,677,0.782,1.395
OSM-1098066485,Copernicus_DSM_COG_10_S44_00_E171_00_DEM,1,905,0.828,1.476
OSM-1098068096,Copernicus_DSM_COG_10_S44_00_E171_00_DEM,1,1138,1.58,3.158
OSM-1098068097,Copernicus_DSM_COG_10_S44_00_E171_00_DEM,1,491,0.771,1.242
OSM-1098328060,Copernicus_DSM_COG_10_S44_00_E171_00_DEM,1,1100,0.875,1.664
OSM-1098328061,Copernicus_DSM_COG_10_S44_00_E171_00_DEM,1,1216,0.851,1.679
OSM-1098328064,Copernicus_DSM_COG_10_S44_00_E171_00_DEM,1,787,1.067,2.39
OSM-1098328065,Copernicus_DSM_COG_10_S44_00_E171_00_DEM,1,964,0.963,1.882
OSM-1098328066,Copernicus_DSM_COG_10_S44_00_E171_00_DEM,1,346,0.8,1.414
OSM-1098328067,Copernicus_DSM_COG_10_S44_00_E171_00_DEM,1,1265,0.929,1.694
OSM-1098328069,Copernicus_DSM_COG_10_S44_00_E171_00_DEM,1,857,0.931,1.834
OSM-1098328071,Copernicus_DSM_COG_10_S44_00_E171_00_DEM,1,374,0.656,1.204
OSM-1098328072,Copernicus_DSM_COG_10_S44_00_E171_00_DEM,1,385,0.942,1.832
OSM-1098328073,Copernicus_DSM_COG_10_S44_00_E171_00_DEM,1,351,1.011,1.927
OSM-1098328075,Copernicus_DSM_COG_10_S44_00_E171_00_DEM,1,712,0.758,1.307
OSM-1098328077,Copernicus_DSM_COG_10_S44_00_E171_00_DEM,1,886,1.276,2.572
OSM-1098328079,Copernicus_DSM_COG_10_S44_00_E171_00_DEM,1,463,1.293,2.907
OSM-1098328081,Copernicus_DSM_COG_10_S44_00_E171_00_DEM,1,487,1.061,1.901
OSM-1098328082,Copernicus_DSM_COG_10_S44_00_E171_00_DEM,1,422,2.17,6.124
OSM-1098328092,Copernicus_DSM_COG_10_S44_00_E171_00_DEM,1,478,3.168,9.671
OSM-1098328873,Copernicus_DSM_COG_10_S44_00_E171_00_DEM,1,3011,0.578,0.911
OSM-1098328874,Copernicus_DSM_COG_10_S44_00_E171_00_DEM,1,3244,0.862,1.621
OSM-1098328875,Copernicus_DSM_COG_10_S44_00_E171_00_DEM,1,8935,0.984,1.929
OSM-1098328877,Copernicus_DSM_COG_10_S44_00_E171_00_DEM,1,1337,1.368,2.643
OSM-1098328878,Copernicus_DSM_COG_10_S44_00_E171_00_DEM,1,601,1.543,4.727
OSM-1098328879,Copernicus_DSM_COG_10_S44_00_E171_00_DEM,1,1406,0.861,1.671
OSM-1098328880,Copernicus_DSM_COG_10_S44_00_E171_00_DEM,1,745,0.836,1.47
OSM-1098360996,Copernicus_DSM_COG_10_S44_00_E171_00_DEM,1,1797,0.686,1.053
OSM-1098360997,Copernicus_DSM_COG_10_S44_00_E171_00_DEM,1,2193,0.62,0.95
OSM-1098360998,Copernicus_DSM_COG_10_S44_00_E171_00_DEM,1,364,0.547,0.8
OSM-1098360999,Copernicus_DSM_COG_10_S44_00_E171_00_DEM,1,606,0.563,0.831
OSM-1098361000,Copernicus_DSM_COG_10_S44_00_E171_00_DEM,1,2385,0.661,1.043
OSM-1098361002,Copernicus_DSM_COG_10_S44_00_E171_00_DEM,1,1848,0.622,1.03
OSM-1098361004,Copernicus_DSM_COG_10_S44_00_E171_00_DEM,1,402,0.618,0.983
OSM-1098361006,Copernicus_DSM_COG_10_S44_00_E171_00_DEM,1,890,0.569,0.924
OSM-1098361007,Copernicus_DSM_COG_10_S44_00_E171_00_DEM,1,924,0.592,0.919
OSM-1098361008,Copernicus_DSM_COG_10_S44_00_E171_00_DEM,1,834,0.646,1.028
OSM-1098361010,Copernicus_DSM_COG_10_S44_00_E171_00_DEM,1,621,0.673,1.097
OSM-1098361012,Copernicus_DSM_COG_10_S44_00_E171_00_DEM,1,404,0.499,0.78
OSM-1098361018,Copernicus_DSM_COG_10_S44_00_E171_00_DEM,1,1671,0.895,1.191
OSM-1098361019,Copernicus_DSM_COG_10_S44_00_E171_00_DEM,1,511,0.619,1.054
OSM-1098361024,Copernicus_DSM_COG_10_S44_00_E171_00_DEM,1,1000,0.474,0.74
OSM-1098361026,Copernicus_DSM_COG_10_S44_00_E171_00_DEM,1,3235,0.534,0.814
OSM-1098361027,Copernicus_DSM_COG_10_S44_00_E171_00_DEM,1,1802,0.619,0.962
OSM-1098361028,Copernicus_DSM_COG_10_S44_00_E171_00_DEM,1,4162,0.592,0.923
OSM-1098361029,Copernicus_DSM_COG_10_S44_00_E171_00_DEM,1,408,0.679,1.523
OSM-1098361030,Copernicus_DSM_COG_10_S44_00_E171_00_DEM,1,388,0.626,1.127
OSM-1098361033,Copernicus_DSM_COG_10_S44_00_E171_00_DEM,1,738,0.517,0.756
OSM-1098361034,Copernicus_DSM_COG_10_S44_00_E171_00_DEM,1,1883,0.485,0.735
OSM-1098361036,Copernicus_DSM_COG_10_S44_00_E171_00_DEM,1,519,0.547,0.758
OSM-1098361038,Copernicus_DSM_COG_10_S44_00_E171_00_DEM,1,424,0.64,1.294
OSM-1098361039,Copernicus_DSM_COG_10_S44_00_E171_00_DEM,1,1141,0.73,1.107
OSM-1098361040,Copernicus_DSM_COG_10_S44_00_E171_00_DEM,1,814,0.529,0.832
OSM-1098361041,Copernicus_DSM_COG_10_S44_00_E171_00_DEM,1,451,0.543,0.917
OSM-1098361046,Copernicus_DSM_COG_10_S44_00_E171_00_DEM,1,371,0.495,0.811
OSM-1098361050,Copernicus_DSM_COG_10_S44_00_E171_00_DEM,1,870,0.821,1.364
OSM-1098361051,Copernicus_DSM_COG_10_S44_00_E171_00_DEM,1,2636,0.771,1.736
OSM-1098361052,Copernicus_DSM_COG_10_S44_00_E171_00_DEM,1,738,0.575,0.918
OSM-1098385789,Copernicus_DSM_COG_10_S44_00_E171_00_DEM,1,3962,0.551,0.834
OSM-1098385790,Copernicus_DSM_COG_10_S44_00_E171_00_DEM,1,2285,0.821,1.806
OSM-1098385796,Copernicus_DSM_COG_10_S44_00_E171_00_DEM,1,557,0.476,0.751
OSM-1098385798,Copernicus_DSM_COG_10_S44_00_E171_00_DEM,1,376,0.73,1.421
OSM-1098385799,Copernicus_DSM_COG_10_S44_00_E171_00_DEM,1,562,0.51,0.787
OSM-1098385810,Copernicus_DSM_COG_10_S44_00_E171_00_DEM,1,415,0.533,0.821
OSM-1098385812,Copernicus_DSM_COG_10_S44_00_E171_00_DEM,1,398,0.578,0.938
OSM-1098385813,Copernicus_DSM_COG_10_S44_00_E171_00_DEM,1,1646,0.582,0.891
OSM-1098385814,Copernicus_DSM_COG_10_S44_00_E171_00_DEM,1,1233,0.626,0.986
OSM-1098385815,Copernicus_DSM_COG_10_S44_00_E171_00_DEM,1,934,1.13,2.771
OSM-1098385817,Copernicus_DSM_COG_10_S44_00_E171_00_DEM,1,442,0.748,1.484
OSM-1098385828,Copernicus_DSM_COG_10_S44_00_E171_00_DEM,1,2763,0.575,0.894
OSM-1098385833,Copernicus_DSM_COG_10_S44_00_E171_00_DEM,1,409,3.309,13.472
OSM-1098385836,Copernicus_DSM_COG_10_S44_00_E171_00_DEM,1,1093,0.519,0.812
OSM-1098385837,Copernicus_DSM_COG_10_S44_00_E171_00_DEM,1,1694,0.457,0.699
OSM-1098385838,Copernicus_DSM_COG_10_S44_00_E171_00_DEM,1,2699,0.558,0.858
OSM-1098385930,Copernicus_DSM_COG_10_S44_00_E171_00_DEM,1,874,0.691,1.404
OSM-1098387700,Copernicus_DSM_COG_10_S44_00_E171_00_DEM,1,1258,0.619,1.005
OSM-1098387702,Copernicus_DSM_COG_10_S44_00_E171_00_DEM,1,657,2.183,3.873
OSM-1098387703,Copernicus_DSM_COG_10_S44_00_E171_00_DEM,1,428,2.042,2.247
OSM-1098387704,Copernicus_DSM_COG_10_S44_00_E171_00_DEM,1,1252,0.966,1.863
OSM-1098387705,Copernicus_DSM_COG_10_S44_00_E171_00_DEM,1,1412,0.726,1.002
OSM-1098387709,Copernicus_DSM_COG_10_S44_00_E171_00_DEM,1,718,0.587,0.888
OSM-1098387711,Copernicus_DSM_COG_10_S44_00_E171_00_DEM,1,834,1.785,1.986
OSM-1098387712,Copernicus_DSM_COG_10_S44_00_E171_00_DEM,1,712,1.439,1.55
OSM-1098387713,Copernicus_DSM_COG_10_S44_00_E171_00_DEM,1,397,1.644,3.395
OSM-1098387716,Copernicus_DSM_COG_10_S44_00_E171_00_DEM,1,582,3.35,6.274
OSM-1098387719,Copernicus_DSM_COG_10_S44_00_E171_00_DEM,1,516,0.885,1.861
OSM-1098387720,Copernicus_DSM_COG_10_S44_00_E171_00_DEM,1,1891,0.738,1.014
OSM-1098387721,Copernicus_DSM_COG_10_S44_00_E171_00_DEM,1,871,0.744,1.336
OSM-1098387722,Copernicus_DSM_COG_10_S44_00_E171_00_DEM,1,1081,0.769,1.423
OSM-1098388701,Copernicus_DSM_COG_10_S44_00_E171_00_DEM,1,803,0.857,1.574
OSM-1098388702,Copernicus_DSM_COG_10_S44_00_E171_00_DEM,1,520,0.862,1.541
OSM-1098388703,Copernicus_DSM_COG_10_S44_00_E171_00_DEM,1,391,1.103,2.031
OSM-1098388710,Copernicus_DSM_COG_10_S44_00_E171_00_DEM,1,635,0.806,1.336
OSM-1098388712,Copernicus_DSM_COG_10_S44_00_E171_00_DEM,1,978,0.83,1.244
OSM-1098502964,Copernicus_DSM_COG_10_S44_00_E171_00_DEM,1,514,0.545,0.935
OSM-1098502965,Copernicus_DSM_COG_10_S44_00_E171_00_DEM,1,571,0.658,1.048
OSM-1098502968,Copernicus_DSM_COG_10_S44_00_E171_00_DEM,1,1548,0.631,0.99
OSM-1098502976,Copernicus_DSM_COG_10_S44_00_E171_00_DEM,1,1429,0.599,0.937
OSM-1098502977,Copernicus_DSM_COG_10_S44_00_E171_00_DEM,1,755,0.556,0.827
OSM-1098502979,Copernicus_DSM_COG_10_S44_00_E171_00_DEM,1,354,1.404,3.625
OSM-1098502980,Copernicus_DSM_COG_10_S44_00_E171_00_DEM,1,435,0.485,0.712
OSM-1098502983,Copernicus_DSM_COG_10_S44_00_E171_00_DEM,1,841,0.68,0.888
OSM-1098502984,Copernicus_DSM_COG_10_S44_00_E171_00_DEM,1,884,0.766,1.211
OSM-1098502987,Copernicus_DSM_COG_10_S44_00_E171_00_DEM,1,526,0.994,2.753
OSM-1098502988,Copernicus_DSM_COG_10_S44_00_E171_00_DEM,1,513,0.86,1.587
OSM-1098502990,Copernicus_DSM_COG_10_S44_00_E171_00_DEM,1,444,0.621,0.912
OSM-1098502994,Copernicus_DSM_COG_10_S44_00_E171_00_DEM,1,869,0.655,1.155
OSM-1098639901,Copernicus_DSM_COG_10_S44_00_E171_00_DEM,1,483,1.086,2.663
OSM-1098639902,Copernicus_DSM_COG_10_S44_00_E171_00_DEM,1,756,0.712,1.11
OSM-1098639903,Copernicus_DSM_COG_10_S44_00_E171_00_DEM,1,739,0.77,1.361
OSM-1098639904,Copernicus_DSM_COG_10_S44_00_E171_00_DEM,1,788,0.786,1.385
OSM-1098639905,Copernicus_DSM_COG_10_S44_00_E171_00_DEM,1,1142,0.646,1.035
OSM-1098639907,Copernicus_DSM_COG_10_S44_00_E171_00_DEM,1,389,1.161,3.302
OSM-1098639911,Copernicus_DSM_COG_10_S44_00_E171_00_DEM,1,686,0.753,1.083
OSM-1098639912,Copernicus_DSM_COG_10_S44_00_E171_00_DEM,1,431,0.59,1.003
OSM-1098639918,Copernicus_DSM_COG_10_S44_00_E171_00_DEM,1,1159,0.753,1.144
OSM-1098639919,Copernicus_DSM_COG_10_S44_00_E171_00_DEM,1,3551,0.839,1.278
OSM-1098639920,Copernicus_DSM_COG_10_S44_00_E171_00_DEM,1,2851,0.993,1.87
OSM-1098639924,Copernicus_DSM_COG_10_S44_00_E171_00_DEM,1,1055,1.021,1.975
OSM-1098640361,Copernicus_DSM_COG_10_S44_00_E171_00_DEM,1,454,1.289,2.724
OSM-1098640371,Copernicus_DSM_COG_10_S44_00_E171_00_DEM,1,340,0.865,1.25
OSM-1098640373,Copernicus_DSM_COG_10_S44_00_E171_00_DEM,1,385,0.825,1.177
OSM-1098640374,Copernicus_DSM_COG_10_S44_00_E171_00_DEM,1,605,1.003,1.75
OSM-1098640376,Copernicus_DSM_COG_10_S44_00_E171_00_DEM,1,377,0.807,1.247
OSM-1098640377,Copernicus_DSM_COG_10_S44_00_E171_00_DEM,1,580,1.054,2.038
OSM-1098640378,Copernicus_DSM_COG_10_S44_00_E171_00_DEM,1,406,0.789,1.097
OSM-1098640847,Copernicus_DSM_COG_10_S44_00_E171_00_DEM,1,616,0.946,1.97
OSM-1098804633,Copernicus_DSM_COG_10_S44_00_E171_00_DEM,1,3106,0.67,1.07
OSM-1098804634,Copernicus_DSM_COG_10_S44_00_E171_00_DEM,1,1065,0.796,1.284
OSM-1098804635,Copernicus_DSM_COG_10_S44_00_E171_00_DEM,1,621,0.857,1.516
OSM-1098804636,Copernicus_DSM_COG_10_S44_00_E171_00_DEM,1,719,0.717,1.198
OSM-1098804637,Copernicus_DSM_COG_10_S44_00_E171_00_DEM,1,865,0.867,1.387
OSM-1098804638,Copernicus_DSM_COG_10_S44_00_E171_00_DEM,1,838,0.616,0.853
OSM-1098804640,Copernicus_DSM_COG_10_S44_00_E171_00_DEM,1,682,0.706,1.197
OSM-1098804641,Copernicus_DSM_COG_10_S44_00_E171_00_DEM,1,548,0.595,0.94
OSM-1098804642,Copernicus_DSM_COG_10_S44_00_E171_00_DEM,1,681,0.845,1.308
OSM-1098804643,Copernicus_DSM_COG_10_S44_00_E171_00_DEM,1,983,0.702,1.17
OSM-1098804644,Copernicus_DSM_COG_10_S44_00_E171_00_DEM,1,537,0.763,1.14
OSM-1098804646,Copernicus_DSM_COG_10_S44_00_E171_00_DEM,1,444,0.816,1.594
OSM-1098804649,Copernicus_DSM_COG_10_S44_00_E171_00_DEM,1,446,0.945,1.54
OSM-1098807468,Copernicus_DSM_COG_10_S44_00_E172_00_DEM,1,975,0.997,1.479
OSM-1098807469,Copernicus_DSM_COG_10_S44_00_E172_00_DEM,1,846,1.376,3.062
OSM-1098807470,Copernicus_DSM_COG_10_S44_00_E172_00_DEM,1,748,1.511,3.058
OSM-1098809630,Copernicus_DSM_COG_10_S44_00_E172_00_DEM,1,413,0.879,1.847
OSM-1098809635,Copernicus_DSM_COG_10_S44_00_E172_00_DEM,1,540,1.017,2.087
OSM-1098809637,Copernicus_DSM_COG_10_S44_00_E172_00_DEM,1,479,1.256,3.054
OSM-1098809638,Copernicus_DSM_COG_10_S44_00_E172_00_DEM,1,525,1.144,2.998
OSM-1098809641,Copernicus_DSM_COG_10_S44_00_E172_00_DEM,1,386,0.675,1.165
OSM-1098842527,Copernicus_DSM_COG_10_S44_00_E172_00_DEM,1,584,1.149,2.964
OSM-1098842536,Copernicus_DSM_COG_10_S44_00_E172_00_DEM,1,651,1.173,3.619
OSM-1098842537,Copernicus_DSM_COG_10_S44_00_E172_00_DEM,1,560,0.967,2.543
OSM-1098842549,Copernicus_DSM_COG_10_S44_00_E172_00_DEM,1,620,1.039,2.065
OSM-1098842550,Copernicus_DSM_COG_10_S44_00_E172_00_DEM,1,658,1.357,3.432
OSM-1098842553,Copernicus_DSM_COG_10_S44_00_E172_00_DEM,1,542,0.958,1.537
OSM-1098842555,Copernicus_DSM_COG_10_S44_00_E172_00_DEM,1,751,1.223,3.04
OSM-1098842561,Copernicus_DSM_COG_10_S44_00_E172_00_DEM,1,358,0.851,1.74
OSM-1098897292,Copernicus_DSM_COG_10_S44_00_E172_00_DEM,1,477,1.167,2.938
OSM-1098933740,Copernicus_DSM_COG_10_S44_00_E172_00_DEM,1,497,1.769,5.242
OSM-1098933758,Copernicus_DSM_COG_10_S44_00_E172_00_DEM,1,427,1.369,3.545
OSM-1098933760,Copernicus_DSM_COG_10_S44_00_E172_00_DEM,1,1307,1.555,4.074
OSM-1098933763,Copernicus_DSM_COG_10_S44_00_E172_00_DEM,1,374,1.954,5.013
OSM-1098936394,Copernicus_DSM_COG_10_S44_00_E172_00_DEM,1,786,0.789,1.557
OSM-1098936396,Copernicus_DSM_COG_10_S44_00_E172_00_DEM,1,726,0.749,1.239
OSM-1098936398,Copernicus_DSM_COG_10_S44_00_E172_00_DEM,1,416,0.943,2.296
OSM-1098936401,Copernicus_DSM_COG_10_S44_00_E172_00_DEM,1,360,0.873,1.713
OSM-1098936403,Copernicus_DSM_COG_10_S44_00_E172_00_DEM,1,383,0.749,1.369
OSM-1098943667,Copernicus_DSM_COG_10_S44_00_E171_00_DEM,1,853,0.74,1.105
OSM-1098943671,Copernicus_DSM_COG_10_S44_00_E171_00_DEM,1,351,0.828,1.222
OSM-1098943675,Copernicus_DSM_COG_10_S44_00_E171_00_DEM,1,818,0.796,1.416
OSM-1099314209,Copernicus_DSM_COG_10_S44_00_E171_00_DEM,1,447,1.008,2.404
OSM-1099314210,Copernicus_DSM_COG_10_S44_00_E171_00_DEM,1,780,0.645,0.963
OSM-1099314212,Copernicus_DSM_COG_10_S44_00_E171_00_DEM,1,474,0.692,1.171
OSM-1099314213,Copernicus_DSM_COG_10_S44_00_E171_00_DEM,1,1170,0.663,1.035
OSM-1099314216,Copernicus_DSM_COG_10_S44_00_E171_00_DEM,1,573,0.649,0.937
OSM-1099314217,Copernicus_DSM_COG_10_S44_00_E171_00_DEM,1,1166,0.656,0.979
OSM-1099314218,Copernicus_DSM_COG_10_S44_00_E171_00_DEM,1,625,0.649,0.988
OSM-1099314220,Copernicus_DSM_COG_10_S44_00_E171_00_DEM,1,409,0.762,1.44
OSM-1099314221,Copernicus_DSM_COG_10_S44_00_E171_00_DEM,1,3174,0.633,0.988
OSM-1099314222,Copernicus_DSM_COG_10_S44_00_E171_00_DEM,1,699,0.815,1.175
OSM-1099314223,Copernicus_DSM_COG_10_S44_00_E171_00_DEM,1,832,0.726,1.271
OSM-1099314224,Copernicus_DSM_COG_10_S44_00_E171_00_DEM,1,858,0.919,1.96
OSM-1099314225,Copernicus_DSM_COG_10_S44_00_E171_00_DEM,1,376,0.685,1.03
OSM-1099314235,Copernicus_DSM_COG_10_S44_00_E171_00_DEM,1,736,0.672,1.048
OSM-1099314238,Copernicus_DSM_COG_10_S44_00_E171_00_DEM,1,453,0.731,1.356
OSM-1099314239,Copernicus_DSM_COG_10_S44_00_E171_00_DEM,1,351,0.67,1.045
OSM-1099314241,Copernicus_DSM_COG_10_S44_00_E171_00_DEM,1,1813,0.82,1.089
OSM-1099314936,Copernicus_DSM_COG_10_S44_00_E171_00_DEM,1,526,0.655,0.903
OSM-1099340109,Copernicus_DSM_COG_10_S44_00_E172_00_DEM,1,444,0.709,1.366
OSM-1099340114,Copernicus_DSM_COG_10_S44_00_E172_00_DEM,1,748,0.666,1.061
OSM-1099340129,Copernicus_DSM_COG_10_S44_00_E172_00_DEM,1,545,0.795,1.468
OSM-1099340130,Copernicus_DSM_COG_10_S44_00_E172_00_DEM,1,865,1.132,2.79
OSM-1099340135,Copernicus_DSM_COG_10_S44_00_E172_00_DEM,1,497,1.587,4.909
OSM-1099340136,Copernicus_DSM_COG_10_S44_00_E172_00_DEM,1,748,1.27,2.819
OSM-1099340137,Copernicus_DSM_COG_10_S44_00_E172_00_DEM,1,350,0.751,1.268
OSM-1099340142,Copernicus_DSM_COG_10_S44_00_E172_00_DEM,1,519,1.01,2.283
OSM-1099419873,Copernicus_DSM_COG_10_S44_00_E172_00_DEM,1,606,1.19,2.707
OSM-1099419875,Copernicus_DSM_COG_10_S44_00_E172_00_DEM,1,412,1.274,3.049
OSM-1099438921,Copernicus_DSM_COG_10_S44_00_E172_00_DEM,1,1465,1.201,2.417
OSM-1099438927,Copernicus_DSM_COG_10_S44_00_E172_00_DEM,1,852,0.825,1.86
OSM-1099438928,Copernicus_DSM_COG_10_S44_00_E172_00_DEM,1,688,0.841,1.551
OSM-1099441503,Copernicus_DSM_COG_10_S44_00_E172_00_DEM,1,548,1.187,2.43
OSM-1099642754,Copernicus_DSM_COG_10_S44_00_E171_00_DEM,1,1237,0.797,1.414
OSM-1099642760,Copernicus_DSM_COG_10_S44_00_E171_00_DEM,1,481,0.919,1.903
OSM-1099643169,Copernicus_DSM_COG_10_S44_00_E171_00_DEM,1,387,0.995,2.106
OSM-1099643170,Copernicus_DSM_COG_10_S44_00_E171_00_DEM,1,853,0.568,0.925
OSM-1099643174,Copernicus_DSM_COG_10_S44_00_E171_00_DEM,1,433,0.595,0.957
OSM-1099643175,Copernicus_DSM_COG_10_S44_00_E171_00_DEM,1,748,0.765,1.393
OSM-1099844187,Copernicus_DSM_COG_10_S44_00_E172_00_DEM,1,333,0.623,1.037
OSM-1099844189,Copernicus_DSM_COG_10_S44_00_E172_00_DEM,1,387,0.925,1.804
OSM-1099844190,Copernicus_DSM_COG_10_S44_00_E172_00_DEM,1,401,0.821,1.339
OSM-1099844193,Copernicus_DSM_COG_10_S44_00_E172_00_DEM,1,1147,0.649,1.094
OSM-1099844195,Copernicus_DSM_COG_10_S44_00_E172_00_DEM,1,1688,0.843,1.552
OSM-1099844196,Copernicus_DSM_COG_10_S44_00_E172_00_DEM,1,880,0.66,1.108
OSM-1099844197,Copernicus_DSM_COG_10_S44_00_E172_00_DEM,1,810,0.635,1.034
OSM-1099844199,Copernicus_DSM_COG_10_S44_00_E172_00_DEM,1,602,0.564,0.946
OSM-1099844200,Copernicus_DSM_COG_10_S44_00_E172_00_DEM,1,906,0.779,1.407
OSM-1099844201,Copernicus_DSM_COG_10_S44_00_E172_00_DEM,1,1098,0.66,0.999
OSM-1099844202,Copernicus_DSM_COG_10_S44_00_E172_00_DEM,1,1164,0.727,1.192
OSM-1099844203,Copernicus_DSM_COG_10_S44_00_E172_00_DEM,1,895,0.77,1.384
OSM-1099844204,Copernicus_DSM_COG_10_S44_00_E172_00_DEM,1,1779,0.609,0.933
OSM-1099844205,Copernicus_DSM_COG_10_S44_00_E172_00_DEM,1,1123,0.713,1.329
OSM-1099844206,Copernicus_DSM_COG_10_S44_00_E172_00_DEM,1,1680,0.668,1.137
OSM-1099844207,Copernicus_DSM_COG_10_S44_00_E172_00_DEM,1,417,0.684,1.167
OSM-1099844209,Copernicus_DSM_COG_10_S44_00_E172_00_DEM,1,1591,0.605,1.015
OSM-1099844210,Copernicus_DSM_COG_10_S44_00_E172_00_DEM,1,580,0.575,0.895
OSM-1099844211,Copernicus_DSM_COG_10_S44_00_E172_00_DEM,1,799,0.536,0.884
OSM-1099844212,Copernicus_DSM_COG_10_S44_00_E172_00_DEM,1,588,0.759,1.21
OSM-1099844215,Copernicus_DSM_COG_10_S44_00_E172_00_DEM,1,1234,0.619,1.003
OSM-1099844216,Copernicus_DSM_COG_10_S44_00_E172_00_DEM,1,558,0.865,1.924
OSM-1099844217,Copernicus_DSM_COG_10_S44_00_E172_00_DEM,1,552,0.779,1.914
OSM-1099844218,Copernicus_DSM_COG_10_S44_00_E172_00_DEM,1,765,0.77,1.753
OSM-1099844219,Copernicus_DSM_COG_10_S44_00_E172_00_DEM,1,563,0.541,0.866
OSM-1099844220,Copernicus_DSM_COG_10_S44_00_E172_00_DEM,1,1110,0.81,1.558
OSM-1099844222,Copernicus_DSM_COG_10_S44_00_E172_00_DEM,1,508,0.568,1.013
OSM-1099844224,Copernicus_DSM_COG_10_S44_00_E172_00_DEM,1,969,0.672,1.189
OSM-1099844225,Copernicus_DSM_COG_10_S44_00_E172_00_DEM,1,1036,0.704,1.2
OSM-1099844227,Copernicus_DSM_COG_10_S44_00_E172_00_DEM,1,371,0.606,0.945
OSM-1099844228,Copernicus_DSM_COG_10_S44_00_E172_00_DEM,1,701,0.619,0.948
OSM-1099844229,Copernicus_DSM_COG_10_S44_00_E172_00_DEM,1,426,0.69,1.177
OSM-1099844230,Copernicus_DSM_COG_10_S44_00_E172_00_DEM,1,373,0.539,0.868
OSM-1099906128,Copernicus_DSM_COG_10_S44_00_E172_00_DEM,1,341,0.591,1.091
OSM-1099906138,Copernicus_DSM_COG_10_S44_00_E172_00_DEM,1,517,1.155,2.99
OSM-1099906143,Copernicus_DSM_COG_10_S44_00_E172_00_DEM,1,739,0.737,1.415
OSM-1099906150,Copernicus_DSM_COG_10_S44_00_E172_00_DEM,1,406,0.685,1.714
OSM-1099913347,Copernicus_DSM_COG_10_S44_00_E172_00_DEM,1,1384,0.546,0.874
OSM-1099913352,Copernicus_DSM_COG_10_S44_00_E172_00_DEM,1,1137,0.61,1.012
OSM-1099913353,Copernicus_DSM_COG_10_S44_00_E172_00_DEM,1,891,0.572,0.901
OSM-1099913354,Copernicus_DSM_COG_10_S44_00_E172_00_DEM,1,707,0.689,1.114
OSM-1099913363,Copernicus_DSM_COG_10_S44_00_E172_00_DEM,1,1135,0.529,0.785
OSM-1099913368,Copernicus_DSM_COG_10_S44_00_E172_00_DEM,1,351,1.18,2.934
OSM-1099915728,Copernicus_DSM_COG_10_S44_00_E172_00_DEM,1,332,0.595,1.128
OSM-1099915742,Copernicus_DSM_COG_10_S44_00_E172_00_DEM,1,371,0.546,0.972
OSM-1100610763,Copernicus_DSM_COG_10_S44_00_E172_00_DEM,1,627,0.773,0.87
OSM-1100610764,Copernicus_DSM_COG_10_S44_00_E172_00_DEM,1,376,2.388,6.257
OSM-1100610792,Copernicus_DSM_COG_10_S44_00_E172_00_DEM,1,371,0.895,2.095
OSM-1100610794,Copernicus_DSM_COG_10_S44_00_E172_00_DEM,1,548,2.104,7.163
OSM-1100610795,Copernicus_DSM_COG_10_S44_00_E172_00_DEM,1,644,0.851,1.684
OSM-1100728331,Copernicus_DSM_COG_10_S44_00_E172_00_DEM,1,412,0.536,0.947
OSM-1100817288,Copernicus_DSM_COG_10_S44_00_E172_00_DEM,1,894,1.116,2.48
OSM-1100817290,Copernicus_DSM_COG_10_S44_00_E172_00_DEM,1,633,0.785,1.37
OSM-1100817293,Copernicus_DSM_COG_10_S44_00_E172_00_DEM,1,460,0.764,1.257
OSM-1100817296,Copernicus_DSM_COG_10_S44_00_E172_00_DEM,1,350,2.365,9.162
OSM-1100817311,Copernicus_DSM_COG_10_S44_00_E172_00_DEM,1,395,0.612,1.051
OSM-1100817322,Copernicus_DSM_COG_10_S44_00_E172_00_DEM,1,676,0.516,0.787
OSM-1100817323,Copernicus_DSM_COG_10_S44_00_E172_00_DEM,1,404,0.543,0.84
OSM-1100957878,Copernicus_DSM_COG_10_S44_00_E172_00_DEM,1,445,0.48,0.855
OSM-1100957879,Copernicus_DSM_COG_10_S44_00_E172_00_DEM,1,362,0.475,0.622
OSM-1100957905,Copernicus_DSM_COG_10_S44_00_E172_00_DEM,1,335,0.614,1.061
OSM-1100957912,Copernicus_DSM_COG_10_S44_00_E172_00_DEM,1,537,0.47,0.767
OSM-1100957914,Copernicus_DSM_COG_10_S44_00_E172_00_DEM,1,365,1.496,3.132
OSM-1100957918,Copernicus_DSM_COG_10_S44_00_E172_00_DEM,1,409,0.449,0.71
OSM-1100957919,Copernicus_DSM_COG_10_S44_00_E172_00_DEM,1,427,0.355,0.588
OSM-1100957920,Copernicus_DSM_COG_10_S44_00_E172_00_DEM,1,569,0.63,0.783
OSM-1100957921,Copernicus_DSM_COG_10_S44_00_E172_00_DEM,1,753,0.713,1.433
OSM-1100957923,Copernicus_DSM_COG_10_S44_00_E172_00_DEM,1,697,0.61,0.918
OSM-1100957924,Copernicus_DSM_COG_10_S44_00_E172_00_DEM,1,477,0.82,1.313
OSM-1100957925,Copernicus_DSM_COG_10_S44_00_E172_00_DEM,1,396,0.727,1.59
OSM-1100957926,Copernicus_DSM_COG_10_S44_00_E172_00_DEM,1,603,0.478,0.734
OSM-1100959652,Copernicus_DSM_COG_10_S44_00_E172_00_DEM,1,496,0.825,1.573
OSM-1101055999,Copernicus_DSM_COG_10_S44_00_E172_00_DEM,1,393,0.37,0.635
OSM-1101056000,Copernicus_DSM_COG_10_S44_00_E172_00_DEM,1,924,0.552,0.727
OSM-1101056001,Copernicus_DSM_COG_10_S44_00_E172_00_DEM,1,475,0.639,0.87
OSM-1101056016,Copernicus_DSM_COG_10_S44_00_E172_00_DEM,1,596,1.256,3.389
OSM-1101058053,Copernicus_DSM_COG_10_S44_00_E172_00_DEM,1,717,0.704,1.404
OSM-1101061362,Copernicus_DSM_COG_10_S44_00_E172_00_DEM,1,493,0.66,1.57
OSM-1101067643,Copernicus_DSM_COG_10_S44_00_E172_00_DEM,1,440,0.612,1.095
OSM-1101067655,Copernicus_DSM_COG_10_S44_00_E172_00_DEM,1,529,0.558,0.925
OSM-1101067657,Copernicus_DSM_COG_10_S44_00_E172_00_DEM,1,509,0.857,1.744
OSM-1101197677,Copernicus_DSM_COG_10_S44_00_E172_00_DEM,1,350,0.823,1.799
OSM-1101197692,Copernicus_DSM_COG_10_S44_00_E172_00_DEM,1,487,0.584,0.754
OSM-1101270848,Copernicus_DSM_COG_10_S44_00_E172_00_DEM,1,605,0.682,1.144
OSM-1101270861,Copernicus_DSM_COG_10_S44_00_E172_00_DEM,1,354,0.93,1.895
OSM-1101271774,Copernicus_DSM_COG_10_S44_00_E172_00_DEM,1,431,2.072,5.977
OSM-1101271779,Copernicus_DSM_COG_10_S44_00_E172_00_DEM,1,1521,0.926,1.57
OSM-1101271781,Copernicus_DSM_COG_10_S44_00_E172_00_DEM,1,650,0.899,1.92
OSM-1101273504,Copernicus_DSM_COG_10_S44_00_E172_00_DEM,1,528,1.03,1.557
OSM-1101273512,Copernicus_DSM_COG_10_S44_00_E172_00_DEM,1,440,0.902,1.901
OSM-1101273516,Copernicus_DSM_COG_10_S44_00_E172_00_DEM,1,1269,0.535,0.911
OSM-1101273517,Copernicus_DSM_COG_10_S44_00_E172_00_DEM,1,1154,0.825,1.349
OSM-1101273522,Copernicus_DSM_COG_10_S44_00_E172_00_DEM,1,385,0.681,1.229
OSM-1101303292,Copernicus_DSM_COG_10_S44_00_E172_00_DEM,1,2192,0.46,0.788
OSM-1101303294,Copernicus_DSM_COG_10_S44_00_E172_00_DEM,1,507,0.425,0.717
OSM-1101303298,Copernicus_DSM_COG_10_S44_00_E172_00_DEM,1,338,0.565,1.038
OSM-1101303300,Copernicus_DSM_COG_10_S44_00_E172_00_DEM,1,388,0.527,0.971
OSM-1101303305,Copernicus_DSM_COG_10_S44_00_E172_00_DEM,1,2155,0.632,1.039
OSM-1101303307,Copernicus_DSM_COG_10_S44_00_E172_00_DEM,1,668,0.569,1.064
OSM-1101303318,Copernicus_DSM_COG_10_S44_00_E172_00_DEM,1,475,0.75,1.178
OSM-1101303320,Copernicus_DSM_COG_10_S44_00_E172_00_DEM,1,397,0.97,1.855
OSM-1101303322,Copernicus_DSM_COG_10_S44_00_E172_00_DEM,1,392,0.772,1.629
OSM-1101303329,Copernicus_DSM_COG_10_S44_00_E172_00_DEM,1,612,1.596,3.248
OSM-1101303335,Copernicus_DSM_COG_10_S44_00_E172_00_DEM,1,549,1.34,2.526
OSM-1101303340,Copernicus_DSM_COG_10_S44_00_E172_00_DEM,1,646,0.499,0.792
OSM-1101303342,Copernicus_DSM_COG_10_S44_00_E172_00_DEM,1,755,2.044,6.457
OSM-1101303347,Copernicus_DSM_COG_10_S44_00_E172_00_DEM,1,616,0.584,0.989
OSM-1101303351,Copernicus_DSM_COG_10_S44_00_E172_00_DEM,1,347,1.388,4.324
OSM-1101303354,Copernicus_DSM_COG_10_S44_00_E172_00_DEM,1,2525,0.695,1.223
OSM-1101303358,Copernicus_DSM_COG_10_S44_00_E172_00_DEM,1,515,2.077,4.397
OSM-1101479576,Copernicus_DSM_COG_10_S44_00_E172_00_DEM,1,1016,1.173,2.604
OSM-1101479578,Copernicus_DSM_COG_10_S44_00_E172_00_DEM,1,479,1.317,3.887
OSM-1101479579,Copernicus_DSM_COG_10_S44_00_E172_00_DEM,1,981,0.778,1.213
OSM-1101483224,Copernicus_DSM_COG_10_S44_00_E172_00_DEM,1,345,0.514,0.876
OSM-1101487262,Copernicus_DSM_COG_10_S44_00_E172_00_DEM,1,352,0.736,1.352
OSM-1101487276,Copernicus_DSM_COG_10_S44_00_E172_00_DEM,1,416,1.385,2.176
OSM-1101487278,Copernicus_DSM_COG_10_S44_00_E172_00_DEM,1,549,0.706,1.023
OSM-1101487282,Copernicus_DSM_COG_10_S44_00_E172_00_DEM,1,976,0.539,0.937
OSM-1101487287,Copernicus_DSM_COG_10_S44_00_E172_00_DEM,1,368,0.995,2.281
OSM-1101487291,Copernicus_DSM_COG_10_S44_00_E172_00_DEM,1,344,1.063,1.768
OSM-1101504017,Copernicus_DSM_COG_10_S44_00_E172_00_DEM,1,712,1.205,2.878
OSM-1101504022,Copernicus_DSM_COG_10_S44_00_E172_00_DEM,1,1015,0.657,1.025
OSM-1101504032,Copernicus_DSM_COG_10_S44_00_E172_00_DEM,1,701,0.58,1.075
OSM-1101504035,Copernicus_DSM_COG_10_S44_00_E172_00_DEM,1,624,0.996,2.247
OSM-1101543475,Copernicus_DSM_COG_10_S44_00_E172_00_DEM,1,950,0.686,1.067
OSM-1101543476,Copernicus_DSM_COG_10_S44_00_E172_00_DEM,1,1488,0.606,0.888
OSM-1101543477,Copernicus_DSM_COG_10_S44_00_E172_00_DEM,1,1722,0.571,0.838
OSM-1101543728,Copernicus_DSM_COG_10_S44_00_E172_00_DEM,1,1274,0.501,0.811
OSM-1101543743,Copernicus_DSM_COG_10_S44_00_E172_00_DEM,1,549,0.424,0.746
OSM-1101554258,Copernicus_DSM_COG_10_S44_00_E172_00_DEM,1,688,0.734,1.42
OSM-1101554259,Copernicus_DSM_COG_10_S44_00_E172_00_DEM,1,679,0.641,1.067
OSM-1101554260,Copernicus_DSM_COG_10_S44_00_E172_00_DEM,1,2282,0.679,1.119
OSM-1101554261,Copernicus_DSM_COG_10_S44_00_E172_00_DEM,1,797,0.669,1.138
OSM-1101554279,Copernicus_DSM_COG_10_S44_00_E172_00_DEM,1,1210,0.604,0.947
OSM-1101554290,Copernicus_DSM_COG_10_S44_00_E172_00_DEM,1,1900,0.822,1.453
OSM-1101554301,Copernicus_DSM_COG_10_S44_00_E172_00_DEM,1,342,0.798,1.473
OSM-1101554306,Copernicus_DSM_COG_10_S44_00_E172_00_DEM,1,982,0.807,1.521
OSM-1101582033,Copernicus_DSM_COG_10_S44_00_E172_00_DEM,1,501,0.8,1.359
OSM-1101684043,Copernicus_DSM_COG_10_S44_00_E172_00_DEM,1,429,0.867,1.656
OSM-1101684055,Copernicus_DSM_COG_10_S44_00_E172_00_DEM,1,403,1.207,3.056
OSM-1101686745,Copernicus_DSM_COG_10_S44_00_E172_00_DEM,1,424,1.268,3.027
OSM-1101686777,Copernicus_DSM_COG_10_S44_00_E172_00_DEM,1,1636,0.669,0.946
OSM-1101768898,Copernicus_DSM_COG_10_S44_00_E172_00_DEM,1,674,0.621,0.963
OSM-1101768903,Copernicus_DSM_COG_10_S44_00_E172_00_DEM,1,429,0.561,0.95
OSM-1101768905,Copernicus_DSM_COG_10_S44_00_E172_00_DEM,1,807,0.744,1.307
OSM-1101768907,Copernicus_DSM_COG_10_S44_00_E172_00_DEM,1,1497,0.574,0.909
OSM-1101768914,Copernicus_DSM_COG_10_S44_00_E172_00_DEM,1,527,0.626,1.217
OSM-1101768915,Copernicus_DSM_COG_10_S44_00_E172_00_DEM,1,997,0.743,1.475
OSM-1101768922,Copernicus_DSM_COG_10_S44_00_E172_00_DEM,1,1171,0.506,0.852
OSM-1101768923,Copernicus_DSM_COG_10_S44_00_E172_00_DEM,1,402,0.574,1.01
OSM-1101768924,Copernicus_DSM_COG_10_S44_00_E172_00_DEM,1,348,0.571,0.945
OSM-1101768926,Copernicus_DSM_COG_10_S44_00_E172_00_DEM,1,462,0.555,0.931
OSM-1101768927,Copernicus_DSM_COG_10_S44_00_E172_00_DEM,1,387,0.657,1.222
OSM-1101768929,Copernicus_DSM_COG_10_S44_00_E172_00_DEM,1,700,0.651,1.203
OSM-1101768931,Copernicus_DSM_COG_10_S44_00_E172_00_DEM,1,929,0.914,2.22
OSM-1101768933,Copernicus_DSM_COG_10_S44_00_E172_00_DEM,1,348,1.212,1.317
OSM-1101768941,Copernicus_DSM_COG_10_S44_00_E172_00_DEM,1,802,0.591,1.057
OSM-1101797579,Copernicus_DSM_COG_10_S44_00_E172_00_DEM,1,2649,0.461,0.751
OSM-1101797580,Copernicus_DSM_COG_10_S44_00_E172_00_DEM,1,3181,0.548,0.915
OSM-1101797581,Copernicus_DSM_COG_10_S44_00_E172_00_DEM,1,596,0.875,2.046
OSM-1101797584,Copernicus_DSM_COG_10_S44_00_E172_00_DEM,1,558,0.705,1.556
OSM-1101797585,Copernicus_DSM_COG_10_S44_00_E172_00_DEM,1,1315,0.561,0.906
OSM-1101797586,Copernicus_DSM_COG_10_S44_00_E172_00_DEM,1,655,0.556,0.983
OSM-1101797589,Copernicus_DSM_COG_10_S44_00_E172_00_DEM,1,829,0.566,1.055
OSM-1101797593,Copernicus_DSM_COG_10_S44_00_E172_00_DEM,1,630,0.636,1.006
OSM-1101797594,Copernicus_DSM_COG_10_S44_00_E172_00_DEM,1,407,0.569,1.044
OSM-1101797597,Copernicus_DSM_COG_10_S44_00_E172_00_DEM,1,565,0.669,1.371
OSM-1101800106,Copernicus_DSM_COG_10_S44_00_E172_00_DEM,1,798,0.6,0.951
OSM-1101800108,Copernicus_DSM_COG_10_S44_00_E172_00_DEM,1,1326,0.805,1.4
OSM-1101800110,Copernicus_DSM_COG_10_S44_00_E172_00_DEM,1,648,0.79,0.824
OSM-1101800112,Copernicus_DSM_COG_10_S44_00_E172_00_DEM,1,1396,0.506,0.814
OSM-1101800113,Copernicus_DSM_COG_10_S44_00_E172_00_DEM,1,1124,0.46,0.788
OSM-1101800114,Copernicus_DSM_COG_10_S44_00_E172_00_DEM,1,3084,0.754,1.009
OSM-1101800115,Copernicus_DSM_COG_10_S44_00_E172_00_DEM,1,1610,0.602,1.028
OSM-1101800116,Copernicus_DSM_COG_10_S44_00_E172_00_DEM,1,6142,0.699,1.148
OSM-1101800117,Copernicus_DSM_COG_10_S44_00_E172_00_DEM,1,664,0.756,1.065
OSM-1101800120,Copernicus_DSM_COG_10_S44_00_E172_00_DEM,1,683,0.646,1.113
OSM-1101800124,Copernicus_DSM_COG_10_S44_00_E172_00_DEM,1,952,0.757,1.22
OSM-1101800125,Copernicus_DSM_COG_10_S44_00_E172_00_DEM,1,2383,0.859,1.217
OSM-1101800126,Copernicus_DSM_COG_10_S44_00_E172_00_DEM,1,363,0.933,2.003
OSM-1101800134,Copernicus_DSM_COG_10_S44_00_E172_00_DEM,1,4545,0.8,1.298
OSM-1101838639,Copernicus_DSM_COG_10_S44_00_E172_00_DEM,1,1492,0.654,1.239
OSM-1101838646,Copernicus_DSM_COG_10_S44_00_E172_00_DEM,1,528,0.596,1.073
OSM-1101838648,Copernicus_DSM_COG_10_S44_00_E172_00_DEM,1,916,0.536,0.917
OSM-1101838652,Copernicus_DSM_COG_10_S44_00_E172_00_DEM,1,1059,0.593,1.003
OSM-1101838653,Copernicus_DSM_COG_10_S44_00_E172_00_DEM,1,881,0.558,0.992
OSM-1101838655,Copernicus_DSM_COG_10_S44_00_E172_00_DEM,1,620,0.512,0.885
OSM-1101838673,Copernicus_DSM_COG_10_S44_00_E172_00_DEM,1,6626,0.605,0.962
OSM-1101838674,Copernicus_DSM_COG_10_S44_00_E172_00_DEM,1,2071,0.949,2.122
OSM-1101838675,Copernicus_DSM_COG_10_S44_00_E172_00_DEM,1,1426,0.823,1.633
OSM-1101838676,Copernicus_DSM_COG_10_S44_00_E172_00_DEM,1,1459,0.825,1.683
OSM-1101910011,Copernicus_DSM_COG_10_S44_00_E172_00_DEM,1,2131,0.872,1.789
OSM-1101910012,Copernicus_DSM_COG_10_S44_00_E172_00_DEM,1,1021,0.678,1.133
OSM-1101910018,Copernicus_DSM_COG_10_S44_00_E172_00_DEM,1,671,0.803,1.495
OSM-1101910020,Copernicus_DSM_COG_10_S44_00_E172_00_DEM,1,409,1.459,3.032
OSM-1101910026,Copernicus_DSM_COG_10_S44_00_E172_00_DEM,1,369,5.077,16.141
OSM-1101910035,Copernicus_DSM_COG_10_S44_00_E172_00_DEM,1,1090,0.497,0.914
OSM-1101910037,Copernicus_DSM_COG_10_S44_00_E172_00_DEM,1,591,0.469,0.785
OSM-1101910038,Copernicus_DSM_COG_10_S44_00_E172_00_DEM,1,549,0.481,0.859
OSM-1101910039,Copernicus_DSM_COG_10_S44_00_E172_00_DEM,1,616,0.474,0.753
OSM-1101910047,Copernicus_DSM_COG_10_S44_00_E172_00_DEM,1,1183,0.608,0.994
OSM-1101910051,Copernicus_DSM_COG_10_S44_00_E172_00_DEM,1,552,0.572,1.073
OSM-1101910052,Copernicus_DSM_COG_10_S44_00_E172_00_DEM,1,384,0.612,1.313
OSM-1101910067,Copernicus_DSM_COG_10_S44_00_E172_00_DEM,1,748,0.844,1.531
OSM-1101910597,Copernicus_DSM_COG_10_S44_00_E172_00_DEM,1,433,0.89,2.02
OSM-1101910599,Copernicus_DSM_COG_10_S44_00_E172_00_DEM,1,355,1.024,2.712
OSM-1101910601,Copernicus_DSM_COG_10_S44_00_E172_00_DEM,1,382,1.043,2.315
OSM-1101943920,Copernicus_DSM_COG_10_S44_00_E172_00_DEM,1,863,0.817,1.491
OSM-1101945243,Copernicus_DSM_COG_10_S44_00_E172_00_DEM,1,531,0.686,1.277
OSM-1101972435,Copernicus_DSM_COG_10_S44_00_E172_00_DEM,1,423,0.912,1.904
OSM-1102156251,Copernicus_DSM_COG_10_S44_00_E172_00_DEM,1,531,0.848,1.788
OSM-1102156277,Copernicus_DSM_COG_10_S44_00_E172_00_DEM,1,489,0.638,1.234
OSM-1102185234,Copernicus_DSM_COG_10_S44_00_E172_00_DEM,1,381,0.973,2.245
OSM-1102185241,Copernicus_DSM_COG_10_S44_00_E172_00_DEM,1,335,0.638,1.037
OSM-1102185242,Copernicus_DSM_COG_10_S44_00_E172_00_DEM,1,361,0.694,1.338
OSM-1102185243,Copernicus_DSM_COG_10_S44_00_E172_00_DEM,1,662,0.872,1.166
OSM-1102188466,Copernicus_DSM_COG_10_S44_00_E172_00_DEM,1,897,0.574,0.854
OSM-1102188470,Copernicus_DSM_COG_10_S44_00_E172_00_DEM,1,357,0.504,0.756
OSM-1102188480,Copernicus_DSM_COG_10_S44_00_E172_00_DEM,1,537,0.682,1.067
OSM-1102188495,Copernicus_DSM_COG_10_S44_00_E172_00_DEM,1,500,0.855,1.555
OSM-1102304994,Copernicus_DSM_COG_10_S44_00_E172_00_DEM,1,431,1.073,2.76
OSM-1102305010,Copernicus_DSM_COG_10_S44_00_E172_00_DEM,1,640,1.322,4.237
OSM-1102305020,Copernicus_DSM_COG_10_S44_00_E172_00_DEM,1,5332,0.538,0.856
OSM-1102305021,Copernicus_DSM_COG_10_S44_00_E172_00_DEM,1,449,0.624,0.924
OSM-1102305022,Copernicus_DSM_COG_10_S44_00_E172_00_DEM,1,1194,1.673,5.597
OSM-1102305024,Copernicus_DSM_COG_10_S44_00_E172_00_DEM,1,501,0.601,1.104
OSM-1102305025,Copernicus_DSM_COG_10_S44_00_E172_00_DEM,1,399,0.965,1.888
OSM-1102322205,Copernicus_DSM_COG_10_S44_00_E172_00_DEM,1,381,0.818,1.55
OSM-1102322207,Copernicus_DSM_COG_10_S44_00_E172_00_DEM,1,396,1.009,1.68
OSM-1102322234,Copernicus_DSM_COG_10_S44_00_E172_00_DEM,1,404,0.586,0.988
OSM-1102322255,Copernicus_DSM_COG_10_S44_00_E172_00_DEM,1,907,1.047,1.881
OSM-1102322261,Copernicus_DSM_COG_10_S44_00_E172_00_DEM,1,456,1.686,3.53
OSM-1102345341,Copernicus_DSM_COG_10_S44_00_E172_00_DEM,1,371,0.747,1.34
OSM-1102345351,Copernicus_DSM_COG_10_S44_00_E172_00_DEM,1,405,0.601,1.137
OSM-1102345353,Copernicus_DSM_COG_10_S44_00_E172_00_DEM,1,390,0.492,0.814
OSM-1102345354,Copernicus_DSM_COG_10_S44_00_E172_00_DEM,1,375,0.439,0.736
OSM-1102345358,Copernicus_DSM_COG_10_S44_00_E172_00_DEM,1,465,0.884,2.298
OSM-1102345360,Copernicus_DSM_COG_10_S44_00_E172_00_DEM,1,347,0.853,1.861
OSM-1102345361,Copernicus_DSM_COG_10_S44_00_E172_00_DEM,1,664,0.606,0.971
OSM-1102386659,Copernicus_DSM_COG_10_S44_00_E172_00_DEM,1,496,0.571,0.909
OSM-1102386661,Copernicus_DSM_COG_10_S44_00_E172_00_DEM,1,385,0.826,1.23
OSM-1102386681,Copernicus_DSM_COG_10_S44_00_E172_00_DEM,1,589,0.616,1.087
OSM-1102386697,Copernicus_DSM_COG_10_S44_00_E172_00_DEM,1,490,0.588,0.98
OSM-1102386699,Copernicus_DSM_COG_10_S44_00_E172_00_DEM,1,494,1.302,3.466
OSM-1102386703,Copernicus_DSM_COG_10_S44_00_E172_00_DEM,1,914,0.827,2.028
OSM-1102566801,Copernicus_DSM_COG_10_S44_00_E172_00_DEM,1,458,2.262,5.238
OSM-1102566816,Copernicus_DSM_COG_10_S44_00_E172_00_DEM,1,861,0.857,1.711
OSM-1102566817,Copernicus_DSM_COG_10_S44_00_E172_00_DEM,1,806,0.852,1.607
OSM-1102566822,Copernicus_DSM_COG_10_S44_00_E172_00_DEM,1,437,0.665,1.033
OSM-1102566823,Copernicus_DSM_COG_10_S44_00_E172_00_DEM,1,610,0.799,1.337
OSM-1102566824,Copernicus_DSM_COG_10_S44_00_E172_00_DEM,1,374,0.744,1.245
OSM-1102566826,Copernicus_DSM_COG_10_S44_00_E172_00_DEM,1,677,0.934,1.481
OSM-1102566827,Copernicus_DSM_COG_10_S44_00_E172_00_DEM,1,551,1.123,2.216
OSM-1102566828,Copernicus_DSM_COG_10_S44_00_E172_00_DEM,1,472,0.548,0.95
OSM-1102566832,Copernicus_DSM_COG_10_S44_00_E172_00_DEM,1,428,0.681,1.068
OSM-1102566843,Copernicus_DSM_COG_10_S44_00_E172_00_DEM,1,437,0.566,0.91
OSM-1102571527,Copernicus_DSM_COG_10_S44_00_E172_00_DEM,1,426,0.843,2.045
OSM-1102573697,Copernicus_DSM_COG_10_S44_00_E172_00_DEM,1,389,0.417,0.708
OSM-1102573701,Copernicus_DSM_COG_10_S44_00_E172_00_DEM,1,370,0.59,1.155
OSM-1102573702,Copernicus_DSM_COG_10_S44_00_E172_00_DEM,1,515,0.596,0.94
OSM-1102619576,Copernicus_DSM_COG_10_S44_00_E172_00_DEM,1,1955,0.523,0.876
OSM-1102619577,Copernicus_DSM_COG_10_S44_00_E172_00_DEM,1,1588,0.643,0.989
OSM-1102619578,Copernicus_DSM_COG_10_S44_00_E172_00_DEM,1,1429,0.858,1.981
OSM-1102619579,Copernicus_DSM_COG_10_S44_00_E172_00_DEM,1,976,0.512,0.865
OSM-1102619582,Copernicus_DSM_COG_10_S44_00_E172_00_DEM,1,1022,0.977,1.492
OSM-1102620333,Copernicus_DSM_COG_10_S44_00_E172_00_DEM,1,831,0.71,1.158
OSM-1102620334,Copernicus_DSM_COG_10_S44_00_E172_00_DEM,1,756,0.741,1.181
OSM-1102620336,Copernicus_DSM_COG_10_S44_00_E172_00_DEM,1,2130,1.12,3.06
OSM-1102622895,Copernicus_DSM_COG_10_S44_00_E172_00_DEM,1,1077,0.613,0.944
OSM-1102622896,Copernicus_DSM_COG_10_S44_00_E172_00_DEM,1,565,0.594,0.994
OSM-1102622897,Copernicus_DSM_COG_10_S44_00_E172_00_DEM,1,400,0.825,1.1
OSM-1102622898,Copernicus_DSM_COG_10_S44_00_E172_00_DEM,1,1085,0.74,1.104
OSM-1102622899,Copernicus_DSM_COG_10_S44_00_E172_00_DEM,1,894,0.572,0.985
OSM-1102622900,Copernicus_DSM_COG_10_S44_00_E172_00_DEM,1,702,0.528,0.878
OSM-1102622901,Copernicus_DSM_COG_10_S44_00_E172_00_DEM,1,1200,0.546,0.859
OSM-1102622902,Copernicus_DSM_COG_10_S44_00_E172_00_DEM,1,1685,0.961,1.57
OSM-1102622904,Copernicus_DSM_COG_10_S44_00_E172_00_DEM,1,671,1.195,2.7
OSM-1102622905,Copernicus_DSM_COG_10_S44_00_E172_00_DEM,1,1236,0.52,0.881
OSM-1102622908,Copernicus_DSM_COG_10_S44_00_E172_00_DEM,1,622,2.306,6.688
OSM-1102622909,Copernicus_DSM_COG_10_S44_00_E172_00_DEM,1,3536,0.562,0.953
OSM-1102623145,Copernicus_DSM_COG_10_S44_00_E172_00_DEM,1,697,1.071,1.604
OSM-1102641419,Copernicus_DSM_COG_10_S44_00_E172_00_DEM,1,600,0.749,1.298
OSM-1102641421,Copernicus_DSM_COG_10_S44_00_E172_00_DEM,1,1183,0.566,0.935
OSM-1102641422,Copernicus_DSM_COG_10_S44_00_E172_00_DEM,1,1203,0.557,0.966
OSM-1102641424,Copernicus_DSM_COG_10_S44_00_E172_00_DEM,1,406,0.876,1.346
OSM-1102641425,Copernicus_DSM_COG_10_S44_00_E172_00_DEM,1,1160,0.725,1.106
OSM-1102678531,Copernicus_DSM_COG_10_S44_00_E172_00_DEM,1,1282,0.483,0.819
OSM-1102678532,Copernicus_DSM_COG_10_S44_00_E172_00_DEM,1,1144,0.514,0.909
OSM-1102678533,Copernicus_DSM_COG_10_S44_00_E172_00_DEM,1,960,0.62,1.133
OSM-1102678535,Copernicus_DSM_COG_10_S44_00_E172_00_DEM,1,462,0.708,1.337
OSM-1102678538,Copernicus_DSM_COG_10_S44_00_E172_00_DEM,1,2492,0.708,1.17
OSM-1102678539,Copernicus_DSM_COG_10_S44_00_E172_00_DEM,1,660,0.797,1.738
OSM-1102678540,Copernicus_DSM_COG_10_S44_00_E172_00_DEM,1,1098,0.812,1.443
OSM-1102678543,Copernicus_DSM_COG_10_S44_00_E172_00_DEM,1,437,0.96,1.16
OSM-1102678544,Copernicus_DSM_COG_10_S44_00_E172_00_DEM,1,1634,0.751,1.221
OSM-1102678553,Copernicus_DSM_COG_10_S44_00_E172_00_DEM,1,2250,0.599,0.993
OSM-1102678555,Copernicus_DSM_COG_10_S44_00_E172_00_DEM,1,378,0.596,1.027
OSM-1102678558,Copernicus_DSM_COG_10_S44_00_E172_00_DEM,1,587,0.616,0.944
OSM-1102678559,Copernicus_DSM_COG_10_S44_00_E172_00_DEM,1,501,0.73,1.329
OSM-1102678560,Copernicus_DSM_COG_10_S44_00_E172_00_DEM,1,632,0.841,1.581
OSM-1102678562,Copernicus_DSM_COG_10_S44_00_E172_00_DEM,1,806,0.786,1.314
OSM-1102678564,Copernicus_DSM_COG_10_S44_00_E172_00_DEM,1,815,0.793,1.632
OSM-1102678565,Copernicus_DSM_COG_10_S44_00_E172_00_DEM,1,1947,0.74,1.221
OSM-1102714717,Copernicus_DSM_COG_10_S44_00_E172_00_DEM,1,937,0.935,1.413
OSM-1102714718,Copernicus_DSM_COG_10_S44_00_E172_00_DEM,1,1774,0.802,1.228
OSM-1102714721,Copernicus_DSM_COG_10_S44_00_E172_00_DEM,1,479,0.905,2.129
OSM-1102716152,Copernicus_DSM_COG_10_S44_00_E172_00_DEM,1,1889,0.576,0.986
OSM-1102716154,Copernicus_DSM_COG_10_S44_00_E172_00_DEM,1,482,0.618,1.095
OSM-1102716155,Copernicus_DSM_COG_10_S44_00_E172_00_DEM,1,746,0.541,0.908
OSM-1102716156,Copernicus_DSM_COG_10_S44_00_E172_00_DEM,1,777,0.693,1.12
OSM-1103005026,Copernicus_DSM_COG_10_S44_00_E172_00_DEM,1,911,0.647,1.108
OSM-1103005027,Copernicus_DSM_COG_10_S44_00_E172_00_DEM,1,484,0.61,1.183
OSM-1103005028,Copernicus_DSM_COG_10_S44_00_E172_00_DEM,1,435,1.019,1.961
OSM-1103005040,Copernicus_DSM_COG_10_S44_00_E172_00_DEM,1,343,0.806,1.6
OSM-1103005047,Copernicus_DSM_COG_10_S44_00_E172_00_DEM,1,493,1.2,2.342
OSM-1103149063,Copernicus_DSM_COG_10_S44_00_E172_00_DEM,1,691,0.734,1.511
OSM-1103149067,Copernicus_DSM_COG_10_S44_00_E172_00_DEM,1,1324,0.624,0.955
OSM-1103149072,Copernicus_DSM_COG_10_S44_00_E172_00_DEM,1,1876,0.486,0.803
OSM-1103149074,Copernicus_DSM_COG_10_S44_00_E172_00_DEM,1,1618,0.572,0.997
OSM-1103149078,Copernicus_DSM_COG_10_S44_00_E172_00_DEM,1,544,0.61,1.144
OSM-1103149080,Copernicus_DSM_COG_10_S44_00_E172_00_DEM,1,588,0.876,2.035
OSM-1103149086,Copernicus_DSM_COG_10_S44_00_E172_00_DEM,1,386,0.606,0.927
OSM-1103253398,Copernicus_DSM_COG_10_S44_00_E172_00_DEM,1,887,0.651,1.089
OSM-1103253399,Copernicus_DSM_COG_10_S44_00_E172_00_DEM,1,5746,0.779,1.354
OSM-1103253400,Copernicus_DSM_COG_10_S44_00_E172_00_DEM,1,685,0.793,1.589
OSM-1103253403,Copernicus_DSM_COG_10_S44_00_E172_00_DEM,1,355,0.809,1.479
OSM-1103253404,Copernicus_DSM_COG_10_S44_00_E172_00_DEM,1,5357,0.798,1.562
OSM-1103253405,Copernicus_DSM_COG_10_S44_00_E172_00_DEM,1,757,0.757,1.259
OSM-1103253406,Copernicus_DSM_COG_10_S44_00_E172_00_DEM,1,1443,0.821,1.359
OSM-1103253408,Copernicus_DSM_COG_10_S44_00_E172_00_DEM,1,408,0.994,2.413
OSM-1103254108,Copernicus_DSM_COG_10_S44_00_E172_00_DEM,1,2698,0.544,0.875
OSM-1103254109,Copernicus_DSM_COG_10_S44_00_E172_00_DEM,1,1474,0.655,1.11
OSM-1103254110,Copernicus_DSM_COG_10_S44_00_E172_00_DEM,1,663,0.937,1.774
OSM-1103254578,Copernicus_DSM_COG_10_S44_00_E172_00_DEM,1,364,1.143,1.966
OSM-1103254579,Copernicus_DSM_COG_10_S44_00_E172_00_DEM,1,419,1.089,2.85
OSM-1103276385,Copernicus_DSM_COG_10_S44_00_E172_00_DEM,1,2203,0.578,1.045
OSM-1103276386,Copernicus_DSM_COG_10_S44_00_E172_00_DEM,1,443,0.743,1.51
OSM-1103276387,Copernicus_DSM_COG_10_S44_00_E172_00_DEM,1,689,0.597,1.236
OSM-1103276388,Copernicus_DSM_COG_10_S44_00_E172_00_DEM,1,1164,1.022,2.015
OSM-1103276389,Copernicus_DSM_COG_10_S44_00_E172_00_DEM,1,3620,0.726,1.376
OSM-1103276391,Copernicus_DSM_COG_10_S44_00_E171_00_DEM;Copernicus_DSM_COG_10_S44_00_E172_00_DEM,2,2097,1.063,1.988
OSM-1103276393,Copernicus_DSM_COG_10_S44_00_E171_00_DEM;Copernicus_DSM_COG_10_S44_00_E172_00_DEM,2,1458,0.789,1.219
OSM-1103301019,Copernicus_DSM_COG_10_S44_00_E172_00_DEM,1,1308,2.098,5.835
OSM-1103301021,Copernicus_DSM_COG_10_S44_00_E172_00_DEM,1,498,1.081,2.168
OSM-1103301024,Copernicus_DSM_COG_10_S44_00_E172_00_DEM,1,1976,0.86,1.506
OSM-1103301026,Copernicus_DSM_COG_10_S44_00_E172_00_DEM,1,668,0.615,1.077
OSM-1103301027,Copernicus_DSM_COG_10_S44_00_E172_00_DEM,1,860,0.627,1.038
OSM-1103301028,Copernicus_DSM_COG_10_S44_00_E172_00_DEM,1,372,0.509,0.813
OSM-1103301033,Copernicus_DSM_COG_10_S44_00_E172_00_DEM,1,681,0.544,0.941
OSM-1103301034,Copernicus_DSM_COG_10_S44_00_E172_00_DEM,1,638,0.506,0.902
OSM-1103648318,Copernicus_DSM_COG_10_S44_00_E172_00_DEM,1,746,0.843,1.49
OSM-1103648319,Copernicus_DSM_COG_10_S44_00_E172_00_DEM,1,751,1.974,5.209
OSM-1103672467,Copernicus_DSM_COG_10_S44_00_E172_00_DEM,1,448,0.668,1.077
OSM-1103672470,Copernicus_DSM_COG_10_S44_00_E172_00_DEM,1,1453,0.914,1.76
OSM-1103674352,Copernicus_DSM_COG_10_S44_00_E172_00_DEM,1,2102,0.968,2.104
OSM-1103674353,Copernicus_DSM_COG_10_S44_00_E172_00_DEM,1,740,0.554,0.818
OSM-1103674354,Copernicus_DSM_COG_10_S44_00_E172_00_DEM,1,3325,0.955,1.699
OSM-1103674355,Copernicus_DSM_COG_10_S44_00_E172_00_DEM,1,4776,1.125,2.409
OSM-1103674357,Copernicus_DSM_COG_10_S44_00_E172_00_DEM,1,3024,0.829,1.417
OSM-1103674359,Copernicus_DSM_COG_10_S44_00_E172_00_DEM,1,3055,0.717,1.214
OSM-1103674360,Copernicus_DSM_COG_10_S44_00_E172_00_DEM,1,1155,0.585,0.865
OSM-1103674361,Copernicus_DSM_COG_10_S44_00_E172_00_DEM,1,1702,0.608,0.895
OSM-1103675135,Copernicus_DSM_COG_10_S44_00_E172_00_DEM,1,3154,0.878,1.73
OSM-1103675138,Copernicus_DSM_COG_10_S44_00_E172_00_DEM,1,1855,0.72,1.223
OSM-1103805519,Copernicus_DSM_COG_10_S44_00_E172_00_DEM,1,1453,1.667,4.332
OSM-1103805522,Copernicus_DSM_COG_10_S44_00_E172_00_DEM,1,372,1.091,2.713
OSM-1103805524,Copernicus_DSM_COG_10_S44_00_E172_00_DEM,1,383,0.646,1.158
OSM-1103805526,Copernicus_DSM_COG_10_S44_00_E172_00_DEM,1,875,1.428,2.636
OSM-1103806173,Copernicus_DSM_COG_10_S44_00_E172_00_DEM,1,591,0.881,1.705
OSM-1103806174,Copernicus_DSM_COG_10_S44_00_E172_00_DEM,1,948,0.858,1.734
OSM-1103806175,Copernicus_DSM_COG_10_S44_00_E172_00_DEM,1,355,0.685,1.136
OSM-1103809208,Copernicus_DSM_COG_10_S44_00_E172_00_DEM,1,542,0.996,1.865
OSM-1103809214,Copernicus_DSM_COG_10_S44_00_E172_00_DEM,1,346,0.853,1.887
OSM-1103843667,Copernicus_DSM_COG_10_S44_00_E172_00_DEM,1,2907,0.594,0.962
OSM-1103843668,Copernicus_DSM_COG_10_S44_00_E172_00_DEM,1,6457,0.589,0.966
OSM-1103843670,Copernicus_DSM_COG_10_S44_00_E172_00_DEM,1,858,0.597,1.054
OSM-1103844755,Copernicus_DSM_COG_10_S44_00_E171_00_DEM,1,2994,0.579,0.935
OSM-1103844759,Copernicus_DSM_COG_10_S44_00_E171_00_DEM,1,9607,0.737,1.338
OSM-1103846377,Copernicus_DSM_COG_10_S44_00_E171_00_DEM,1,632,0.86,1.672
OSM-1103846378,Copernicus_DSM_COG_10_S44_00_E171_00_DEM,1,620,0.788,1.596
OSM-1103846379,Copernicus_DSM_COG_10_S44_00_E171_00_DEM,1,900,0.633,1.023
OSM-1103846380,Copernicus_DSM_COG_10_S44_00_E171_00_DEM,1,1122,1.049,1.884
OSM-1103846381,Copernicus_DSM_COG_10_S44_00_E171_00_DEM,1,919,1.254,2.656
OSM-1103846383,Copernicus_DSM_COG_10_S44_00_E171_00_DEM,1,821,0.845,1.677
OSM-1103846384,Copernicus_DSM_COG_10_S44_00_E171_00_DEM,1,615,0.801,1.425
OSM-1103846385,Copernicus_DSM_COG_10_S44_00_E171_00_DEM,1,923,1.028,2.395
OSM-1103846386,Copernicus_DSM_COG_10_S44_00_E171_00_DEM,1,647,0.795,1.212
OSM-1103846387,Copernicus_DSM_COG_10_S44_00_E171_00_DEM,1,855,1.247,2.158
OSM-1103846388,Copernicus_DSM_COG_10_S44_00_E171_00_DEM,1,442,2.629,7.618
OSM-1103846389,Copernicus_DSM_COG_10_S44_00_E171_00_DEM,1,640,1.466,3.289
OSM-1103846390,Copernicus_DSM_COG_10_S44_00_E171_00_DEM,1,695,1.28,2.699
OSM-1103847033,Copernicus_DSM_COG_10_S44_00_E171_00_DEM,1,376,2.028,3.131
OSM-1103847034,Copernicus_DSM_COG_10_S44_00_E171_00_DEM,1,549,1.63,2.178
OSM-1103859627,Copernicus_DSM_COG_10_S44_00_E171_00_DEM,1,452,0.727,1.175
OSM-1103941553,Copernicus_DSM_COG_10_S44_00_E172_00_DEM,1,747,0.716,1.34
OSM-1104048748,Copernicus_DSM_COG_10_S44_00_E172_00_DEM,1,380,1.064,2.686
OSM-1104048749,Copernicus_DSM_COG_10_S44_00_E172_00_DEM,1,386,1.447,4.253
OSM-1104048750,Copernicus_DSM_COG_10_S44_00_E172_00_DEM,1,799,0.841,1.823
OSM-1104048753,Copernicus_DSM_COG_10_S44_00_E172_00_DEM,1,776,0.824,1.415
OSM-1104048755,Copernicus_DSM_COG_10_S44_00_E172_00_DEM,1,638,0.67,1.197
OSM-1104048757,Copernicus_DSM_COG_10_S44_00_E172_00_DEM,1,626,1.066,2.431
OSM-1104048758,Copernicus_DSM_COG_10_S44_00_E172_00_DEM,1,486,0.79,1.127
OSM-1104048759,Copernicus_DSM_COG_10_S44_00_E172_00_DEM,1,482,1.266,3.595
OSM-1104048760,Copernicus_DSM_COG_10_S44_00_E172_00_DEM,1,582,0.867,1.251
OSM-1104402941,Copernicus_DSM_COG_10_S44_00_E172_00_DEM,1,407,0.887,1.696
OSM-1104402942,Copernicus_DSM_COG_10_S44_00_E172_00_DEM,1,621,0.806,1.695
OSM-1104402943,Copernicus_DSM_COG_10_S44_00_E172_00_DEM,1,491,0.5,0.846
OSM-1104402958,Copernicus_DSM_COG_10_S44_00_E172_00_DEM,1,1346,0.54,0.886
OSM-1104402961,Copernicus_DSM_COG_10_S44_00_E172_00_DEM,1,2664,0.557,0.907
OSM-1104402962,Copernicus_DSM_COG_10_S44_00_E172_00_DEM,1,421,0.998,1.79
OSM-1104409602,Copernicus_DSM_COG_10_S44_00_E172_00_DEM,1,409,0.557,0.687
OSM-1104409604,Copernicus_DSM_COG_10_S44_00_E172_00_DEM,1,484,1.098,3.354
OSM-1104409607,Copernicus_DSM_COG_10_S44_00_E172_00_DEM,1,401,1.164,2.361
OSM-1104409610,Copernicus_DSM_COG_10_S44_00_E172_00_DEM,1,348,3.156,8.445
OSM-1104409611,Copernicus_DSM_COG_10_S44_00_E172_00_DEM,1,458,0.573,1.227
OSM-1104409632,Copernicus_DSM_COG_10_S44_00_E172_00_DEM,1,580,0.567,0.904
OSM-1104409634,Copernicus_DSM_COG_10_S44_00_E172_00_DEM,1,525,2.45,7.992
OSM-1104409638,Copernicus_DSM_COG_10_S44_00_E172_00_DEM,1,651,0.831,2.158
OSM-1104409647,Copernicus_DSM_COG_10_S44_00_E172_00_DEM,1,411,0.874,1.657
OSM-1104640957,Copernicus_DSM_COG_10_S44_00_E172_00_DEM,1,348,0.528,1.129
OSM-1104640961,Copernicus_DSM_COG_10_S44_00_E172_00_DEM,1,439,0.938,1.997
OSM-1104640964,Copernicus_DSM_COG_10_S44_00_E172_00_DEM,1,702,0.781,1.522
OSM-1104640965,Copernicus_DSM_COG_10_S44_00_E172_00_DEM,1,507,0.624,0.922
OSM-1104640980,Copernicus_DSM_COG_10_S44_00_E172_00_DEM,1,484,0.479,0.789
OSM-1104640981,Copernicus_DSM_COG_10_S44_00_E172_00_DEM,1,346,0.989,2.454
OSM-1104689104,Copernicus_DSM_COG_10_S44_00_E172_00_DEM,1,413,1.478,3.692
OSM-1104689107,Copernicus_DSM_COG_10_S44_00_E172_00_DEM,1,764,0.911,2.061
OSM-1104689108,Copernicus_DSM_COG_10_S44_00_E172_00_DEM,1,544,0.649,1.0
OSM-1104689109,Copernicus_DSM_COG_10_S44_00_E172_00_DEM,1,613,0.866,1.497
OSM-1104944645,Copernicus_DSM_COG_10_S44_00_E172_00_DEM,1,1201,0.906,1.794
OSM-1104946832,Copernicus_DSM_COG_10_S44_00_E172_00_DEM,1,1221,0.681,1.109
OSM-1104947984,Copernicus_DSM_COG_10_S44_00_E172_00_DEM,1,1276,0.613,0.908
OSM-1104947988,Copernicus_DSM_COG_10_S44_00_E172_00_DEM,1,722,0.618,1.057
OSM-1104950627,Copernicus_DSM_COG_10_S44_00_E172_00_DEM,1,436,0.485,0.795
OSM-1104950629,Copernicus_DSM_COG_10_S44_00_E172_00_DEM,1,488,1.22,2.47
OSM-1104950630,Copernicus_DSM_COG_10_S44_00_E172_00_DEM,1,353,0.469,0.785
OSM-1104950631,Copernicus_DSM_COG_10_S44_00_E172_00_DEM,1,418,0.818,0.989
OSM-1104950636,Copernicus_DSM_COG_10_S44_00_E172_00_DEM,1,355,1.169,2.494
OSM-1105030808,Copernicus_DSM_COG_10_S44_00_E172_00_DEM,1,2214,0.69,1.003
OSM-1105032288,Copernicus_DSM_COG_10_S44_00_E172_00_DEM,1,6405,0.663,1.123
OSM-1105032293,Copernicus_DSM_COG_10_S44_00_E172_00_DEM,1,831,0.633,1.088
OSM-1105032294,Copernicus_DSM_COG_10_S44_00_E172_00_DEM,1,542,0.811,1.415
OSM-1105075505,Copernicus_DSM_COG_10_S44_00_E172_00_DEM,1,2294,0.793,1.237
OSM-1105184395,Copernicus_DSM_COG_10_S44_00_E172_00_DEM,1,752,1.028,2.172
OSM-1105186139,Copernicus_DSM_COG_10_S44_00_E172_00_DEM,1,1111,0.846,1.509
OSM-1105186953,Copernicus_DSM_COG_10_S44_00_E172_00_DEM,1,731,0.762,1.407
OSM-1105248305,Copernicus_DSM_COG_10_S44_00_E172_00_DEM,1,1727,0.839,1.537
OSM-1105322624,Copernicus_DSM_COG_10_S44_00_E172_00_DEM,1,669,0.892,1.823
OSM-1105377150,Copernicus_DSM_COG_10_S44_00_E172_00_DEM,1,1490,0.933,1.772
OSM-1105627469,Copernicus_DSM_COG_10_S44_00_E172_00_DEM,1,739,13.516,20.016
OSM-1105750581,Copernicus_DSM_COG_10_S44_00_E172_00_DEM,1,1337,0.525,1.024
OSM-1105750586,Copernicus_DSM_COG_10_S44_00_E172_00_DEM,1,347,1.659,4.368
OSM-1105750588,Copernicus_DSM_COG_10_S44_00_E172_00_DEM,1,1061,26.069,34.592
OSM-1105750589,Copernicus_DSM_COG_10_S44_00_E172_00_DEM,1,1550,17.307,26.887
OSM-1105753401,Copernicus_DSM_COG_10_S44_00_E172_00_DEM,1,1570,0.768,1.844
OSM-1105760869,Copernicus_DSM_COG_10_S44_00_E172_00_DEM,1,743,0.602,1.142
OSM-1105760870,Copernicus_DSM_COG_10_S44_00_E172_00_DEM,1,834,0.574,1.052
OSM-1105807496,Copernicus_DSM_COG_10_S44_00_E172_00_DEM,1,681,0.563,1.121
OSM-1105807505,Copernicus_DSM_COG_10_S44_00_E172_00_DEM,1,734,0.437,0.658
OSM-1105810080,Copernicus_DSM_COG_10_S44_00_E172_00_DEM,1,1037,1.741,5.467
OSM-1105810088,Copernicus_DSM_COG_10_S44_00_E172_00_DEM,1,1615,0.463,0.752
OSM-1105810089,Copernicus_DSM_COG_10_S44_00_E172_00_DEM,1,833,0.341,0.627
OSM-1105810090,Copernicus_DSM_COG_10_S44_00_E172_00_DEM,1,1185,0.282,0.519
OSM-1105812059,Copernicus_DSM_COG_10_S44_00_E172_00_DEM,1,791,17.948,23.816
OSM-1105812060,Copernicus_DSM_COG_10_S44_00_E172_00_DEM,1,1304,14.385,22.179
OSM-1105812061,Copernicus_DSM_COG_10_S44_00_E172_00_DEM,1,1041,16.16,21.874
OSM-1105812063,Copernicus_DSM_COG_10_S44_00_E172_00_DEM,1,496,28.17,37.615
OSM-1105812066,Copernicus_DSM_COG_10_S44_00_E172_00_DEM,1,521,13.192,18.362
OSM-1105812067,Copernicus_DSM_COG_10_S44_00_E172_00_DEM,1,596,22.314,48.996
OSM-1105812068,Copernicus_DSM_COG_10_S44_00_E172_00_DEM,1,2215,18.547,26.378
OSM-1105813321,Copernicus_DSM_COG_10_S44_00_E172_00_DEM,1,1104,19.897,29.369
OSM-1105817038,Copernicus_DSM_COG_10_S44_00_E172_00_DEM,1,567,17.278,24.569
OSM-1105825306,Copernicus_DSM_COG_10_S44_00_E172_00_DEM,1,1533,0.521,0.859
OSM-1105825316,Copernicus_DSM_COG_10_S44_00_E172_00_DEM,1,1097,0.737,1.125
OSM-1105825326,Copernicus_DSM_COG_10_S44_00_E172_00_DEM,1,501,1.117,1.094
OSM-1105827115,Copernicus_DSM_COG_10_S44_00_E172_00_DEM,1,579,1.301,2.531
OSM-1105923327,Copernicus_DSM_COG_10_S44_00_E172_00_DEM,1,383,14.254,21.376
OSM-1106033220,Copernicus_DSM_COG_10_S44_00_E173_00_DEM,1,339,14.463,25.381
OSM-1106033226,Copernicus_DSM_COG_10_S44_00_E173_00_DEM,1,439,20.662,38.621
OSM-1106033227,Copernicus_DSM_COG_10_S44_00_E173_00_DEM,1,606,21.642,31.449
OSM-1106033242,Copernicus_DSM_COG_10_S44_00_E173_00_DEM,1,385,12.47,18.666
OSM-1106078242,Copernicus_DSM_COG_10_S44_00_E172_00_DEM;Copernicus_DSM_COG_10_S44_00_E173_00_DEM,2,1405,19.956,27.224
OSM-1106078243,Copernicus_DSM_COG_10_S44_00_E173_00_DEM,1,3310,24.524,30.269
OSM-1106078244,Copernicus_DSM_COG_10_S44_00_E173_00_DEM,1,3928,22.753,30.479
OSM-1106078247,Copernicus_DSM_COG_10_S44_00_E172_00_DEM,1,1113,15.06,22.793
OSM-1106078583,Copernicus_DSM_COG_10_S44_00_E173_00_DEM,1,770,12.187,18.304
OSM-1106078585,Copernicus_DSM_COG_10_S44_00_E173_00_DEM,1,511,14.932,20.33
OSM-1106078834,Copernicus_DSM_COG_10_S44_00_E173_00_DEM,1,949,15.703,24.461
OSM-1106078835,Copernicus_DSM_COG_10_S44_00_E173_00_DEM,1,914,17.181,26.833
OSM-1106079534,Copernicus_DSM_COG_10_S44_00_E173_00_DEM,1,712,25.51,33.879
OSM-1106081268,Copernicus_DSM_COG_10_S44_00_E173_00_DEM,1,366,10.827,15.071
OSM-1106081269,Copernicus_DSM_COG_10_S44_00_E173_00_DEM,1,665,24.934,29.776
OSM-1106081270,Copernicus_DSM_COG_10_S44_00_E173_00_DEM,1,1714,23.581,29.9
OSM-1106118997,Copernicus_DSM_COG_10_S44_00_E173_00_DEM,1,402,11.759,19.174
OSM-1106121769,Copernicus_DSM_COG_10_S44_00_E173_00_DEM,1,717,21.362,29.236
OSM-1106121771,Copernicus_DSM_COG_10_S44_00_E173_00_DEM,1,617,11.824,20.309
OSM-1106151300,Copernicus_DSM_COG_10_S44_00_E173_00_DEM,1,492,13.881,20.076
OSM-1106166169,Copernicus_DSM_COG_10_S44_00_E173_00_DEM,1,520,13.704,18.549
OSM-1106166175,Copernicus_DSM_COG_10_S44_00_E173_00_DEM,1,371,23.84,32.679
OSM-1106169049,Copernicus_DSM_COG_10_S44_00_E173_00_DEM,1,476,3.472,7.143
OSM-1106323286,Copernicus_DSM_COG_10_S44_00_E172_00_DEM,1,440,13.964,19.488
OSM-1106423230,Copernicus_DSM_COG_10_S44_00_E172_00_DEM,1,4172,19.817,28.633
OSM-1106423237,Copernicus_DSM_COG_10_S44_00_E172_00_DEM,1,1071,19.024,27.053
OSM-1106423247,Copernicus_DSM_COG_10_S44_00_E172_00_DEM,1,349,16.145,24.076
OSM-1106454531,Copernicus_DSM_COG_10_S44_00_E172_00_DEM,1,484,14.804,25.072
OSM-1106454532,Copernicus_DSM_COG_10_S44_00_E172_00_DEM,1,355,19.03,27.06
OSM-1106454534,Copernicus_DSM_COG_10_S44_00_E172_00_DEM,1,510,15.87,22.43
OSM-1106457484,Copernicus_DSM_COG_10_S44_00_E172_00_DEM,1,514,20.19,29.035
OSM-1106627390,Copernicus_DSM_COG_10_S45_00_E171_00_DEM,1,2669,0.771,1.431
OSM-1106627391,Copernicus_DSM_COG_10_S45_00_E171_00_DEM,1,1850,0.606,0.993
OSM-1106627392,Copernicus_DSM_COG_10_S45_00_E171_00_DEM,1,492,0.655,1.093
OSM-1106627395,Copernicus_DSM_COG_10_S45_00_E171_00_DEM,1,1028,0.731,1.001
OSM-1106627396,Copernicus_DSM_COG_10_S45_00_E171_00_DEM,1,1376,0.689,1.122
OSM-1106627397,Copernicus_DSM_COG_10_S45_00_E171_00_DEM,1,927,0.602,0.925
OSM-1106627398,Copernicus_DSM_COG_10_S45_00_E171_00_DEM,1,1104,0.63,1.032
OSM-1106627400,Copernicus_DSM_COG_10_S45_00_E171_00_DEM,1,1063,0.735,1.123
OSM-1106627401,Copernicus_DSM_COG_10_S45_00_E171_00_DEM,1,585,0.603,0.974
OSM-1106627402,Copernicus_DSM_COG_10_S45_00_E171_00_DEM,1,2027,0.641,1.047
OSM-1106627404,Copernicus_DSM_COG_10_S45_00_E171_00_DEM,1,510,0.582,0.935
OSM-1106627406,Copernicus_DSM_COG_10_S45_00_E171_00_DEM,1,1034,1.258,3.256
OSM-1106627409,Copernicus_DSM_COG_10_S45_00_E171_00_DEM,1,371,2.265,6.04
OSM-1106628386,Copernicus_DSM_COG_10_S45_00_E171_00_DEM,1,635,1.957,4.54
OSM-1106628387,Copernicus_DSM_COG_10_S45_00_E171_00_DEM,1,743,1.176,2.793
OSM-1106628388,Copernicus_DSM_COG_10_S45_00_E171_00_DEM,1,810,0.947,2.0
OSM-1106701765,Copernicus_DSM_COG_10_S44_00_E172_00_DEM,1,635,16.092,24.115
OSM-1106701767,Copernicus_DSM_COG_10_S44_00_E172_00_DEM,1,995,14.811,24.15
OSM-1106701768,Copernicus_DSM_COG_10_S44_00_E172_00_DEM,1,454,20.732,28.5
OSM-1106701776,Copernicus_DSM_COG_10_S44_00_E172_00_DEM,1,737,12.981,23.421
OSM-1106701778,Copernicus_DSM_COG_10_S44_00_E172_00_DEM,1,804,22.536,29.847
OSM-1106701779,Copernicus_DSM_COG_10_S44_00_E172_00_DEM,1,464,22.853,28.938
OSM-1106701808,Copernicus_DSM_COG_10_S44_00_E172_00_DEM,1,1427,19.109,26.477
OSM-1106701809,Copernicus_DSM_COG_10_S44_00_E172_00_DEM,1,330,17.935,26.129
OSM-1106701826,Copernicus_DSM_COG_10_S44_00_E172_00_DEM,1,693,21.27,27.8
OSM-1106799015,Copernicus_DSM_COG_10_S44_00_E172_00_DEM,1,1591,18.111,32.744
OSM-1106805082,Copernicus_DSM_COG_10_S44_00_E172_00_DEM,1,735,23.507,29.598
OSM-1106805107,Copernicus_DSM_COG_10_S44_00_E172_00_DEM,1,2658,22.456,29.709
OSM-1106805122,Copernicus_DSM_COG_10_S44_00_E172_00_DEM,1,411,23.597,30.392
OSM-1106805123,Copernicus_DSM_COG_10_S44_00_E172_00_DEM,1,801,23.19,32.372
OSM-1106805126,Copernicus_DSM_COG_10_S44_00_E172_00_DEM,1,536,24.399,31.97
OSM-1106805132,Copernicus_DSM_COG_10_S44_00_E172_00_DEM,1,412,20.857,28.006
OSM-1106833202,Copernicus_DSM_COG_10_S44_00_E172_00_DEM,1,1238,0.382,0.64
OSM-1106893513,Copernicus_DSM_COG_10_S44_00_E172_00_DEM,1,2227,0.742,1.137
OSM-1106893514,Copernicus_DSM_COG_10_S44_00_E172_00_DEM,1,2313,0.77,1.229
OSM-1106893516,Copernicus_DSM_COG_10_S44_00_E172_00_DEM,1,1726,1.072,2.702
OSM-1106893517,Copernicus_DSM_COG_10_S44_00_E172_00_DEM,1,1717,0.787,1.192
OSM-1106893518,Copernicus_DSM_COG_10_S44_00_E172_00_DEM,1,1451,1.213,2.728
OSM-1106893519,Copernicus_DSM_COG_10_S44_00_E172_00_DEM,1,1023,1.389,2.983
OSM-1106893520,Copernicus_DSM_COG_10_S44_00_E172_00_DEM,1,515,1.478,4.078
OSM-1106893521,Copernicus_DSM_COG_10_S44_00_E172_00_DEM,1,525,2.619,7.186
OSM-1106893522,Copernicus_DSM_COG_10_S44_00_E172_00_DEM,1,375,1.475,3.667
OSM-1106893525,Copernicus_DSM_COG_10_S44_00_E172_00_DEM,1,617,1.953,3.557
OSM-1106893529,Copernicus_DSM_COG_10_S44_00_E172_00_DEM,1,3469,1.206,2.458
OSM-1106893534,Copernicus_DSM_COG_10_S44_00_E172_00_DEM,1,551,1.207,2.792
OSM-1106896735,Copernicus_DSM_COG_10_S44_00_E172_00_DEM,1,410,0.453,0.79
OSM-1106896736,Copernicus_DSM_COG_10_S44_00_E172_00_DEM,1,377,0.677,1.417
OSM-1106896737,Copernicus_DSM_COG_10_S44_00_E172_00_DEM,1,1069,0.566,0.986
OSM-1106896738,Copernicus_DSM_COG_10_S44_00_E172_00_DEM,1,4767,0.607,1.012
OSM-1106896740,Copernicus_DSM_COG_10_S44_00_E172_00_DEM,1,472,0.445,0.778
OSM-1106896744,Copernicus_DSM_COG_10_S44_00_E172_00_DEM,1,1385,0.465,0.777
OSM-1106896748,Copernicus_DSM_COG_10_S44_00_E172_00_DEM,1,2554,0.458,0.709
OSM-1106936686,Copernicus_DSM_COG_10_S44_00_E172_00_DEM,1,377,0.315,0.556
OSM-1107086843,Copernicus_DSM_COG_10_S44_00_E172_00_DEM,1,434,0.484,0.809
OSM-1107086847,Copernicus_DSM_COG_10_S44_00_E172_00_DEM,1,451,0.303,0.514
OSM-1107086848,Copernicus_DSM_COG_10_S44_00_E172_00_DEM,1,794,0.531,1.333
OSM-1107087720,Copernicus_DSM_COG_10_S44_00_E172_00_DEM,1,900,0.45,0.89
OSM-1107087730,Copernicus_DSM_COG_10_S44_00_E172_00_DEM,1,631,0.418,0.864
OSM-1107087731,Copernicus_DSM_COG_10_S44_00_E172_00_DEM,1,681,0.404,0.755
OSM-1107087733,Copernicus_DSM_COG_10_S44_00_E172_00_DEM,1,675,0.582,1.222
OSM-1107087740,Copernicus_DSM_COG_10_S44_00_E172_00_DEM,1,393,0.806,1.815
OSM-1107203598,Copernicus_DSM_COG_10_S44_00_E172_00_DEM,1,4523,0.57,0.963
OSM-1107203602,Copernicus_DSM_COG_10_S44_00_E172_00_DEM,1,2224,0.58,1.012
OSM-1107211402,Copernicus_DSM_COG_10_S44_00_E172_00_DEM,1,616,1.0,2.171
OSM-1107211405,Copernicus_DSM_COG_10_S44_00_E172_00_DEM,1,480,0.805,1.691
OSM-1107211406,Copernicus_DSM_COG_10_S44_00_E172_00_DEM,1,450,1.477,3.086
OSM-1107391469,Copernicus_DSM_COG_10_S44_00_E172_00_DEM,1,1137,0.53,1.021
OSM-1107391470,Copernicus_DSM_COG_10_S44_00_E172_00_DEM,1,1208,0.424,0.76
OSM-1107391471,Copernicus_DSM_COG_10_S44_00_E172_00_DEM,1,905,0.892,1.865
OSM-1107391472,Copernicus_DSM_COG_10_S44_00_E172_00_DEM,1,573,0.485,0.73
OSM-1107391473,Copernicus_DSM_COG_10_S44_00_E172_00_DEM,1,1013,1.028,2.264
OSM-1107391474,Copernicus_DSM_COG_10_S44_00_E172_00_DEM,1,617,1.909,5.574
OSM-1107391478,Copernicus_DSM_COG_10_S44_00_E172_00_DEM,1,1766,0.746,1.138
OSM-1107391480,Copernicus_DSM_COG_10_S44_00_E172_00_DEM,1,449,0.68,1.134
OSM-1107391481,Copernicus_DSM_COG_10_S44_00_E172_00_DEM,1,789,0.467,0.759
OSM-1107399147,Copernicus_DSM_COG_10_S44_00_E172_00_DEM,1,394,0.389,0.68
OSM-1107443280,Copernicus_DSM_COG_10_S44_00_E172_00_DEM,1,804,1.976,6.821
OSM-1107443281,Copernicus_DSM_COG_10_S44_00_E172_00_DEM,1,543,1.718,6.021
OSM-1107443284,Copernicus_DSM_COG_10_S44_00_E172_00_DEM,1,466,0.856,2.176
OSM-1107443285,Copernicus_DSM_COG_10_S44_00_E172_00_DEM,1,1244,0.877,2.072
OSM-1107443286,Copernicus_DSM_COG_10_S44_00_E172_00_DEM,1,965,0.434,0.825
OSM-1107443287,Copernicus_DSM_COG_10_S44_00_E172_00_DEM,1,1016,0.572,1.174
OSM-1107443289,Copernicus_DSM_COG_10_S44_00_E172_00_DEM,1,443,0.435,0.8
OSM-1107444264,Copernicus_DSM_COG_10_S44_00_E172_00_DEM,1,955,0.702,0.997
OSM-1107444265,Copernicus_DSM_COG_10_S44_00_E172_00_DEM,1,399,0.575,0.902
OSM-1107444269,Copernicus_DSM_COG_10_S44_00_E172_00_DEM,1,547,0.72,1.656
OSM-1107445935,Copernicus_DSM_COG_10_S44_00_E172_00_DEM,1,1331,0.47,0.768
OSM-1107584568,Copernicus_DSM_COG_10_S44_00_E172_00_DEM,1,630,1.067,2.391
OSM-1107584575,Copernicus_DSM_COG_10_S44_00_E172_00_DEM,1,596,1.491,3.547
OSM-1107707986,Copernicus_DSM_COG_10_S44_00_E172_00_DEM,1,447,0.94,2.304
OSM-1112683339,Copernicus_DSM_COG_10_S44_00_E172_00_DEM,1,434,0.939,2.297
OSM-1112683340,Copernicus_DSM_COG_10_S44_00_E172_00_DEM,1,1485,0.563,0.894
OSM-1115206447,Copernicus_DSM_COG_10_S44_00_E172_00_DEM,1,598,0.655,1.202
OSM-1115575538,Copernicus_DSM_COG_10_S44_00_E172_00_DEM,1,592,0.729,1.743
OSM-1124881277,Copernicus_DSM_COG_10_S44_00_E171_00_DEM,1,800,0.646,1.171
OSM-1176699043,Copernicus_DSM_COG_10_S44_00_E172_00_DEM,1,1816,1.216,3.314
OSM-1221896585,Copernicus_DSM_COG_10_S44_00_E172_00_DEM,1,1068,0.994,2.437
OSM-1375323189,Copernicus_DSM_COG_10_S44_00_E172_00_DEM,1,1164,1.574,3.26
OSM-1375323190,Copernicus_DSM_COG_10_S44_00_E172_00_DEM,1,474,1.598,3.192
OSM-1379870338,Copernicus_DSM_COG_10_S44_00_E171_00_DEM,1,366,0.631,0.913
OSM-1379870339,Copernicus_DSM_COG_10_S44_00_E171_00_DEM,1,403,0.592,0.861
OSM-1419668701,Copernicus_DSM_COG_10_S45_00_E171_00_DEM,1,1454,0.678,1.145
OSM-1419668702,Copernicus_DSM_COG_10_S45_00_E171_00_DEM,1,690,0.666,1.077
OSM-1419668708,Copernicus_DSM_COG_10_S45_00_E171_00_DEM,1,692,0.676,0.944
OSM-1419668711,Copernicus_DSM_COG_10_S45_00_E171_00_DEM,1,410,0.734,1.226
OSM-1419668719,Copernicus_DSM_COG_10_S45_00_E171_00_DEM,1,1117,0.663,1.015
OSM-1419668746,Copernicus_DSM_COG_10_S45_00_E171_00_DEM,1,468,0.684,1.139
OSM-1419668751,Copernicus_DSM_COG_10_S45_00_E171_00_DEM,1,1128,0.496,0.807
OSM-1419668753,Copernicus_DSM_COG_10_S45_00_E171_00_DEM,1,1006,0.472,0.773
OSM-1419668754,Copernicus_DSM_COG_10_S45_00_E171_00_DEM,1,1118,0.545,0.831
OSM-1419668757,Copernicus_DSM_COG_10_S45_00_E171_00_DEM,1,1486,0.55,0.908
OSM-1419668758,Copernicus_DSM_COG_10_S45_00_E171_00_DEM,1,1303,0.485,0.79
OSM-1419668759,Copernicus_DSM_COG_10_S45_00_E171_00_DEM,1,1430,0.531,0.819
OSM-1419668760,Copernicus_DSM_COG_10_S45_00_E171_00_DEM,1,1041,0.767,0.935
OSM-144175434,Copernicus_DSM_COG_10_S44_00_E172_00_DEM,1,759,1.849,4.309
OSM-1442514369,Copernicus_DSM_COG_10_S45_00_E171_00_DEM,1,734,1.373,3.827
OSM-1453758016,Copernicus_DSM_COG_10_S44_00_E172_00_DEM,1,2181,0.747,1.273
OSM-1467679634,Copernicus_DSM_COG_10_S44_00_E171_00_DEM,1,1412,1.04,1.806
OSM-1467679635,Copernicus_DSM_COG_10_S44_00_E171_00_DEM,1,633,1.004,1.795
OSM-1467679636,Copernicus_DSM_COG_10_S44_00_E171_00_DEM,1,1233,1.253,2.322
OSM-1467881019,Copernicus_DSM_COG_10_S45_00_E171_00_DEM,1,426,1.116,1.688
OSM-1467881020,Copernicus_DSM_COG_10_S45_00_E171_00_DEM,1,415,2.659,10.694
OSM-1467881021,Copernicus_DSM_COG_10_S45_00_E171_00_DEM,1,370,1.197,3.502
OSM-1467881022,Copernicus_DSM_COG_10_S45_00_E171_00_DEM,1,809,1.082,3.159
OSM-1467881023,Copernicus_DSM_COG_10_S45_00_E171_00_DEM,1,654,0.6,1.321
OSM-1467881024,Copernicus_DSM_COG_10_S45_00_E171_00_DEM,1,795,1.351,2.261
OSM-1468063750,Copernicus_DSM_COG_10_S44_00_E171_00_DEM,1,530,1.011,1.727
OSM-1468063751,Copernicus_DSM_COG_10_S44_00_E171_00_DEM,1,1248,1.097,1.865
OSM-1468063758,Copernicus_DSM_COG_10_S44_00_E171_00_DEM,1,449,1.003,1.596
OSM-1468449500,Copernicus_DSM_COG_10_S44_00_E172_00_DEM,1,1900,0.981,1.873
OSM-1468449501,Copernicus_DSM_COG_10_S44_00_E172_00_DEM,1,662,0.726,1.202
OSM-1468449503,Copernicus_DSM_COG_10_S44_00_E172_00_DEM,1,1102,0.994,1.521
OSM-1468449517,Copernicus_DSM_COG_10_S44_00_E172_00_DEM,1,380,0.834,1.488
OSM-1468449520,Copernicus_DSM_COG_10_S44_00_E172_00_DEM,1,2695,0.892,1.32
OSM-1468449528,Copernicus_DSM_COG_10_S44_00_E172_00_DEM,1,770,1.97,5.323
OSM-1468449531,Copernicus_DSM_COG_10_S44_00_E172_00_DEM,1,3498,0.731,1.213
OSM-1468449556,Copernicus_DSM_COG_10_S44_00_E172_00_DEM,1,443,0.803,1.437
OSM-1468790281,Copernicus_DSM_COG_10_S44_00_E172_00_DEM,1,840,0.88,1.551
OSM-1468790282,Copernicus_DSM_COG_10_S44_00_E172_00_DEM,1,845,0.648,1.006
OSM-1468790283,Copernicus_DSM_COG_10_S44_00_E172_00_DEM,1,970,0.943,1.706
OSM-1468790284,Copernicus_DSM_COG_10_S44_00_E172_00_DEM,1,1554,0.732,1.188
OSM-1468790287,Copernicus_DSM_COG_10_S44_00_E172_00_DEM,1,549,0.79,1.276
OSM-1468790290,Copernicus_DSM_COG_10_S44_00_E172_00_DEM,1,2037,0.656,1.079
OSM-1468790293,Copernicus_DSM_COG_10_S44_00_E172_00_DEM,1,1088,1.19,2.546
OSM-1468790294,Copernicus_DSM_COG_10_S44_00_E172_00_DEM,1,350,0.93,1.861
OSM-1468790295,Copernicus_DSM_COG_10_S44_00_E172_00_DEM,1,435,0.775,1.39
OSM-1468790314,Copernicus_DSM_COG_10_S44_00_E172_00_DEM,1,901,0.717,1.235
OSM-1468790316,Copernicus_DSM_COG_10_S44_00_E172_00_DEM,1,375,0.844,1.61
OSM-1468878948,Copernicus_DSM_COG_10_S44_00_E172_00_DEM,1,996,2.917,6.576
OSM-1468878953,Copernicus_DSM_COG_10_S44_00_E172_00_DEM,1,2625,1.077,1.987
OSM-1468878954,Copernicus_DSM_COG_10_S44_00_E172_00_DEM,1,423,1.075,1.664
OSM-1468878955,Copernicus_DSM_COG_10_S44_00_E172_00_DEM,1,496,0.619,1.08
OSM-1468878956,Copernicus_DSM_COG_10_S44_00_E172_00_DEM,1,1223,0.791,1.146
OSM-1468878957,Copernicus_DSM_COG_10_S44_00_E172_00_DEM,1,6402,3.148,7.609
OSM-1468878965,Copernicus_DSM_COG_10_S44_00_E172_00_DEM,1,919,3.154,6.89
OSM-1468878967,Copernicus_DSM_COG_10_S44_00_E172_00_DEM,1,1061,3.269,7.886
OSM-1468953812,Copernicus_DSM_COG_10_S44_00_E172_00_DEM,1,434,3.392,8.739
OSM-1468953814,Copernicus_DSM_COG_10_S44_00_E172_00_DEM,1,1480,3.378,8.062
OSM-1468953821,Copernicus_DSM_COG_10_S44_00_E172_00_DEM,1,1377,4.041,9.428
OSM-1468953822,Copernicus_DSM_COG_10_S44_00_E172_00_DEM,1,428,1.305,2.494
OSM-1468953824,Copernicus_DSM_COG_10_S44_00_E172_00_DEM,1,368,4.127,11.617
OSM-1468953827,Copernicus_DSM_COG_10_S44_00_E172_00_DEM,1,366,3.895,8.676
OSM-1468953829,Copernicus_DSM_COG_10_S44_00_E172_00_DEM,1,1035,3.943,9.592
OSM-1468953830,Copernicus_DSM_COG_10_S44_00_E172_00_DEM,1,1363,0.874,1.189
OSM-1468953831,Copernicus_DSM_COG_10_S44_00_E172_00_DEM,1,1113,0.821,1.223
OSM-1468953832,Copernicus_DSM_COG_10_S44_00_E172_00_DEM,1,1296,0.997,1.351
OSM-1468953833,Copernicus_DSM_COG_10_S44_00_E172_00_DEM,1,983,2.021,7.248
OSM-1468953834,Copernicus_DSM_COG_10_S44_00_E172_00_DEM,1,478,0.663,1.042
OSM-1468953836,Copernicus_DSM_COG_10_S44_00_E172_00_DEM,1,624,0.65,1.043
OSM-1468953837,Copernicus_DSM_COG_10_S44_00_E172_00_DEM,1,1601,0.967,1.334
OSM-1469181660,Copernicus_DSM_COG_10_S44_00_E172_00_DEM,1,2779,0.574,0.913
OSM-1469181661,Copernicus_DSM_COG_10_S44_00_E172_00_DEM,1,1535,0.728,1.117
OSM-1469181662,Copernicus_DSM_COG_10_S44_00_E172_00_DEM,1,2791,0.865,1.64
OSM-1469181674,Copernicus_DSM_COG_10_S44_00_E172_00_DEM,1,438,0.869,1.102
OSM-1469181675,Copernicus_DSM_COG_10_S44_00_E172_00_DEM,1,884,0.681,1.127
OSM-1469181677,Copernicus_DSM_COG_10_S44_00_E172_00_DEM,1,419,0.545,0.901
OSM-1469181684,Copernicus_DSM_COG_10_S44_00_E172_00_DEM,1,1224,0.843,1.787
OSM-1469181685,Copernicus_DSM_COG_10_S44_00_E172_00_DEM,1,644,0.625,1.265
OSM-1469181690,Copernicus_DSM_COG_10_S44_00_E172_00_DEM,1,1296,0.863,1.567
OSM-1469181691,Copernicus_DSM_COG_10_S44_00_E172_00_DEM,1,915,1.235,2.811
OSM-1469181693,Copernicus_DSM_COG_10_S44_00_E172_00_DEM,1,538,1.36,3.67
OSM-1469181695,Copernicus_DSM_COG_10_S44_00_E172_00_DEM,1,356,0.48,0.807
OSM-1469233848,Copernicus_DSM_COG_10_S44_00_E172_00_DEM,1,1765,1.135,2.049
OSM-1469233856,Copernicus_DSM_COG_10_S44_00_E172_00_DEM,1,384,1.67,3.545
OSM-1469233857,Copernicus_DSM_COG_10_S44_00_E172_00_DEM,1,355,1.15,2.37
OSM-1469233880,Copernicus_DSM_COG_10_S44_00_E172_00_DEM,1,429,1.324,2.634
OSM-1469233885,Copernicus_DSM_COG_10_S44_00_E172_00_DEM,1,943,0.805,1.521
OSM-1469233898,Copernicus_DSM_COG_10_S44_00_E172_00_DEM,1,505,1.252,2.858
OSM-1469233901,Copernicus_DSM_COG_10_S44_00_E172_00_DEM,1,493,1.592,3.106
OSM-1469233902,Copernicus_DSM_COG_10_S44_00_E172_00_DEM,1,561,2.418,4.065
OSM-1469233904,Copernicus_DSM_COG_10_S44_00_E172_00_DEM,1,559,1.698,5.166
OSM-1469233912,Copernicus_DSM_COG_10_S44_00_E172_00_DEM,1,641,1.604,2.74
OSM-1469233913,Copernicus_DSM_COG_10_S44_00_E172_00_DEM,1,897,1.896,3.333
OSM-1469233920,Copernicus_DSM_COG_10_S44_00_E172_00_DEM,1,1085,2.765,5.631
OSM-1469233924,Copernicus_DSM_COG_10_S44_00_E172_00_DEM,1,615,2.199,3.917
OSM-1469310871,Copernicus_DSM_COG_10_S44_00_E172_00_DEM,1,468,0.785,1.59
OSM-1469310892,Copernicus_DSM_COG_10_S44_00_E172_00_DEM,1,467,0.882,1.709
OSM-1469598565,Copernicus_DSM_COG_10_S44_00_E172_00_DEM,1,328,0.867,1.768
OSM-1469598606,Copernicus_DSM_COG_10_S44_00_E172_00_DEM,1,441,0.856,1.708
OSM-1469598607,Copernicus_DSM_COG_10_S44_00_E172_00_DEM,1,418,1.219,2.563
OSM-1469598649,Copernicus_DSM_COG_10_S44_00_E172_00_DEM,1,354,1.711,5.544
OSM-1469599341,Copernicus_DSM_COG_10_S44_00_E172_00_DEM,1,516,0.835,1.62
OSM-1469599342,Copernicus_DSM_COG_10_S44_00_E172_00_DEM,1,342,1.635,3.766
OSM-1471485133,Copernicus_DSM_COG_10_S44_00_E172_00_DEM,1,3431,0.778,1.369
OSM-1471485134,Copernicus_DSM_COG_10_S44_00_E172_00_DEM,1,727,0.598,0.929
OSM-1471485138,Copernicus_DSM_COG_10_S44_00_E172_00_DEM,1,961,0.699,1.228
OSM-1471485143,Copernicus_DSM_COG_10_S44_00_E172_00_DEM,1,2342,0.61,0.891
OSM-1471485165,Copernicus_DSM_COG_10_S44_00_E172_00_DEM,1,2483,0.58,0.886
OSM-1471485167,Copernicus_DSM_COG_10_S44_00_E172_00_DEM,1,340,0.702,1.058
OSM-1471485168,Copernicus_DSM_COG_10_S44_00_E172_00_DEM,1,1665,0.571,0.927
OSM-1471485182,Copernicus_DSM_COG_10_S44_00_E172_00_DEM,1,822,0.869,1.268
OSM-1472735058,Copernicus_DSM_COG_10_S44_00_E172_00_DEM,1,944,0.561,0.854
OSM-1472735059,Copernicus_DSM_COG_10_S44_00_E172_00_DEM,1,428,0.832,1.204
OSM-1472735060,Copernicus_DSM_COG_10_S44_00_E172_00_DEM,1,714,0.628,0.942
OSM-1472735090,Copernicus_DSM_COG_10_S44_00_E172_00_DEM,1,451,0.653,1.162
OSM-1472735093,Copernicus_DSM_COG_10_S44_00_E172_00_DEM,1,955,0.652,0.9
OSM-1472735094,Copernicus_DSM_COG_10_S44_00_E172_00_DEM,1,396,0.758,0.973
OSM-1472735117,Copernicus_DSM_COG_10_S44_00_E172_00_DEM,1,636,0.665,0.983
OSM-1472735121,Copernicus_DSM_COG_10_S44_00_E172_00_DEM,1,622,0.56,0.909
OSM-1472957182,Copernicus_DSM_COG_10_S44_00_E172_00_DEM,1,1751,24.608,34.042
OSM-1472957183,Copernicus_DSM_COG_10_S44_00_E172_00_DEM,1,1511,12.086,18.445
OSM-1472957185,Copernicus_DSM_COG_10_S44_00_E172_00_DEM,1,1465,16.425,25.669
OSM-1472967806,Copernicus_DSM_COG_10_S44_00_E172_00_DEM,1,2632,20.656,31.483
OSM-1475621014,Copernicus_DSM_COG_10_S44_00_E172_00_DEM,1,2249,17.457,25.711
OSM-1475621015,Copernicus_DSM_COG_10_S44_00_E172_00_DEM,1,432,12.968,20.416
OSM-1476583873,Copernicus_DSM_COG_10_S44_00_E172_00_DEM,1,378,20.038,25.51
OSM-1476583874,Copernicus_DSM_COG_10_S44_00_E172_00_DEM,1,588,20.701,28.139
OSM-1476583878,Copernicus_DSM_COG_10_S44_00_E172_00_DEM,1,347,15.223,18.564
OSM-1477825543,Copernicus_DSM_COG_10_S44_00_E171_00_DEM,1,588,0.654,1.129
OSM-1477825545,Copernicus_DSM_COG_10_S44_00_E171_00_DEM,1,535,0.788,1.466
OSM-1477825552,Copernicus_DSM_COG_10_S44_00_E171_00_DEM,1,431,0.638,1.041
OSM-1477825553,Copernicus_DSM_COG_10_S44_00_E171_00_DEM,1,3289,0.581,0.96
OSM-1477825554,Copernicus_DSM_COG_10_S44_00_E171_00_DEM,1,756,0.763,1.284
OSM-1477825555,Copernicus_DSM_COG_10_S44_00_E171_00_DEM,1,615,0.596,0.995
OSM-1477825556,Copernicus_DSM_COG_10_S44_00_E171_00_DEM,1,603,0.653,1.06
OSM-1477825574,Copernicus_DSM_COG_10_S44_00_E171_00_DEM,1,1380,1.247,2.674
OSM-1477825575,Copernicus_DSM_COG_10_S44_00_E171_00_DEM,1,1296,1.081,2.497
OSM-1477825584,Copernicus_DSM_COG_10_S44_00_E171_00_DEM,1,1595,1.109,2.471
OSM-1477825586,Copernicus_DSM_COG_10_S44_00_E171_00_DEM,1,503,1.532,2.627
OSM-1477825592,Copernicus_DSM_COG_10_S44_00_E171_00_DEM,1,864,0.974,1.812
OSM-1477825593,Copernicus_DSM_COG_10_S44_00_E171_00_DEM,1,974,0.664,1.055
OSM-1477825594,Copernicus_DSM_COG_10_S44_00_E171_00_DEM,1,1148,1.299,2.193
OSM-1477825600,Copernicus_DSM_COG_10_S44_00_E171_00_DEM,1,1905,1.064,1.541
OSM-1477825604,Copernicus_DSM_COG_10_S44_00_E171_00_DEM,1,1009,0.919,1.811
OSM-1477829131,Copernicus_DSM_COG_10_S44_00_E171_00_DEM,1,819,0.737,1.436
OSM-1477829133,Copernicus_DSM_COG_10_S44_00_E171_00_DEM,1,2213,0.599,1.035
OSM-1478574283,Copernicus_DSM_COG_10_S44_00_E172_00_DEM,1,881,1.215,3.182
OSM-1478574290,Copernicus_DSM_COG_10_S44_00_E172_00_DEM,1,357,0.787,1.575
OSM-1478574308,Copernicus_DSM_COG_10_S44_00_E172_00_DEM,1,431,0.56,0.819
OSM-1478574328,Copernicus_DSM_COG_10_S44_00_E172_00_DEM,1,334,0.66,1.127
OSM-1478574329,Copernicus_DSM_COG_10_S44_00_E172_00_DEM,1,524,0.813,1.831
OSM-1478574330,Copernicus_DSM_COG_10_S44_00_E172_00_DEM,1,423,0.841,1.667
OSM-1478574332,Copernicus_DSM_COG_10_S44_00_E172_00_DEM,1,426,0.84,1.57
OSM-1478574333,Copernicus_DSM_COG_10_S44_00_E172_00_DEM,1,545,0.914,2.293
OSM-1478574334,Copernicus_DSM_COG_10_S44_00_E172_00_DEM,1,1195,0.651,1.101
OSM-1478574335,Copernicus_DSM_COG_10_S44_00_E172_00_DEM,1,1298,0.569,0.887
OSM-1478574336,Copernicus_DSM_COG_10_S44_00_E172_00_DEM,1,846,0.57,0.896
OSM-1478574337,Copernicus_DSM_COG_10_S44_00_E172_00_DEM,1,520,0.558,0.861
OSM-1478574358,Copernicus_DSM_COG_10_S44_00_E172_00_DEM,1,1264,0.694,1.183
OSM-1478574369,Copernicus_DSM_COG_10_S44_00_E172_00_DEM,1,550,1.12,2.632
OSM-1478574370,Copernicus_DSM_COG_10_S44_00_E172_00_DEM,1,805,0.864,1.554
OSM-1478666605,Copernicus_DSM_COG_10_S44_00_E171_00_DEM,1,1638,0.66,1.023
OSM-1478666610,Copernicus_DSM_COG_10_S44_00_E171_00_DEM,1,3479,0.599,0.92
OSM-1478666613,Copernicus_DSM_COG_10_S44_00_E171_00_DEM,1,1049,0.608,0.965
OSM-1478666614,Copernicus_DSM_COG_10_S44_00_E171_00_DEM;Copernicus_DSM_COG_10_S45_00_E171_00_DEM,2,7880,0.696,1.023
OSM-1478666615,Copernicus_DSM_COG_10_S45_00_E171_00_DEM,1,552,0.626,0.918
OSM-1478666616,Copernicus_DSM_COG_10_S45_00_E171_00_DEM,1,903,0.61,0.884
OSM-1478666617,Copernicus_DSM_COG_10_S45_00_E171_00_DEM,1,489,0.767,0.982
OSM-1478666619,Copernicus_DSM_COG_10_S45_00_E171_00_DEM,1,381,0.596,0.83
OSM-1478666620,Copernicus_DSM_COG_10_S45_00_E171_00_DEM,1,1035,0.753,1.134
OSM-1478666622,Copernicus_DSM_COG_10_S45_00_E171_00_DEM,1,425,0.997,2.075
OSM-1478666624,Copernicus_DSM_COG_10_S45_00_E171_00_DEM,1,378,1.456,1.856
OSM-1478666625,Copernicus_DSM_COG_10_S45_00_E171_00_DEM,1,361,1.284,2.049
OSM-1478666626,Copernicus_DSM_COG_10_S45_00_E171_00_DEM,1,362,1.509,2.001
OSM-1478666627,Copernicus_DSM_COG_10_S45_00_E171_00_DEM,1,353,1.793,3.057
OSM-1478666628,Copernicus_DSM_COG_10_S45_00_E171_00_DEM,1,380,1.403,2.205
OSM-1478666629,Copernicus_DSM_COG_10_S45_00_E171_00_DEM,1,714,1.668,2.896
OSM-1478666631,Copernicus_DSM_COG_10_S45_00_E171_00_DEM,1,8261,0.871,1.419
OSM-1478666632,Copernicus_DSM_COG_10_S45_00_E171_00_DEM,1,2257,0.705,1.17
OSM-1478669141,Copernicus_DSM_COG_10_S45_00_E171_00_DEM,1,384,0.785,1.545
OSM-1478715347,Copernicus_DSM_COG_10_S44_00_E172_00_DEM,1,620,0.891,1.524
OSM-1478837492,Copernicus_DSM_COG_10_S45_00_E171_00_DEM,1,472,0.644,1.147
OSM-1478837513,Copernicus_DSM_COG_10_S45_00_E171_00_DEM,1,370,1.048,1.763
OSM-1478837514,Copernicus_DSM_COG_10_S45_00_E171_00_DEM,1,383,0.703,1.422
OSM-1478837519,Copernicus_DSM_COG_10_S45_00_E171_00_DEM,1,423,1.115,2.62
OSM-1478895067,Copernicus_DSM_COG_10_S45_00_E171_00_DEM,1,494,0.474,0.791
OSM-1478895068,Copernicus_DSM_COG_10_S45_00_E171_00_DEM,1,492,0.502,0.858
OSM-1478895070,Copernicus_DSM_COG_10_S45_00_E171_00_DEM,1,466,0.582,1.073
OSM-1478895075,Copernicus_DSM_COG_10_S45_00_E171_00_DEM,1,749,0.601,1.016
OSM-1478895076,Copernicus_DSM_COG_10_S45_00_E171_00_DEM,1,824,0.652,1.051
OSM-1478904420,Copernicus_DSM_COG_10_S45_00_E171_00_DEM,1,1223,0.744,1.219
OSM-1478904427,Copernicus_DSM_COG_10_S45_00_E171_00_DEM,1,689,0.914,1.673
OSM-1478904451,Copernicus_DSM_COG_10_S44_00_E171_00_DEM,1,451,0.686,1.076
OSM-1478904452,Copernicus_DSM_COG_10_S44_00_E171_00_DEM,1,545,0.708,1.115
OSM-1478904453,Copernicus_DSM_COG_10_S44_00_E171_00_DEM,1,499,0.647,1.003
OSM-1478904454,Copernicus_DSM_COG_10_S44_00_E171_00_DEM,1,430,0.608,0.91
OSM-1478904455,Copernicus_DSM_COG_10_S44_00_E171_00_DEM,1,863,1.028,2.218
OSM-1478904463,Copernicus_DSM_COG_10_S44_00_E171_00_DEM,1,572,0.629,1.011
OSM-1478994810,Copernicus_DSM_COG_10_S44_00_E171_00_DEM,1,346,0.668,1.059
OSM-1478994812,Copernicus_DSM_COG_10_S44_00_E171_00_DEM,1,331,0.653,1.014
OSM-1478994814,Copernicus_DSM_COG_10_S44_00_E171_00_DEM,1,1660,0.81,1.209
OSM-1478994815,Copernicus_DSM_COG_10_S44_00_E171_00_DEM,1,512,0.849,1.337
OSM-1478994818,Copernicus_DSM_COG_10_S44_00_E171_00_DEM,1,588,0.827,1.415
OSM-1478994819,Copernicus_DSM_COG_10_S44_00_E171_00_DEM,1,2183,0.76,1.159
OSM-1478994820,Copernicus_DSM_COG_10_S44_00_E171_00_DEM,1,952,1.162,2.195
OSM-1478994821,Copernicus_DSM_COG_10_S44_00_E171_00_DEM,1,579,0.718,1.144
OSM-1478994825,Copernicus_DSM_COG_10_S44_00_E171_00_DEM,1,549,0.803,1.179
OSM-1478994828,Copernicus_DSM_COG_10_S44_00_E171_00_DEM,1,412,0.743,1.071
OSM-1478994829,Copernicus_DSM_COG_10_S44_00_E171_00_DEM,1,414,0.719,1.103
OSM-1478994830,Copernicus_DSM_COG_10_S44_00_E171_00_DEM,1,442,0.789,1.185
OSM-1478994832,Copernicus_DSM_COG_10_S44_00_E171_00_DEM,1,714,0.742,1.108
OSM-1478994834,Copernicus_DSM_COG_10_S44_00_E171_00_DEM,1,450,0.584,0.902
OSM-1478994836,Copernicus_DSM_COG_10_S44_00_E171_00_DEM,1,1420,0.718,1.129
OSM-1478994847,Copernicus_DSM_COG_10_S44_00_E171_00_DEM,1,1870,0.708,1.082
OSM-1478994857,Copernicus_DSM_COG_10_S44_00_E171_00_DEM,1,2114,0.617,0.958
OSM-1479035326,Copernicus_DSM_COG_10_S44_00_E171_00_DEM,1,1818,0.634,1.006
OSM-1479035329,Copernicus_DSM_COG_10_S44_00_E171_00_DEM,1,1004,0.605,0.982
OSM-1479035333,Copernicus_DSM_COG_10_S44_00_E171_00_DEM,1,777,0.649,1.126
OSM-1479035334,Copernicus_DSM_COG_10_S44_00_E171_00_DEM,1,1137,0.904,1.315
OSM-1479035339,Copernicus_DSM_COG_10_S44_00_E171_00_DEM,1,550,0.814,1.656
OSM-1479035340,Copernicus_DSM_COG_10_S44_00_E171_00_DEM,1,403,1.121,2.028
OSM-1479035341,Copernicus_DSM_COG_10_S44_00_E171_00_DEM,1,339,0.933,1.422
OSM-1479035347,Copernicus_DSM_COG_10_S44_00_E171_00_DEM,1,1011,0.986,1.857
OSM-1479035348,Copernicus_DSM_COG_10_S44_00_E171_00_DEM,1,679,0.897,1.444
OSM-1479035349,Copernicus_DSM_COG_10_S44_00_E171_00_DEM,1,583,0.708,0.982
OSM-1479035354,Copernicus_DSM_COG_10_S44_00_E171_00_DEM,1,755,0.895,1.261
OSM-1479035355,Copernicus_DSM_COG_10_S44_00_E171_00_DEM,1,624,0.626,0.98
OSM-1479035356,Copernicus_DSM_COG_10_S44_00_E171_00_DEM,1,480,0.715,1.053
OSM-1479035358,Copernicus_DSM_COG_10_S44_00_E171_00_DEM,1,2229,0.76,1.398
OSM-1479035359,Copernicus_DSM_COG_10_S44_00_E171_00_DEM,1,1670,0.624,0.959
OSM-1479035376,Copernicus_DSM_COG_10_S44_00_E171_00_DEM,1,981,0.685,1.04
OSM-1479036578,Copernicus_DSM_COG_10_S44_00_E171_00_DEM,1,798,0.878,1.78
OSM-1479036579,Copernicus_DSM_COG_10_S44_00_E171_00_DEM,1,819,0.879,1.251
OSM-1479036580,Copernicus_DSM_COG_10_S44_00_E171_00_DEM;Copernicus_DSM_COG_10_S45_00_E171_00_DEM,2,474,1.0,2.217
OSM-1479036599,Copernicus_DSM_COG_10_S44_00_E171_00_DEM;Copernicus_DSM_COG_10_S45_00_E171_00_DEM,2,1051,1.425,3.448
OSM-1479036600,Copernicus_DSM_COG_10_S45_00_E171_00_DEM,1,734,0.586,0.912
OSM-1479068609,Copernicus_DSM_COG_10_S45_00_E171_00_DEM,1,519,1.293,2.366
OSM-1479068619,Copernicus_DSM_COG_10_S45_00_E171_00_DEM,1,686,1.403,2.704
OSM-1479068621,Copernicus_DSM_COG_10_S45_00_E171_00_DEM,1,452,2.601,6.753
OSM-1479068622,Copernicus_DSM_COG_10_S45_00_E171_00_DEM,1,341,1.809,5.344
OSM-1479068623,Copernicus_DSM_COG_10_S45_00_E171_00_DEM,1,352,0.96,1.653
OSM-1479068630,Copernicus_DSM_COG_10_S45_00_E171_00_DEM,1,399,1.408,2.882
OSM-1479068636,Copernicus_DSM_COG_10_S45_00_E171_00_DEM,1,680,0.867,1.512
OSM-1479068637,Copernicus_DSM_COG_10_S45_00_E171_00_DEM,1,393,0.925,1.531
OSM-1479068639,Copernicus_DSM_COG_10_S45_00_E171_00_DEM,1,406,0.86,1.551
OSM-1479068640,Copernicus_DSM_COG_10_S45_00_E171_00_DEM,1,552,0.866,1.91
OSM-1479068648,Copernicus_DSM_COG_10_S45_00_E171_00_DEM,1,421,1.042,1.641
OSM-1479068649,Copernicus_DSM_COG_10_S45_00_E171_00_DEM,1,483,0.676,1.199
OSM-1479068650,Copernicus_DSM_COG_10_S45_00_E171_00_DEM,1,936,0.498,0.836
OSM-1481251133,Copernicus_DSM_COG_10_S44_00_E172_00_DEM,1,1836,1.265,2.459
OSM-1481254761,Copernicus_DSM_COG_10_S44_00_E171_00_DEM;Copernicus_DSM_COG_10_S44_00_E172_00_DEM,2,600,0.997,2.329
OSM-1481254822,Copernicus_DSM_COG_10_S44_00_E172_00_DEM,1,2393,0.936,1.733
OSM-1481261496,Copernicus_DSM_COG_10_S44_00_E172_00_DEM,1,2140,0.796,1.425
OSM-1481287512,Copernicus_DSM_COG_10_S44_00_E172_00_DEM,1,1869,1.201,2.265
OSM-1481444012,Copernicus_DSM_COG_10_S44_00_E172_00_DEM,1,860,17.917,24.395
OSM-1481444013,Copernicus_DSM_COG_10_S44_00_E172_00_DEM,1,646,18.594,27.375
OSM-1481444014,Copernicus_DSM_COG_10_S44_00_E172_00_DEM,1,1837,15.48,24.058
OSM-1481553192,Copernicus_DSM_COG_10_S44_00_E172_00_DEM,1,363,23.692,29.44
OSM-1481553195,Copernicus_DSM_COG_10_S44_00_E172_00_DEM,1,733,23.193,29.793
OSM-1481574605,Copernicus_DSM_COG_10_S44_00_E172_00_DEM,1,481,19.005,25.921
OSM-1481574608,Copernicus_DSM_COG_10_S44_00_E172_00_DEM,1,404,19.539,29.21
OSM-1481574610,Copernicus_DSM_COG_10_S44_00_E172_00_DEM,1,795,24.753,30.741
OSM-1481574611,Copernicus_DSM_COG_10_S44_00_E172_00_DEM,1,594,19.592,29.05
OSM-1481574636,Copernicus_DSM_COG_10_S44_00_E172_00_DEM,1,2308,25.494,32.789
OSM-1481574637,Copernicus_DSM_COG_10_S44_00_E172_00_DEM,1,2126,23.302,29.505
OSM-1481740891,Copernicus_DSM_COG_10_S44_00_E172_00_DEM,1,367,0.94,1.716
OSM-1481740893,Copernicus_DSM_COG_10_S44_00_E172_00_DEM,1,1206,0.823,1.455
OSM-1481984409,Copernicus_DSM_COG_10_S44_00_E172_00_DEM,1,1268,0.856,1.739
OSM-1481984414,Copernicus_DSM_COG_10_S44_00_E172_00_DEM,1,2693,0.624,1.072
OSM-1481984415,Copernicus_DSM_COG_10_S44_00_E172_00_DEM,1,927,0.517,0.902
OSM-1481984417,Copernicus_DSM_COG_10_S44_00_E172_00_DEM,1,1945,0.644,1.136
OSM-1481984418,Copernicus_DSM_COG_10_S44_00_E172_00_DEM,1,3631,0.688,1.267
OSM-1481990954,Copernicus_DSM_COG_10_S44_00_E172_00_DEM,1,516,1.684,5.196
OSM-1481990960,Copernicus_DSM_COG_10_S44_00_E172_00_DEM,1,564,0.845,1.795
OSM-1482243089,Copernicus_DSM_COG_10_S44_00_E172_00_DEM,1,1095,14.583,21.706
OSM-1482243091,Copernicus_DSM_COG_10_S44_00_E172_00_DEM,1,478,12.43,18.525
OSM-1482243092,Copernicus_DSM_COG_10_S44_00_E172_00_DEM,1,647,20.451,27.766
OSM-1482243093,Copernicus_DSM_COG_10_S44_00_E172_00_DEM,1,930,20.359,28.619
OSM-1482243094,Copernicus_DSM_COG_10_S44_00_E172_00_DEM,1,4595,19.796,29.641
OSM-1482342810,Copernicus_DSM_COG_10_S44_00_E172_00_DEM,1,1056,8.831,20.396
OSM-1482342817,Copernicus_DSM_COG_10_S44_00_E172_00_DEM,1,789,3.913,11.455
OSM-1482342833,Copernicus_DSM_COG_10_S44_00_E172_00_DEM,1,1015,21.022,30.205
OSM-1482342836,Copernicus_DSM_COG_10_S44_00_E172_00_DEM,1,578,18.674,26.059
OSM-1482342837,Copernicus_DSM_COG_10_S44_00_E172_00_DEM,1,985,17.895,27.627
OSM-1482342838,Copernicus_DSM_COG_10_S44_00_E172_00_DEM,1,373,8.735,19.175
OSM-1482342841,Copernicus_DSM_COG_10_S44_00_E172_00_DEM,1,365,19.548,24.791
OSM-1482342847,Copernicus_DSM_COG_10_S44_00_E172_00_DEM,1,1165,20.297,27.197
OSM-1482527572,Copernicus_DSM_COG_10_S44_00_E172_00_DEM,1,836,19.07,27.255
OSM-1482527574,Copernicus_DSM_COG_10_S44_00_E172_00_DEM,1,676,16.025,22.383
OSM-1482527582,Copernicus_DSM_COG_10_S44_00_E172_00_DEM,1,742,21.602,29.553
OSM-1482582689,Copernicus_DSM_COG_10_S44_00_E171_00_DEM,1,1768,0.917,1.481
OSM-1482582700,Copernicus_DSM_COG_10_S44_00_E171_00_DEM;Copernicus_DSM_COG_10_S44_00_E172_00_DEM,2,8750,0.707,1.123
OSM-1482582703,Copernicus_DSM_COG_10_S44_00_E171_00_DEM,1,447,1.016,1.139
OSM-1482582704,Copernicus_DSM_COG_10_S44_00_E171_00_DEM,1,1052,0.753,1.177
OSM-1482582709,Copernicus_DSM_COG_10_S44_00_E171_00_DEM,1,460,0.861,1.251
OSM-1482687321,Copernicus_DSM_COG_10_S45_00_E171_00_DEM,1,2513,1.115,2.579
OSM-1482687333,Copernicus_DSM_COG_10_S45_00_E171_00_DEM,1,387,0.552,0.955
OSM-1482687337,Copernicus_DSM_COG_10_S45_00_E171_00_DEM,1,379,0.73,1.692
OSM-1482687339,Copernicus_DSM_COG_10_S45_00_E171_00_DEM,1,758,0.868,2.214
OSM-1482687340,Copernicus_DSM_COG_10_S45_00_E171_00_DEM,1,1498,1.5,5.149
OSM-1482687341,Copernicus_DSM_COG_10_S45_00_E171_00_DEM,1,500,0.915,1.661
OSM-1482687342,Copernicus_DSM_COG_10_S45_00_E171_00_DEM,1,587,0.734,1.482
OSM-1482687343,Copernicus_DSM_COG_10_S45_00_E171_00_DEM,1,437,0.837,1.682
OSM-1482687358,Copernicus_DSM_COG_10_S45_00_E171_00_DEM,1,1323,1.126,2.334
OSM-1482687373,Copernicus_DSM_COG_10_S45_00_E171_00_DEM,1,411,0.638,0.998
OSM-1482732530,Copernicus_DSM_COG_10_S44_00_E171_00_DEM;Copernicus_DSM_COG_10_S45_00_E171_00_DEM,2,516,1.391,2.619
OSM-1482732531,Copernicus_DSM_COG_10_S45_00_E171_00_DEM,1,1388,0.978,1.735
OSM-1482732532,Copernicus_DSM_COG_10_S45_00_E171_00_DEM,1,673,0.986,1.637
OSM-1482732535,Copernicus_DSM_COG_10_S44_00_E171_00_DEM,1,401,0.983,1.676
OSM-1482732536,Copernicus_DSM_COG_10_S44_00_E171_00_DEM;Copernicus_DSM_COG_10_S45_00_E171_00_DEM,2,368,1.145,1.973
OSM-1482901368,Copernicus_DSM_COG_10_S44_00_E171_00_DEM;Copernicus_DSM_COG_10_S45_00_E171_00_DEM,2,3561,1.189,2.049
OSM-1482901373,Copernicus_DSM_COG_10_S45_00_E171_00_DEM,1,1579,1.088,1.881
OSM-1482972844,Copernicus_DSM_COG_10_S45_00_E171_00_DEM,1,1703,1.079,2.076
OSM-1482972845,Copernicus_DSM_COG_10_S45_00_E171_00_DEM,1,1609,1.328,2.489
OSM-1482972849,Copernicus_DSM_COG_10_S45_00_E171_00_DEM,1,337,1.387,2.338
OSM-1482972850,Copernicus_DSM_COG_10_S45_00_E171_00_DEM,1,414,1.912,4.136
OSM-1482972851,Copernicus_DSM_COG_10_S45_00_E171_00_DEM,1,344,1.503,3.131
OSM-1482972853,Copernicus_DSM_COG_10_S45_00_E171_00_DEM,1,397,1.903,3.51
OSM-1482972857,Copernicus_DSM_COG_10_S45_00_E171_00_DEM,1,455,1.274,2.396
OSM-1482972861,Copernicus_DSM_COG_10_S45_00_E171_00_DEM,1,942,1.038,1.708
OSM-1482972863,Copernicus_DSM_COG_10_S45_00_E171_00_DEM,1,837,0.86,1.488
OSM-1482972864,Copernicus_DSM_COG_10_S45_00_E171_00_DEM,1,507,1.113,1.904
OSM-1482972865,Copernicus_DSM_COG_10_S45_00_E171_00_DEM,1,2113,1.381,2.443
OSM-1482972869,Copernicus_DSM_COG_10_S45_00_E171_00_DEM,1,1391,1.176,2.225
OSM-1482972870,Copernicus_DSM_COG_10_S45_00_E171_00_DEM,1,1118,1.01,1.767
OSM-1482972881,Copernicus_DSM_COG_10_S45_00_E171_00_DEM,1,732,1.157,1.891
OSM-1482972884,Copernicus_DSM_COG_10_S45_00_E171_00_DEM,1,1211,1.529,2.854
OSM-1483067105,Copernicus_DSM_COG_10_S45_00_E171_00_DEM,1,1183,0.942,1.618
OSM-1483067106,Copernicus_DSM_COG_10_S45_00_E171_00_DEM,1,763,1.001,1.726
OSM-1483067107,Copernicus_DSM_COG_10_S45_00_E171_00_DEM,1,1087,1.362,2.193
OSM-1483067132,Copernicus_DSM_COG_10_S45_00_E171_00_DEM,1,477,0.88,1.543
OSM-1483068355,Copernicus_DSM_COG_10_S44_00_E171_00_DEM;Copernicus_DSM_COG_10_S45_00_E171_00_DEM,2,782,0.489,0.818
OSM-1483068356,Copernicus_DSM_COG_10_S44_00_E171_00_DEM,1,413,0.485,0.82
OSM-1483068358,Copernicus_DSM_COG_10_S44_00_E171_00_DEM;Copernicus_DSM_COG_10_S45_00_E171_00_DEM,2,760,0.452,0.805
OSM-1483068359,Copernicus_DSM_COG_10_S44_00_E171_00_DEM,1,1190,0.619,1.009
OSM-1483068373,Copernicus_DSM_COG_10_S44_00_E171_00_DEM,1,376,0.956,1.479
OSM-1483068378,Copernicus_DSM_COG_10_S44_00_E171_00_DEM,1,347,0.891,1.461
OSM-1483404642,Copernicus_DSM_COG_10_S45_00_E171_00_DEM,1,581,0.44,0.717
OSM-1483475313,Copernicus_DSM_COG_10_S44_00_E171_00_DEM,1,1132,1.265,2.27
OSM-1483475314,Copernicus_DSM_COG_10_S44_00_E171_00_DEM,1,342,1.136,1.965
OSM-1483475320,Copernicus_DSM_COG_10_S44_00_E171_00_DEM,1,460,1.09,1.921
OSM-1483475321,Copernicus_DSM_COG_10_S44_00_E171_00_DEM,1,661,1.001,1.715
OSM-1483475324,Copernicus_DSM_COG_10_S44_00_E171_00_DEM,1,570,0.982,1.648
OSM-1483475328,Copernicus_DSM_COG_10_S44_00_E171_00_DEM,1,673,0.993,1.793
OSM-1483475339,Copernicus_DSM_COG_10_S44_00_E171_00_DEM,1,639,1.185,2.115
OSM-1483475343,Copernicus_DSM_COG_10_S44_00_E171_00_DEM,1,364,1.024,1.822
OSM-1483492555,Copernicus_DSM_COG_10_S44_00_E171_00_DEM,1,397,0.954,1.648
OSM-1483492558,Copernicus_DSM_COG_10_S44_00_E171_00_DEM,1,426,0.723,1.279
OSM-1483589768,Copernicus_DSM_COG_10_S44_00_E171_00_DEM,1,344,1.105,1.953
OSM-1483589776,Copernicus_DSM_COG_10_S44_00_E171_00_DEM,1,658,1.38,2.142
OSM-1483589777,Copernicus_DSM_COG_10_S44_00_E171_00_DEM,1,413,1.082,1.948
OSM-1483589778,Copernicus_DSM_COG_10_S44_00_E171_00_DEM,1,1426,1.558,3.302
OSM-1483589779,Copernicus_DSM_COG_10_S44_00_E171_00_DEM,1,524,1.141,2.024
OSM-1483634791,Copernicus_DSM_COG_10_S44_00_E171_00_DEM,1,406,1.118,1.956
OSM-1483634799,Copernicus_DSM_COG_10_S44_00_E171_00_DEM,1,532,1.087,1.929
OSM-1483634805,Copernicus_DSM_COG_10_S44_00_E171_00_DEM,1,1550,1.169,2.048
OSM-1483880063,Copernicus_DSM_COG_10_S44_00_E171_00_DEM,1,945,1.024,1.921
OSM-1483880064,Copernicus_DSM_COG_10_S44_00_E171_00_DEM,1,551,1.668,3.352
OSM-1483880065,Copernicus_DSM_COG_10_S44_00_E171_00_DEM,1,366,1.163,2.05
OSM-1483880070,Copernicus_DSM_COG_10_S44_00_E171_00_DEM,1,1847,1.618,2.881
OSM-1483881013,Copernicus_DSM_COG_10_S44_00_E171_00_DEM,1,1330,1.019,1.716
OSM-1483881014,Copernicus_DSM_COG_10_S44_00_E171_00_DEM,1,1229,0.982,1.653
OSM-1483881015,Copernicus_DSM_COG_10_S44_00_E171_00_DEM,1,2282,1.088,1.863
OSM-1483881016,Copernicus_DSM_COG_10_S44_00_E171_00_DEM,1,354,1.037,1.84
OSM-1483881017,Copernicus_DSM_COG_10_S44_00_E171_00_DEM,1,1413,1.157,1.867
OSM-1483881023,Copernicus_DSM_COG_10_S44_00_E171_00_DEM,1,3784,0.815,1.51
OSM-1483922186,Copernicus_DSM_COG_10_S44_00_E171_00_DEM,1,569,1.169,2.023
OSM-1483922187,Copernicus_DSM_COG_10_S44_00_E171_00_DEM,1,1283,0.589,0.948
OSM-1483922190,Copernicus_DSM_COG_10_S44_00_E171_00_DEM,1,580,0.862,1.468
OSM-1483922201,Copernicus_DSM_COG_10_S44_00_E171_00_DEM,1,469,0.787,1.309
OSM-1483922202,Copernicus_DSM_COG_10_S44_00_E171_00_DEM,1,2407,0.924,1.906
OSM-1483922209,Copernicus_DSM_COG_10_S44_00_E171_00_DEM,1,7116,0.615,0.952
OSM-1483922210,Copernicus_DSM_COG_10_S44_00_E171_00_DEM,1,1144,0.688,1.067
OSM-1483922212,Copernicus_DSM_COG_10_S44_00_E171_00_DEM,1,779,0.668,1.081
OSM-1483922213,Copernicus_DSM_COG_10_S44_00_E171_00_DEM,1,808,0.599,0.956
OSM-1483922215,Copernicus_DSM_COG_10_S44_00_E171_00_DEM,1,715,0.623,1.012
OSM-1483922233,Copernicus_DSM_COG_10_S44_00_E171_00_DEM,1,1008,0.834,1.126
OSM-1483922234,Copernicus_DSM_COG_10_S44_00_E171_00_DEM,1,1955,0.594,0.839
OSM-1483924091,Copernicus_DSM_COG_10_S44_00_E171_00_DEM,1,1353,0.761,1.29
OSM-1483924092,Copernicus_DSM_COG_10_S44_00_E171_00_DEM,1,2030,0.618,0.988
OSM-1483924097,Copernicus_DSM_COG_10_S44_00_E171_00_DEM,1,1056,0.707,1.081
OSM-1483924098,Copernicus_DSM_COG_10_S44_00_E171_00_DEM,1,1833,0.801,1.434
OSM-1483924104,Copernicus_DSM_COG_10_S44_00_E171_00_DEM,1,927,0.691,1.175
OSM-1483924105,Copernicus_DSM_COG_10_S44_00_E171_00_DEM,1,990,0.827,1.262
OSM-1483924106,Copernicus_DSM_COG_10_S44_00_E171_00_DEM,1,5466,0.598,0.937
OSM-1484710924,Copernicus_DSM_COG_10_S44_00_E171_00_DEM,1,341,1.029,2.397
OSM-1484710925,Copernicus_DSM_COG_10_S44_00_E171_00_DEM,1,365,0.858,1.362
OSM-1484710929,Copernicus_DSM_COG_10_S44_00_E171_00_DEM,1,661,0.652,1.144
OSM-1484710930,Copernicus_DSM_COG_10_S44_00_E171_00_DEM,1,702,0.585,0.903
OSM-1484710931,Copernicus_DSM_COG_10_S44_00_E171_00_DEM,1,1850,0.763,1.195
OSM-1484710933,Copernicus_DSM_COG_10_S44_00_E171_00_DEM,1,695,0.737,1.357
OSM-1484710935,Copernicus_DSM_COG_10_S44_00_E171_00_DEM,1,590,0.639,1.056
OSM-1484710936,Copernicus_DSM_COG_10_S44_00_E171_00_DEM,1,498,1.142,1.716
OSM-1484710948,Copernicus_DSM_COG_10_S44_00_E171_00_DEM,1,784,0.832,1.592
OSM-1484710960,Copernicus_DSM_COG_10_S44_00_E171_00_DEM,1,495,0.904,2.546
OSM-1484710961,Copernicus_DSM_COG_10_S44_00_E171_00_DEM,1,416,0.891,1.913
OSM-1484710971,Copernicus_DSM_COG_10_S44_00_E171_00_DEM,1,472,0.596,0.988
OSM-1484710972,Copernicus_DSM_COG_10_S44_00_E171_00_DEM,1,662,1.367,3.376
OSM-1485384528,Copernicus_DSM_COG_10_S44_00_E171_00_DEM,1,1306,0.837,1.483
OSM-1485384529,Copernicus_DSM_COG_10_S44_00_E171_00_DEM,1,1026,0.73,1.315
OSM-1485384530,Copernicus_DSM_COG_10_S44_00_E171_00_DEM,1,882,0.806,1.447
OSM-1485384534,Copernicus_DSM_COG_10_S44_00_E171_00_DEM,1,2968,0.822,1.357
OSM-1487884563,Copernicus_DSM_COG_10_S44_00_E172_00_DEM,1,449,0.652,0.946
OSM-1487884565,Copernicus_DSM_COG_10_S44_00_E172_00_DEM,1,429,0.917,1.7
OSM-1487884574,Copernicus_DSM_COG_10_S44_00_E171_00_DEM;Copernicus_DSM_COG_10_S44_00_E172_00_DEM,2,587,0.664,0.988
OSM-1488943152,Copernicus_DSM_COG_10_S44_00_E171_00_DEM,1,1277,0.704,0.93
OSM-1488943155,Copernicus_DSM_COG_10_S44_00_E171_00_DEM,1,457,0.928,2.047
OSM-1488943156,Copernicus_DSM_COG_10_S44_00_E171_00_DEM,1,521,0.699,1.255
OSM-1488943157,Copernicus_DSM_COG_10_S44_00_E171_00_DEM,1,2264,0.581,0.916
OSM-1488944103,Copernicus_DSM_COG_10_S44_00_E171_00_DEM,1,1358,0.651,1.016
OSM-1488944106,Copernicus_DSM_COG_10_S44_00_E171_00_DEM,1,481,0.709,1.136
OSM-1489167218,Copernicus_DSM_COG_10_S44_00_E171_00_DEM,1,1261,0.605,0.939
OSM-1489167232,Copernicus_DSM_COG_10_S44_00_E171_00_DEM,1,778,0.54,0.864
OSM-1489167245,Copernicus_DSM_COG_10_S44_00_E171_00_DEM,1,1307,0.574,0.895
OSM-1489167253,Copernicus_DSM_COG_10_S44_00_E171_00_DEM,1,530,0.794,1.763
OSM-1489167271,Copernicus_DSM_COG_10_S44_00_E171_00_DEM,1,930,0.598,0.901
OSM-1489168297,Copernicus_DSM_COG_10_S44_00_E171_00_DEM,1,463,0.664,1.04
OSM-1489168298,Copernicus_DSM_COG_10_S44_00_E171_00_DEM,1,862,0.624,1.062
OSM-1489168299,Copernicus_DSM_COG_10_S44_00_E171_00_DEM,1,1218,0.495,0.757
OSM-1489168766,Copernicus_DSM_COG_10_S44_00_E171_00_DEM,1,898,0.567,0.911
OSM-1489168767,Copernicus_DSM_COG_10_S44_00_E171_00_DEM,1,921,0.647,1.047
OSM-1489255538,Copernicus_DSM_COG_10_S44_00_E171_00_DEM,1,565,0.607,0.866
OSM-1489255539,Copernicus_DSM_COG_10_S44_00_E171_00_DEM,1,572,0.762,1.225
OSM-1489255540,Copernicus_DSM_COG_10_S44_00_E171_00_DEM,1,1403,0.704,1.022
OSM-1489255541,Copernicus_DSM_COG_10_S44_00_E171_00_DEM,1,960,0.59,0.887
OSM-1489255544,Copernicus_DSM_COG_10_S44_00_E171_00_DEM,1,965,0.726,1.044
OSM-1489255545,Copernicus_DSM_COG_10_S44_00_E171_00_DEM,1,391,0.665,0.955
OSM-1489255549,Copernicus_DSM_COG_10_S44_00_E171_00_DEM,1,345,1.05,2.789
OSM-1489255551,Copernicus_DSM_COG_10_S44_00_E171_00_DEM,1,548,0.869,1.78
OSM-1489459182,Copernicus_DSM_COG_10_S44_00_E171_00_DEM,1,570,0.652,1.194
OSM-1489459199,Copernicus_DSM_COG_10_S44_00_E171_00_DEM,1,637,1.637,4.607
OSM-1489459200,Copernicus_DSM_COG_10_S44_00_E171_00_DEM,1,1215,1.219,2.816
OSM-1489459203,Copernicus_DSM_COG_10_S44_00_E171_00_DEM,1,481,1.028,2.36
OSM-149051376,Copernicus_DSM_COG_10_S44_00_E172_00_DEM,1,2070,1.541,3.616
OSM-1497561570,Copernicus_DSM_COG_10_S44_00_E172_00_DEM,1,383,1.234,2.838
OSM-1497561644,Copernicus_DSM_COG_10_S44_00_E172_00_DEM,1,1076,0.697,1.409
OSM-1497561645,Copernicus_DSM_COG_10_S44_00_E172_00_DEM,1,1080,1.046,2.412
OSM-1497596541,Copernicus_DSM_COG_10_S44_00_E172_00_DEM,1,1475,0.94,1.754
OSM-1510044360,Copernicus_DSM_COG_10_S44_00_E172_00_DEM,1,1507,1.13,3.072
OSM-1510044361,Copernicus_DSM_COG_10_S44_00_E172_00_DEM,1,851,1.495,3.928
OSM-1510044362,Copernicus_DSM_COG_10_S44_00_E172_00_DEM,1,912,0.801,1.64
OSM-151815472,Copernicus_DSM_COG_10_S44_00_E172_00_DEM,1,822,2.022,3.657
OSM-1526369521,Copernicus_DSM_COG_10_S44_00_E171_00_DEM;Copernicus_DSM_COG_10_S44_00_E172_00_DEM,2,4723,1.307,2.953
OSM-230911462,Copernicus_DSM_COG_10_S44_00_E172_00_DEM,1,398,1.035,1.978
OSM-230911467,Copernicus_DSM_COG_10_S44_00_E172_00_DEM,1,495,0.972,2.855
OSM-230911476,Copernicus_DSM_COG_10_S44_00_E172_00_DEM,1,738,0.912,1.87
OSM-230911480,Copernicus_DSM_COG_10_S44_00_E172_00_DEM,1,2485,1.778,4.1
OSM-230911486,Copernicus_DSM_COG_10_S44_00_E172_00_DEM,1,762,2.057,5.022
OSM-230911489,Copernicus_DSM_COG_10_S44_00_E172_00_DEM,1,896,1.049,2.308
OSM-230911490,Copernicus_DSM_COG_10_S44_00_E172_00_DEM,1,2054,1.199,1.957
OSM-230911494,Copernicus_DSM_COG_10_S44_00_E172_00_DEM,1,684,4.104,7.547
OSM-230911496,Copernicus_DSM_COG_10_S44_00_E172_00_DEM,1,1198,1.149,1.81
OSM-230911497,Copernicus_DSM_COG_10_S44_00_E172_00_DEM,1,1040,1.974,4.084
OSM-230911498,Copernicus_DSM_COG_10_S44_00_E172_00_DEM,1,386,1.161,1.994
OSM-230911499,Copernicus_DSM_COG_10_S44_00_E172_00_DEM,1,961,1.205,2.85
OSM-232012049,Copernicus_DSM_COG_10_S44_00_E171_00_DEM,1,355,0.931,1.58
OSM-254602767,Copernicus_DSM_COG_10_S45_00_E171_00_DEM,1,1882,0.667,1.017
OSM-302171401,Copernicus_DSM_COG_10_S44_00_E172_00_DEM,1,541,0.775,1.52
OSM-302172036,Copernicus_DSM_COG_10_S44_00_E172_00_DEM,1,837,0.814,1.513
OSM-302172037,Copernicus_DSM_COG_10_S44_00_E172_00_DEM,1,1973,0.735,1.393
OSM-302195492,Copernicus_DSM_COG_10_S44_00_E172_00_DEM,1,766,1.548,3.851
OSM-399366335,Copernicus_DSM_COG_10_S44_00_E172_00_DEM,1,1103,0.416,0.7
OSM-399366338,Copernicus_DSM_COG_10_S44_00_E172_00_DEM,1,1004,0.443,0.749
OSM-408817051,Copernicus_DSM_COG_10_S44_00_E171_00_DEM;Copernicus_DSM_COG_10_S45_00_E171_00_DEM,2,1066,0.9,1.524
OSM-409724707,Copernicus_DSM_COG_10_S44_00_E171_00_DEM,1,1633,1.527,3.082
OSM-409724708,Copernicus_DSM_COG_10_S44_00_E171_00_DEM,1,2197,1.395,2.644
OSM-410471695,Copernicus_DSM_COG_10_S44_00_E171_00_DEM,1,2607,0.684,1.033
OSM-410471696,Copernicus_DSM_COG_10_S44_00_E171_00_DEM,1,729,1.617,4.048
OSM-410478204,Copernicus_DSM_COG_10_S44_00_E171_00_DEM,1,3262,1.273,2.737
OSM-410478208,Copernicus_DSM_COG_10_S44_00_E171_00_DEM,1,2836,1.166,2.768
OSM-410478212,Copernicus_DSM_COG_10_S44_00_E171_00_DEM,1,672,1.737,4.491
OSM-472448496,Copernicus_DSM_COG_10_S44_00_E172_00_DEM,1,1642,2.844,6.89
OSM-472454416,Copernicus_DSM_COG_10_S44_00_E172_00_DEM,1,804,1.897,4.108
OSM-475431124,Copernicus_DSM_COG_10_S44_00_E172_00_DEM,1,21153,1.983,4.695
OSM-479207602,Copernicus_DSM_COG_10_S44_00_E171_00_DEM,1,6168,0.61,0.98
OSM-479417034,Copernicus_DSM_COG_10_S44_00_E171_00_DEM,1,12050,0.696,1.106
OSM-479420386,Copernicus_DSM_COG_10_S44_00_E171_00_DEM,1,3038,0.686,1.112
OSM-479429963,Copernicus_DSM_COG_10_S44_00_E171_00_DEM,1,2588,0.648,1.067
OSM-479429964,Copernicus_DSM_COG_10_S44_00_E171_00_DEM,1,5031,0.62,1.007
OSM-479429965,Copernicus_DSM_COG_10_S44_00_E171_00_DEM,1,8037,0.596,0.954
OSM-479429968,Copernicus_DSM_COG_10_S44_00_E171_00_DEM,1,5623,0.576,0.935
OSM-479436126,Copernicus_DSM_COG_10_S45_00_E171_00_DEM,1,6771,0.741,1.099
OSM-479436129,Copernicus_DSM_COG_10_S45_00_E171_00_DEM,1,1103,0.988,1.446
OSM-479466672,Copernicus_DSM_COG_10_S44_00_E171_00_DEM,1,4554,0.63,0.988
OSM-479472614,Copernicus_DSM_COG_10_S44_00_E171_00_DEM;Copernicus_DSM_COG_10_S45_00_E171_00_DEM,2,1856,0.943,1.714
OSM-479474276,Copernicus_DSM_COG_10_S44_00_E171_00_DEM,1,3959,1.152,2.031
OSM-479852778,Copernicus_DSM_COG_10_S44_00_E171_00_DEM,1,25879,0.661,1.005
OSM-480010155,Copernicus_DSM_COG_10_S44_00_E171_00_DEM;Copernicus_DSM_COG_10_S45_00_E171_00_DEM,2,9733,0.666,1.067
OSM-480010156,Copernicus_DSM_COG_10_S44_00_E171_00_DEM;Copernicus_DSM_COG_10_S45_00_E171_00_DEM,2,4773,0.66,1.086
OSM-480142668,Copernicus_DSM_COG_10_S44_00_E171_00_DEM,1,553,0.751,1.158
OSM-480142670,Copernicus_DSM_COG_10_S44_00_E171_00_DEM,1,1259,0.842,1.526
OSM-480142671,Copernicus_DSM_COG_10_S44_00_E171_00_DEM;Copernicus_DSM_COG_10_S45_00_E171_00_DEM,2,3918,0.611,1.007
OSM-480142672,Copernicus_DSM_COG_10_S44_00_E171_00_DEM;Copernicus_DSM_COG_10_S45_00_E171_00_DEM,2,373,1.25,3.17
OSM-480143075,Copernicus_DSM_COG_10_S44_00_E171_00_DEM,1,925,0.635,1.007
OSM-480144064,Copernicus_DSM_COG_10_S45_00_E171_00_DEM,1,2839,0.574,0.877
OSM-480330889,Copernicus_DSM_COG_10_S44_00_E171_00_DEM,1,5091,0.845,1.574
OSM-480332360,Copernicus_DSM_COG_10_S44_00_E171_00_DEM,1,2214,0.779,1.067
OSM-480332363,Copernicus_DSM_COG_10_S44_00_E171_00_DEM,1,2180,0.989,1.7
OSM-480337838,Copernicus_DSM_COG_10_S44_00_E171_00_DEM,1,6014,1.189,2.082
OSM-480338099,Copernicus_DSM_COG_10_S44_00_E171_00_DEM,1,2657,0.601,0.907
OSM-480338100,Copernicus_DSM_COG_10_S44_00_E171_00_DEM,1,7055,0.634,1.011
OSM-480338547,Copernicus_DSM_COG_10_S44_00_E171_00_DEM,1,1588,0.666,1.115
OSM-486699969,Copernicus_DSM_COG_10_S44_00_E172_00_DEM,1,955,11.237,23.212
OSM-486701109,Copernicus_DSM_COG_10_S44_00_E172_00_DEM,1,711,1.234,2.768
OSM-491008669,Copernicus_DSM_COG_10_S44_00_E172_00_DEM,1,1148,1.29,3.057
OSM-493189593,Copernicus_DSM_COG_10_S44_00_E172_00_DEM,1,772,1.926,4.291
OSM-493190840,Copernicus_DSM_COG_10_S44_00_E172_00_DEM,1,961,2.367,4.608
OSM-520250786,Copernicus_DSM_COG_10_S44_00_E172_00_DEM,1,1174,2.375,6.349
OSM-538865135,Copernicus_DSM_COG_10_S44_00_E171_00_DEM,1,1279,0.901,1.962
OSM-563119311,Copernicus_DSM_COG_10_S44_00_E172_00_DEM,1,1065,0.931,1.642
OSM-633260423,Copernicus_DSM_COG_10_S44_00_E172_00_DEM,1,513,1.774,3.251
OSM-640934888,Copernicus_DSM_COG_10_S44_00_E171_00_DEM,1,697,0.54,0.898
OSM-648571337,Copernicus_DSM_COG_10_S44_00_E172_00_DEM,1,1170,1.127,2.368
OSM-660425929,Copernicus_DSM_COG_10_S44_00_E172_00_DEM,1,1476,1.004,2.314
OSM-669457679,Copernicus_DSM_COG_10_S44_00_E172_00_DEM,1,1180,3.114,6.528
OSM-726077056,Copernicus_DSM_COG_10_S44_00_E172_00_DEM,1,1478,1.359,3.198
OSM-726082076,Copernicus_DSM_COG_10_S44_00_E172_00_DEM,1,883,0.974,1.99
OSM-759554717,Copernicus_DSM_COG_10_S44_00_E172_00_DEM,1,342,1.17,2.164
OSM-762424901,Copernicus_DSM_COG_10_S44_00_E172_00_DEM,1,1684,1.704,4.285
OSM-793161432,Copernicus_DSM_COG_10_S44_00_E172_00_DEM,1,746,23.481,30.966
OSM-804239956,Copernicus_DSM_COG_10_S44_00_E172_00_DEM,1,635,14.591,23.606
OSM-804875354,Copernicus_DSM_COG_10_S44_00_E172_00_DEM,1,416,17.024,28.757
OSM-817370099,Copernicus_DSM_COG_10_S44_00_E172_00_DEM,1,468,16.513,26.18
OSM-817372217,Copernicus_DSM_COG_10_S44_00_E172_00_DEM,1,725,16.669,24.94
OSM-867672773,Copernicus_DSM_COG_10_S44_00_E172_00_DEM,1,1875,19.746,28.638
OSM-872856475,Copernicus_DSM_COG_10_S44_00_E172_00_DEM,1,1203,19.312,29.853
OSM-877727793,Copernicus_DSM_COG_10_S44_00_E172_00_DEM,1,415,14.445,19.564
OSM-886833167,Copernicus_DSM_COG_10_S45_00_E171_00_DEM,1,1363,0.816,1.28
OSM-886904998,Copernicus_DSM_COG_10_S44_00_E172_00_DEM,1,1561,2.488,6.579
OSM-886912284,Copernicus_DSM_COG_10_S44_00_E172_00_DEM,1,1414,3.278,6.338
OSM-905272534,Copernicus_DSM_COG_10_S44_00_E172_00_DEM,1,6722,0.56,0.875
OSM-916002784,Copernicus_DSM_COG_10_S44_00_E172_00_DEM,1,1904,1.153,2.608
OSM-916002785,Copernicus_DSM_COG_10_S44_00_E172_00_DEM,1,830,0.931,2.064
OSM-91842604,Copernicus_DSM_COG_10_S44_00_E172_00_DEM,1,876,1.581,2.89
OSM-91842613,Copernicus_DSM_COG_10_S44_00_E172_00_DEM,1,657,1.162,2.243
OSM-91842645,Copernicus_DSM_COG_10_S44_00_E172_00_DEM,1,387,1.598,3.136
OSM-96329221,Copernicus_DSM_COG_10_S44_00_E172_00_DEM,1,5214,0.648,0.974
OSM-966968456,Copernicus_DSM_COG_10_S44_00_E171_00_DEM,1,2030,0.778,1.11
OSM-966968457,Copernicus_DSM_COG_10_S44_00_E171_00_DEM,1,1202,0.787,1.103
OSM-966968459,Copernicus_DSM_COG_10_S44_00_E171_00_DEM,1,2091,1.068,2.202
OSM-97048564,Copernicus_DSM_COG_10_S44_00_E172_00_DEM,1,439,2.065,4.023
OSM-97048591,Copernicus_DSM_COG_10_S44_00_E172_00_DEM,1,1114,1.526,2.973
OSM-97048644,Copernicus_DSM_COG_10_S44_00_E172_00_DEM,1,423,3.549,7.253
OSM-97048701,Copernicus_DSM_COG_10_S44_00_E172_00_DEM,1,585,1.218,2.204
OSM-97048708,Copernicus_DSM_COG_10_S44_00_E172_00_DEM,1,337,2.312,3.973
OSM-97048713,Copernicus_DSM_COG_10_S44_00_E172_00_DEM,1,529,1.019,1.899
OSM-97048796,Copernicus_DSM_COG_10_S45_00_E171_00_DEM,1,450,0.721,1.249
OSM-97048816,Copernicus_DSM_COG_10_S44_00_E172_00_DEM,1,404,1.993,4.358
OSM-97048819,Copernicus_DSM_COG_10_S44_00_E172_00_DEM,1,408,1.243,2.236
OSM-97048823,Copernicus_DSM_COG_10_S44_00_E172_00_DEM,1,609,0.613,1.06
OSM-97048929,Copernicus_DSM_COG_10_S44_00_E172_00_DEM,1,348,1.425,2.844
OSM-971485316,Copernicus_DSM_COG_10_S44_00_E172_00_DEM,1,375,1.059,2.185
OSM-971485321,Copernicus_DSM_COG_10_S44_00_E172_00_DEM,1,355,1.284,3.589
OSM-975852054,Copernicus_DSM_COG_10_S44_00_E172_00_DEM,1,588,0.912,1.647
OSM-976231783,Copernicus_DSM_COG_10_S44_00_E172_00_DEM,1,821,0.845,1.297
OSM-976231784,Copernicus_DSM_COG_10_S44_00_E172_00_DEM,1,870,0.621,1.066
OSM-976231798,Copernicus_DSM_COG_10_S44_00_E172_00_DEM,1,343,0.663,1.082
OSM-976231812,Copernicus_DSM_COG_10_S44_00_E172_00_DEM,1,510,0.875,1.792
OSM-976231819,Copernicus_DSM_COG_10_S44_00_E172_00_DEM,1,516,0.996,2.513
OSM-976586319,Copernicus_DSM_COG_10_S44_00_E172_00_DEM,1,2753,1.031,2.259
OSM-993522602,Copernicus_DSM_COG_10_S44_00_E172_00_DEM,1,529,4.599,10.324
OSM-99802077,Copernicus_DSM_COG_10_S44_00_E172_00_DEM,1,564,1.408,3.108
